State,District,Type,School,Email
Example,Vancouver Public Schools,Elementary,Anderson,team***@gmail.com
Example,Vancouver Public Schools,Elementary,Chinook,Pres***@chinookptsa.com
Example,Vancouver Public Schools,Elementary,Edgewood (formerly Harney),harn***@live.com
Example,Vancouver Public Schools,Elementary,Eisenhower,eise***@gmail.com
Example,Vancouver Public Schools,Elementary,Felida,feli***@gmail.com
Example,Vancouver Public Schools,Elementary,Fruit Valley,stac***@vansd.org
Example,Vancouver Public Schools,Elementary,Ginsburg (RBG),comu***@gmail.com
Example,Vancouver Public Schools,Elementary,Hazel Dell,carl***@vansd.org
Example,Vancouver Public Schools,Elementary,Hough,houg***@gmail.com
Example,Vancouver Public Schools,Elementary,King,goki***@gmail.com
Example,Vancouver Public Schools,Elementary,Lake Shore,24-2***@lakeshorepta.org
Example,Vancouver Public Schools,Elementary,Lincoln,Info***@LPSGVancouver.com
Example,Vancouver Public Schools,Elementary,Marshall,ptam***@gmail.com
Example,Vancouver Public Schools,Elementary,Minnehaha,Minn***@gmail.com
Example,Vancouver Public Schools,Elementary,Ogden,pete***@gmail.com
Example,Vancouver Public Schools,Elementary,Roosevelt,roos***@gmail.com
Example,Vancouver Public Schools,Elementary,Sacajawea,admi***@sacpta.com
Example,Vancouver Public Schools,Elementary,Salmon Creek,Pres***@salmoncreekpta.org
Example,Vancouver Public Schools,Elementary,Truman,trum***@gmail.com
Example,Vancouver Public Schools,Elementary,Vancouver Home Connection at Heights Campus (K–8),Lies***@gmail.com
Example,Vancouver Public Schools,Elementary,Walnut Grove,wgpt***@gmail.com
Example,Vancouver Public Schools,Elementary,Washington,wash***@gmail.com
Example,Vancouver Public Schools,Middle,iTech Preparatory (6–12),itec***@gmail.com
Example,Vancouver Public Schools,Middle,Jefferson,ptsa***@gmail.com
Example,Vancouver Public Schools,Middle,Vancouver School of Arts and Academics (6–12),vsaa***@gmail.com
Washington,Aberdeen School District,High School,Aberdeen High School,pfry***@northbeachschools.org
Washington,Aberdeen School District,High School,Aberdeen High School,bobc***@gmail.com
Washington,Aberdeen School District,Elementary School,A.J. West Elementary,ptoa***@gmail.com
Washington,Aberdeen School District,Elementary School,Central Park Elementary,cent***@gmail.com
Washington,Anacortes School District,Elementary School,Island View Elementary,pres***@islandviewpta.org
Washington,Anacortes School District,Elementary School,Mount Erie Elementary,mter***@gmail.com
Washington,Arlington School District,Elementary School,Eagle Creek Elementary School,pres***@gmail.com
Washington,Arlington School District,Elementary School,Kent Prairie Elementary School,trea***@gmail.com
Washington,Arlington School District,Elementary School,Pioneer Elementary,pion***@gmail.com
Washington,Arlington School District,Elementary School,Pioneer Elementary,volu***@pioneerpta.com
Washington,Arlington School District,Elementary School,Pioneer Elementary,volu***@pioneerpta.com
Washington,Arlington School District,Elementary School,Presidents Elementary,pres***@gmail.com
Washington,Arlington School District,High School,Arlington High School,pres***@ahsboosterclub.com
Washington,Arlington School District,High School,Arlington High School,athl***@ahsboosterclub.com
Washington,Arlington School District,High School,Arlington High School,trea***@ahsboosterclub.com
Washington,Auburn School District,High School,Auburn Riverside,arhs***@gmail.com
Washington,Auburn School District,High School,Auburn Mountainview,amhs***@gmail.com
Washington,Auburn School District,Elementary School,Bowman Creek Elementary School,boar***@bowmancreekpta.com
Washington,Auburn School District,Elementary School,Hazelwood Elementary School,haze***@gmail.com
Washington,Auburn School District,Elementary School,Lake View Elementary School,thel***@gmail.com
Washington,Auburn School District,Elementary School,Lake View Elementary School,lake***@gmail.com
Washington,Auburn School District,Elementary School,Lakeland Hills Elementary School,lake***@gmail.com
Washington,Auburn School District,Middle School,Olympic Middle School,OMSP***@outlook.com
Washington,Auburn School District,Elementary School,Pioneer Elementary,volu***@pioneerpta.com
Washington,Auburn School District,Elementary School,Washington Elementary School,wash***@gmail.com
Washington,Auburn School District,Elementary School,Washington Elementary School,wash***@gmail.com
Washington,Auburn School District,Elementary School,Willow Crest Elem.,will***@gmail.com
Washington,Bainbridge Island School District,High School,Bainbridge High School,bhs.***@bainbridgeptos.org
Washington,Bainbridge Island School District,Middle School,Woodward Middle School,wood***@gmail.com
Washington,Bainbridge Island School District,Elementary School,Blakely Elementary,blak***@gmail.com
Washington,Bainbridge Island School District,Elementary School,Ordway Elementary,ordw***@bainbridgeptos.org
Washington,Battle Ground School District,Primary schools,Captain Strong Primary,csp.***@gmail.com
Washington,Battle Ground School District,Primary schools,Daybreak Primary,dayb***@gmail.com
Washington,Battle Ground School District,Primary schools,Glenwood Heights Primary,Glen***@gmail.com 
Washington,Battle Ground School District,Primary schools,Maple Grove Primary,mgpr***@gmail.com
Washington,Battle Ground School District,Primary schools,Tukes Valley Primary,info***@tukesvalleypto.org
Washington,Battle Ground School District,Middle School,Chief Umtuch Middle,wolv***@gmail.com
Washington,Battle Ground School District,Middle School,Laurin Middle,laur***@gmail.com
Washington,Battle Ground School District,Middle School,Pleasant Valley Middle,pvep***@pvbears.org
Washington,Battle Ground School District,Middle School,Tukes Valley Middle,info***@tukesvalleypto.org
Washington,Battle Ground School District,High School,Battle Ground High School,comm***@battlegroundps.org
Washington,Battle Ground School District,K-12 School,River HomeLink,rive***@gmail.com
Washington,Bellevue School District,Elementary School,Ardmore,Ardm***@gmail.com
Washington,Bellevue School District,Elementary School,Bennett,WMCh***@bennettptsa.org
Washington,Bellevue School District,Elementary School,Cherry Crest,face***@cherrycrest-ptsa.org
Washington,Bellevue School District,Elementary School,Clyde Hill,info***@clydehillpta.org
Washington,Bellevue School District,Elementary School,Enatai,comm***@enataiptsa.org
Washington,Bellevue School District,Elementary School,Lake Hills,lake***@gmail.com
Washington,Bellevue School District,Elementary School,Medina,pres***@medinapta.org
Washington,Bellevue School District,Elementary School,Newport Heights,jbar***@gmail.com
Washington,Bellevue School District,Elementary School,Phantom Lake,phan***@gmail.com
Washington,Bellevue School District,Elementary School,Puesta del Sol,pres***@puestadelsolpta.org
Washington,Bellevue School District,Elementary School,Spiritridge*,webm***@spiritridge.org
Washington,Bellevue School District,Elementary School,Woodridge,comm***@woodridgeptsa.org
Washington,Bellevue School District,Middle School,Chinook,pres***@chinookptsa.org
Washington,Bellevue School District,Middle School,Highland,hms-***@live.com
Washington,Bellevue School District,Middle School,Odle,boar***@odleptsa.org
Washington,Bellevue School District,Middle School,Tillicum,pres***@tillicumpta.org
Washington,Bellevue School District,Middle School,Tyee,tyee***@tyeeptsa.org
Washington,Bellevue School District,High School,Interlake,comm***@interlakeptsa.org
Washington,Bellevue School District,High School,Sammamish,pres***@sammamishptsa.org 
Washington,Bellevue School District,Virtual,Bellevue Digital Discovery,digi***@gmail.com
Washington,Bellingham School District,Elementary School,Alderwood Elementary School,pta.***@gmail.com
Washington,Bellingham School District,Elementary School,Birchwood Elementary School,pto.***@gmail.com
Washington,Bellingham School District,Elementary School,Carl Cozier Elementary School,jami***@bellinghamschools.org
Washington,Bellingham School District,Elementary School,Columbia Elementary School,colu***@gmail.com
Washington,Bellingham School District,Elementary School,Geneva Elementary School,gene***@gmail.com
Washington,Bellingham School District,Elementary School,Happy Valley Elementary School,info***@happyvalleypta.com
Washington,Bellingham School District,Elementary School,Lowell Elementary School,ever***@gmail.com
Washington,Bellingham School District,Elementary School,Northern Heights Elementary School,nort***@gmail.com
Washington,Bellingham School District,Elementary School,Parkview Elementary School,cont***@parkviewpto.org
Washington,Bellingham School District,Elementary School,Roosevelt Elementary School,pres***@roosevelt-pta.org
Washington,Bellingham School District,Elementary School,Silver Beach Elementary School,sbea***@gmail.com
Washington,Bellingham School District,Elementary School,Sunnyland Elementary School,hell***@sunnylandpta.org
Washington,Bellingham School District,Elementary School,Wade King Elementary School,sara***@wadekingpto.org
Washington,Bellingham School District,Middle School,Fairhaven Middle School,fair***@gmail.com
Washington,Bellingham School District,Middle School,Kulshan Middle School,kuls***@gmail.com
Washington,Bellingham School District,High School,Bellingham High School,hsba***@gmail.com
Washington,Bellingham School District,High School,Sehome High School,moni***@bellinghamschools.org
Washington,Bellingham School District,High School,Squalicum High School,stor***@gmail.com
Washington,Bethel School District,Elementary School,Clover Creek Elementary,clov***@gmail.com
Washington,Bethel School District,Elementary School (K-8),Elk Plain School of Choice K-8,epso***@gmail.com
Washington,Bethel School District,Elementary School,Frederickson Elementary,fept***@gmail.com
Washington,Bethel School District,Middle School,Frontier Middle School,clro***@bethelsd.org
Washington,Bethel School District,Elementary School,Graham Elementary,grah***@gmail.com
Washington,Bethel School District,High School,Graham-Kapowsin High School,info***@gkbandbooster.org
Washington,Bethel School District,Elementary School,Kapowsin Elementary,"Pres***@kapowsinpta.org, kapowsincougars@gmail.com"
Washington,Bethel School District,Elementary School,Pioneer Valley Elementary,pion***@gmail.com
Washington,Blaine School District,Middle School,Blaine Middle School,ptso***@gmail.com
Washington,Blaine School District,Elementary School,Blaine Elementary School,blai***@gmail.com
Washington,Blaine School District,Primary schools,Point Roberts Primary School,lpik***@blainesd.org
Washington,Bremerton School District,Elementary School,Armin Jahr Elementary,armi***@gmail.com
Washington,Bremerton School District,High School,Bremerton High School,brem***@gmail.com
Washington,Bremerton School District,Elementary School,Crownhill Elementary,crow***@gmail.com
Washington,Bremerton School District,Elementary School,Kitsap Lake Elementary,hell***@gmail.com
Washington,Bremerton School District,Middle School,Mountain View Middle School,mape***@gmail.com
Washington,Bremerton School District,Elementary School,Naval Avenue Elementary,nava***@gmail.com
Washington,Bremerton School District,Elementary School,View Ridge Elementary Arts Academy,View***@gmail.com
Washington,Bremerton School District,K-8 STEM School,West Hills STEM Academy,whst***@gmail.com
Washington,Bremerton School District,High School,Washington Youth Academy,tnee***@yahoo.com
Washington,Brewster School District,High School,Brewster High School,brew***@gmail.com
Washington,Brewster School District,Elementary School,C.V. Starr Intermediate School,cvsw***@gmail.com
Washington,Brewster School District,Elementary School,John F. Kennedy Elementary School,brew***@gmail.com
Washington,Burlington-Edison School District,Elementary School,Edison School,Mela***@camas.wednet.edu
Washington,Burlington-Edison School District,Elementary School,West View School,admi***@westviewpta.org
Washington,Camas School District,Elementary School,Dorothy Fox Elementary,ptad***@gmail.com
Washington,Camas School District,Elementary School,Lacamas Lake Elementary,laca***@gmail.com.
Washington,Camas School District,Elementary School,Prune Hill Elementary,prun***@gmail.com
Washington,Camas School District,Middle School,Liberty Middle School,libe***@gmail.com
Washington,Camas School District,High School,Camas High School,cama***@gmail.com
Washington,Camas School District,High School,Discovery High School,lear***@hotmail.com
Washington,Cascade School District,Elementary School,Alpine Lakes Elementary School,pdpt***@gmail.com
Washington,Cascade School District,High School,Cascade High School,casc***@gmail.com
Washington,Cashmere School District,Elementary School,Vale Elementary,cash***@gmail.com
Washington,Cashmere School District,Middle School,Cashmere Middle School,cash***@gmail.com
Washington,Castle Rock School District,Preschools,Castle Rock Preschool,crpt***@crschools.org
Washington,Castle Rock School District,Primary schools,Castle Rock Primary School,crep***@gmail.com
Washington,Castle Rock School District,Elementary School,Castle Rock Intermediate School,crpt***@crschools.org
Washington,Castle Rock School District,Middle School,Castle Rock Middle School,crms***@gmail.com
Washington,Centralia School District,Elementary School,Edison Elementary School,cbai***@centralia.wednet.edu
Washington,Central Kitsap School District,Elementary School,Brownsville Elementary School,pres***@brownsvilleptsa.org
Washington,Central Kitsap School District,Elementary School,Clear Creek Elementary School,ccpt***@gmail.com
Washington,Central Kitsap School District,Elementary School,Cottonwood Elementary School,cott***@gmail.com
Washington,Central Kitsap School District,Elementary School,Cougar Valley Elementary School,ptac***@gmail.com
Washington,Central Kitsap School District,Elementary School,Emerald Heights Elementary School,ckem***@gmail.com
Washington,Central Kitsap School District,Elementary School,Esquire Hills Elementary School,volu***@ckschools.org
Washington,Central Kitsap School District,Elementary School,Green Mountain Elementary School,ptag***@gmail.com
Washington,Central Kitsap School District,Elementary School,"John D. ""Bud"" Hawk Elementary at Jackson Park",JPof***@ckschools.org
Washington,Central Kitsap School District,Elementary School,Silverdale Elementary School,silv***@gmail.com
Washington,Central Kitsap School District,Elementary School,Silver Ridge Elementary School,silv***@gmail.com
Washington,Central Kitsap School District,Elementary School,Woodlands Elementary School,info***@gmail.com
Washington,Central Kitsap School District,High School,Central Kitsap High School,ckhs***@gmail.com
Washington,Central Kitsap School District,High School,Central Kitsap High School,terr***@ckschools.org
Washington,Central Kitsap School District,Middle School,Central Kitsap Middle School,ckms***@gmail.com
Washington,Central Kitsap School District,Middle School,Fairview Middle School,Fair***@gmail.com
Washington,Central Kitsap School District,High School,Klahowya Secondary School,kssp***@gmail.com
Washington,Central Kitsap School District,High School,Klahowya Secondary School,kssb***@gmail.com
Washington,Central Kitsap School District,High School,Olympic High School,ohsp***@gmail.com
Washington,Central Kitsap School District,Middle School,Ridgetop Middle School,ridg***@gmail.com
Washington,Central Valley School District,Elementary School,Adams Elementary,adam***@live.com
Washington,Central Valley School District,Elementary School,Broadway Elementary,pto.***@gmail.com
Washington,Central Valley School District,Elementary School,Chester Elementary,pres***@chesterespto.org
Washington,Central Valley School District,Elementary School,Greenacres Elementary,gree***@gmail.com
Washington,Central Valley School District,Elementary School,Liberty Creek Elementary K-2,libe***@gmail.com
Washington,Central Valley School District,Elementary School,Liberty Lake Elementary 3-5,lles***@gmail.com
Washington,Central Valley School District,Elementary School,McDonald Elementary,mcdo***@gmail.com
Washington,Central Valley School District,Elementary School,Opportunity Elementary,oppo***@gmail.com
Washington,Central Valley School District,Elementary School,Ponderosa Elementary,Cont***@Pondpto.com
Washington,Central Valley School District,Elementary School,Progress Elementary,prog***@gmail.com
Washington,Central Valley School District,Elementary School,Riverbend Elementary,rive***@gmail.com
Washington,Central Valley School District,Elementary School,South Pines Elementary,sout***@gmail.com
Washington,Central Valley School District,Elementary School,Sunrise Elementary,sunr***@gmail.com
Washington,Central Valley School District,Elementary School,University Elementary,uesp***@gmail.com
Washington,Central Valley School District,Middle School,Bowdish Middle School,"asch***@cvsd.org, bmsrocketsboosterclub@gmail.com"
Washington,Central Valley School District,Middle School,Evergreen Middle School,Jaym***@outlook.com
Washington,Central Valley School District,Middle School,Greenacres Middle School,brui***@gmail.com
Washington,Central Valley School District,Middle School,Horizon Middle School,hell***@horizonmspto.com
Washington,Central Valley School District,Middle School,Selkirk Middle School,selk***@gmail.com
Washington,Central Valley School District,High School,Central Valley High School,cvbb***@outlook.com
Washington,Central Valley School District,High School,Ridgeline High School,rhsf***@gmail.com
Washington,Central Valley School District,High School,University High School,UHig***@hotmail.com
Washington,Chehalis School District,Elementary School,James W. Lintott Elementary (Grades K-2),info***@chehalispto.org
Washington,Chehalis School District,Elementary School,Orin C. Smith Elementary (Grades 3-5),info***@chehalispto.org
Washington,Chehalis School District,Middle School,Chehalis Middle School (Grades 6-8),info***@chehalispto.org
Washington,Chehalis School District,Special Education,VISIONS Program,info***@chehalispto.org
Washington,Chehalis School District,High School,W F West High School (Grades 9-12),info***@chehalispto.org
Washington,Chehalis School District,Alternative High School,Turning PointLCAS,info***@chehalispto.org
Washington,Cheney School District,High School,Cheney High School,pres***@gmail.com
Washington,Cheney School District,High School,Cheney High School,vice***@gmail.com
Washington,Cheney School District,Elementary School,Salnave Elementary School,saln***@gmail.com
Washington,Cheney School District,Elementary School,Snowdon Elementary School,snow***@gmail.com
Washington,Cheney School District,Elementary School,Sunset Elementary School,suns***@gmail.com
Washington,Cheney School District,Middle School,Westwood Middle School,west***@gmail.com
Washington,Cheney School District,Elementary School,Windsor Elementary School,wind***@gmail.com
Washington,Chimacum School District,Elementary School School,Chimacum Creek Primary School,chim***@gmail.com
Washington,Cle Elum-Roslyn School District,Elementary School,Cle Elum-Roslyn Elementary,sahl***@cersd.org
Washington,Cle Elum-Roslyn School District,High School,Cle Elum-Roslyn High School,Boos***@gmail.com
Washington,Clover Park School District,Elementary School,Beachwood Elementary School,beac***@gmail.com
Washington,Clover Park School District,Elementary School,Carter Lake Elementary School,cart***@gmail.com
Washington,Clover Park School District,Elementary School,Evergreen Elementary School,Ever***@gmail.com
Washington,Clover Park School District,Elementary School,Four Heroes Elementary School,rmst***@cloverpark.k12.wa.us
Washington,Clover Park School District,Elementary School,Hillside Elementary School,thep***@gmail.com
Washington,Clover Park School District,Elementary School,Meriwether Elementary School,bhis***@cloverpark.k12.wa.us
Washington,Clover Park School District,Middle School,Thomas Middle School,Thom***@gmail.com
Washington,Colfax School District,Elementary School,Leonard M Jennings Elementary,colf***@gmail.com
Washington,Colfax School District,High School,Colfax JRSR High School,sara***@yahoo.com. 
Washington,College Place School District,High School,College Place High School,coll***@gmail.com
Washington,College Place School District,Middle School,John Sager Middle School,john***@gmail.com
Washington,College Place School District,Elementary School,Davis Elementary School,davi***@gmail.com
Washington,Columbia School District (Walla Walla),Middle School,Columbia Middle School,"shaw***@gmail.com, haley_wells@hotmail.com"
Washington,Concrete School District,Elementary School,Concrete Elementary School,conc***@gmail.com
Washington,Conway Consolidated School District,Elementary School School,Conway School,conw***@gmail.com
Washington,Coupeville School District,Elementary School,Coupeville Elementary,coup***@gmail.com  
Washington,Coupeville School District,Middle School,Coupeville Middle,coup***@gmail.com
Washington,Coupeville School District,High School,Coupeville High,coup***@gmail.com
Washington,Damman School District,Kindergarten through 5th,Damman School,Damm***@gmail.com
Washington,Davenport School District,Elementary School,Jefferson Elementary School,PSD.***@gmail.com
Washington,Dayton School District,Elementary School School,Dayton Grade School,pres***@ptso.dayton.k12.or.us
Washington,Dayton School District,High School,Dayton Junior High School,Dayt***@gmail.com
Washington,Dayton School District,High School,Dayton High Schoo,Dayt***@gmail.com
Washington,Deer Park School District,Elementary School,Deer Park Elementary,elem***@dpsdmail.org
Washington,Deer Park School District,Middle School,Deer Park Middle School,DPMS***@gmail.com
Washington,Dieringer School District,Elementary School,Dieringer Heights Elementary School,comm***@gmail.com
Washington,Dieringer School District,Elementary School,Dieringer Heights Elementary School,Pres***@gmail.com
Washington,Dieringer School District,Elementary School,Lake Tapps Elementary School,Pres***@gmail.com
Washington,Dieringer School District,Elementary School,Lake Tapps Elementary School,comm***@gmail.com
Washington,East Valley School District (Yakima),Elementary School,East Valley Elementary S,east***@gmail.com
Washington,East Valley School District (Yakima),Elementary School,Moxee Elementary School,moxe***@gmail.com
Washington,East Valley School District (Yakima),Elementary School,Terrace Heights Elementary School,"sire***@evsd90.org, krueger.kelsee@evsd90.org"
Washington,East Valley School District (Spokane),Elementary School,Otis Orchards Elementary,Otis***@gmail.com
Washington,East Valley School District (Spokane),Elementary School,Trentwood Elementary,tren***@yahoo.com
Washington,East Valley School District (Spokane),High School,East Valley High School,knig***@gmail.com
Washington,Eastmont School District,Elementary School,Cascade Elementary School,casc***@gmail.com
Washington,Eastmont School District,Elementary School,Clovis Point Elementary School,clov***@gmail.com
Washington,Eastmont School District,Elementary School,Grant Elementary School,gran***@gmail.com 
Washington,Eastmont School District,Elementary School,Lee Elementary School,leel***@gmail.com
Washington,Eastmont School District,Elementary School,Rock Island Elementary School,ptor***@gmail.com
Washington,Eastmont School District,High School,Sterling Jr. High School,ster***@gmail.com
Washington,Eatonville School District,Elementary School School,Columbia Crest A-STEM Academy,colu***@gmail.com
Washington,Eatonville School District,Elementary School,Eatonville Elementary School,eesb***@gmail.com
Washington,Edmonds School District,Elementary School,Beverly Elementary,ptav***@gmail.com
Washington,Edmonds School District,Elementary School,Brier Elementary,brie***@gmail.com
Washington,Edmonds School District,Elementary School,Cedar Valley Elementary,Ceda***@gmail.com
Washington,Edmonds School District,Elementary School,Cedar Way Elementary,boar***@cedarwaypto.org
Washington,Edmonds School District,Elementary School,Chase Lake Elementary,chas***@gmail.com
Washington,Edmonds School District,Elementary School,Edmonds Elementary,star***@gmail.com
Washington,Edmonds School District,Elementary School,Hazelwood Elementary,haze***@gmail.com
Washington,Edmonds School District,Elementary School,Hilltop Elementary,Cont***@HilltopPTSA.org
Washington,Edmonds School District,Elementary School,Lynndale Elementary,Lynn***@gmail.com
Washington,Edmonds School District,Elementary School,Lynnwood Elementary,lwep***@gmail.com
Washington,Edmonds School District,Elementary School,Martha Lake Elementary,vice***@marthalakepta.com
Washington,Edmonds School District,Elementary School,Mountlake Terrace Elementary,info***@mtepto.org
Washington,Edmonds School District,Elementary School,Oak Heights Elementary,oakh***@gmail.com
Washington,Edmonds School District,Elementary School,Seaview Elementary,seav***@gmail.com
Washington,Edmonds School District,Elementary School,Sherwood Elementary,sher***@gmail.com
Washington,Edmonds School District,Elementary School,Terrace Park Elementary,boar***@terraceparkpta.com
Washington,Edmonds School District,Elementary School,Westgate Elementary,west***@gmail.com
Washington,Edmonds School District,Middle School,Alderwood Middle,pres***@alderwoodmspta.org
Washington,Edmonds School District,Middle School,Brier Terrace Middle,btms***@gmail.com
Washington,Edmonds School District,Middle School,College Place Middle,Info***@cpmpso.site
Washington,Edmonds School District,Middle School,Meadowdale Middle,pare***@gmail.com
Washington,Edmonds School District,High School,Edmonds-Woodway High,ewpa***@gmail.com
Washington,Edmonds School District,High School,Edmonds-Woodway High,info***@edmondswoodwayabc.com
Washington,Edmonds School District,High School,Meadowdale High,mavs***@gmail.com
Washington,Edmonds School District,High School,Mountlake Terrace High,mths***@gmail.com
Washington,Edmonds School District,High School,Edmonds Heights K-12,info***@ehk12ptso.org
Washington,Ellensburg School District,High School,Ellensburg High School,meli***@esd401.org
Washington,Ellensburg School District,Middle School,Morgan Middle School,morg***@gmail.com
Washington,Ellensburg School District,Elementary School,Lincoln Elementary,linc***@gmail.com
Washington,Ellensburg School District,Elementary School,Mount Stuart Elementary,mtst***@gmail.com
Washington,Ellensburg School District,Elementary School,Valley View Elementary,vvbo***@gmail.com
Washington,Elma School District,Elementary School,Elementary School,elma***@eagles.edu
Washington,Elma School District,Middle School,Middle School,elma***@eagles.edu
Washington,Endicott School District,Elementary School,Endicott Elementary,dean***@mcgregor.com
Washington,Endicott School District,Elementary School,St. John Elementary ,ptos***@gmail.com
Washington,Entiat School District,High School,Entiat High School,enti***@live.com
Washington,Entiat School District,Elementary School,Paul Rumburg Elementary School ,ptoe***@gmail.com
Washington,Enumclaw School District,Elementary School,Sunrise Elementary,ptso***@gmail.com
Washington,Enumclaw School District,Elementary School,Black Diamond Elementary,blac***@gmail.com
Washington,Enumclaw School District,Elementary School,Byron Kibler Elementary,kibl***@outlook.com
Washington,Enumclaw School District,Elementary School,Southwood Elementary,Sout***@gmail.com
Washington,Enumclaw School District,Elementary School,Westwood Elementary,boar***@westwood-pto.org
Washington,Enumclaw School District,Middle School,Enumclaw Middle School,ptso***@gmail.com
Washington,Enumclaw School District,Middle School,Thunder Mountain Middle School,TMMS***@gmail.com
Washington,Enumclaw School District,High School,Enumclaw High School,info***@enumclawschoolsfoundation.org
Washington,Ephrata School District,High School,Ephrata High School,cell***@ephrataschools.org
Washington,Ephrata School District,Middle School,Parkway Intermediate School,park***@gmail.com
Washington,Ephrata School District,Elementary School,Grant Elementary School,Pto-***@ephrataschools.org
Washington,Evaline School District,Elementary School School,Evaline School ,eval***@gmail.com 
Washington,Everett School District,Elementary School,Cedar Wood Elementary,comm***@everettsd.org
Washington,Everett School District,Elementary School,Emerson Elementary,ptae***@gmail.com
Washington,Everett School District,Elementary School,Hawthorne Elementary,hawt***@outlook.com
Washington,Everett School District,Elementary School,Jackson Elementary,jack***@gmail.com 
Washington,Everett School District,Elementary School,Jefferson Elementary,boar***@jeffersonpta.org
Washington,Everett School District,Elementary School,Madison Elementary,Madi***@gmail.com
Washington,Everett School District,Elementary School,Mill Creek Elementary,pres***@mcepta.org
Washington,Everett School District,Elementary School,Monroe Elementary,monr***@gmail.com
Washington,Everett School District,Elementary School,Penny Creek Elementary,penn***@yahoo.com
Washington,Everett School District,Elementary School,Silver Firs Elementary,ques***@silverfirspta.org
Washington,Everett School District,Elementary School,Tambark Creek Elementary,pres***@tambarkcreekptsa.org
Washington,Everett School District,Elementary School,Whittier Elementary,ptaw***@gmail.com
Washington,Everett School District,Elementary School,Woodside Elementary,info***@woodsidepta.com
Washington,Everett School District,Middle School,Evergreen Middle,ever***@gmail.com
Washington,Everett School District,Middle School,Gateway Middle,pres***@gatewayptsa.org
Washington,Everett School District,Middle School,North Middle, nor***@gmail.com
Washington,Everett School District,High School,Cascade High,chs.***@gmail.com
Washington,Everett School District,High School,Everett High,EHSP***@myyahoo.com
Washington,Everett School District,High School,Henry M. Jackson High,jhsp***@gmail.com
Washington,Everett School District,High School,Sequoia High,port***@gmail.com
Washington,Evergreen School District (Clark),Elementary School Schools,Burnt Bridge Creek,bbcp***@gmail.com
Washington,Evergreen School District (Clark),Elementary School Schools,Columbia Valley,info***@columbiavalleyptg.com
Washington,Evergreen School District (Clark),Elementary School Schools,Crestline,cres***@gmail.com
Washington,Evergreen School District (Clark),Elementary School Schools,Endeavour,Ende***@gmail.com
Washington,Evergreen School District (Clark),Elementary School Schools,Fircrest,firc***@gmail.com
Washington,Evergreen School District (Clark),Elementary School Schools,Illahee,illa***@gmail.com
Washington,Evergreen School District (Clark),Elementary School Schools,Image,Imag***@gmail.com
Washington,Evergreen School District (Clark),Elementary School Schools,Marrion,marr***@gmail.com
Washington,Evergreen School District (Clark),Elementary School Schools,Mill Plain,mill***@gmail.com
Washington,Evergreen School District (Clark),Elementary School Schools,Pioneer,pion***@gmail.com
Washington,Evergreen School District (Clark),Elementary School Schools,Sifton,Sift***@gmail.com
Washington,Evergreen School District (Clark),Specialty Schools,York,ptay***@gmail.com
Washington,Evergreen School District (Clark),High School,Henrietta Lacks Health & Bioscience High School,hela***@gmail.com
Washington,Evergreen School District (Clark),Middle School,Frontier,pare***@gmail.com
Washington,Evergreen School District (Clark),Middle School,Pacific,paci***@gmail.com
Washington,Evergreen School District (Clark),Middle School,Shahala,shah***@gmail.com
Washington,Evergreen School District (Clark),Middle School,Wy'east,wyea***@gmail.com
Washington,Federal Way School District,Elementary School,Enterprise Elementary,ptae***@gmail.com
Washington,Federal Way School District,Elementary School,Green Gables Elementary,pres***@greengablespta.org
Washington,Federal Way School District,Elementary School,Lake Dolloff Elementary,cont***@lakedolloffpta.org
Washington,Federal Way School District,Elementary School,Lake Grove Elementary,tige***@gmail.com
Washington,Federal Way School District,Elementary School,Lakeland Elementary,Ptal***@yahoo.com
Washington,Federal Way School District,Elementary School,Silver Lake Elementary,slep***@gmail.com
Washington,Federal Way School District,Elementary School,Sunnycrest Elementary,vmun***@fwps.org
Washington,Federal Way School District,K-8 SCHOOLS,Olympic View K-8,rpen***@fwps.org
Washington,Federal Way School District,Middle School,Lakota Middle School,lako***@gmail.com
Washington,Federal Way School District,High School,Decatur High School,dhsg***@gmail.com
Washington,Federal Way School District,High School,Federal Way Public Academy,fwpa***@gmail.com
Washington,Ferndale School District,Elementary School,Beach Elementary,stee***@hotmail.com
Washington,Ferndale School District,Elementary School,Central Elementary,cent***@gmail.com
Washington,Ferndale School District,Elementary School,Eagleridge Elementary,pres***@eagleridgepto.org
Washington,Ferndale School District,High School,Ferndale Family Partnership,casc***@gmail.com
Washington,Ferndale School District,Middle School,Horizon Middle School,hori***@gmail.com
Washington,Ferndale School District,Middle School,Vista Middle School,jenn***@grahame-online.com
Washington,Fife Public Schools,High School,Fife High School,fife***@gmail.com
Washington,Fife Public Schools,High School,Columbia Junior High,CJHb***@gmail.com
Washington,Fife Public Schools,Elementary School,Fife Elementary School,fife***@gmail.com
Washington,Fife Public Schools,Elementary School School,Discovery Primary School,disc***@gmail.com
Washington,Franklin Pierce School District,Elementary School,Brookdale Elementary School,broo***@gmail.com
Washington,Franklin Pierce School District,Elementary School,Central Avenue Elementary School,Cent***@gmail.com      
Washington,Franklin Pierce School District,Elementary School,Christensen Elementary School,ptac***@gmail.com
Washington,Franklin Pierce School District,Elementary School,Collins Elementary School,Coll***@gmail.com           
Washington,Franklin Pierce School District,Elementary School,Elmhurst Elementary School,maja***@gmail.com
Washington,Franklin Pierce School District,Elementary School,Midland Elementary School,Midl***@gmail.com
Washington,Franklin Pierce School District,High School,Franklin Pierce High School,autu***@yahoo.com
Washington,Freeman School District,Elementary School,Freeman Elementary School,free***@gmail.com
Washington,Freeman School District,Middle School,Freeman Middle School,free***@gmail.com
Washington,Freeman School District,High School,Freeman High School,free***@gmail.com
Washington,Garfield School District,Middle School,Gar-Pal Middle School,shal***@garpal.net
Washington,Garfield School District,Elementary School,Palouse Elementary,palo***@gmail.com
Washington,Grand Coulee Dam School District,Elementary School,Lake Roosevelt Elementary,coul***@yahoo.com
Washington,Grand Coulee Dam School District,High School,Lake Roosevelt Jr  Sr High,coul***@yahoo.com
Washington,Grandview School District,High School,Grandview High School,gran***@gmail.com
Washington,Granger School District,Middle School,Granger Middle School,mont***@gsd.wednet.edu
Washington,Grapeview School District,,Grapeview School,grap***@gmail.com
Washington,Great Northern School District,Elementary School,Great Northern Elementary,jfra***@gnsd.k12.wa.us
Washington,Green Mountain School District,Elementary School,"Green Mountain Elementary School
",gree***@gmail.com
Washington,Griffin School District,K12 School,Griffin School,pto@***@griffinschool.us
Washington,Highline School District,Elementary School Schools,Beverly Park,beve***@yahoo.com.
Washington,Highline School District,Elementary School Schools,Bow Lake,heat***@bowlakepto.org
Washington,Highline School District,Elementary School Schools,Cedarhurst,ceda***@gmail.com
Washington,Highline School District,Elementary School Schools,Des Moines,Mind***@gmail.com
Washington,Highline School District,Elementary School Schools,Gregory Heights,vice***@gregoryheightsptsa.org
Washington,Highline School District,Elementary School Schools,Hazel Valley,ptah***@gmail.com
Washington,Highline School District,Elementary School Schools,Madrona,madr***@gmail.com
Washington,Highline School District,Elementary School Schools,Marvista,pres***@marvistaptsa.org
Washington,Highline School District,Elementary School Schools,Midway,lyon***@highlineschools.org
Washington,Highline School District,Elementary School Schools,Mount View,boar***@mountviewpta.org
Washington,Highline School District,Elementary School Schools,North Hill,nhep***@gmail.com
Washington,Highline School District,Elementary School Schools,Seahurst,pres***@seahurstpta.org
Washington,Highline School District,Elementary School Schools,Shorewood,ptas***@gmail.com
Washington,Highline School District,Elementary School Schools,White Center Heights,wchp***@gmail.com
Washington,Highline School District,Middle School,Pacific,jens***@yahoo.com
Washington,Highline School District,Middle School,Sylvester,sylv***@gmail.com
Washington,Highline School District,Middle School,Highline,boos***@gmail.com
Washington,Highline School District,Middle School,Mount Rainier,mrhs***@gmail.com
Washington,Highline School District,High School,Maritime High School,mari***@gmail.com
Washington,Highline School District,High School,Raisbeck Aviation High School,comm***@gmail.com. 
Washington,Hockinson School District,Elementary School,Hockinson Heights Elementary School,pres***@hockinsonpwt.org
Washington,Hockinson School District,Elementary School,Hockinson Heights Elementary School,Hock***@gmail.com
Washington,Hockinson School District,Middle School,Hockinson Middle School,pres***@hockinsonpwt.org
Washington,Hockinson School District,Middle School,Hockinson Middle School,Hock***@gmail.com
Washington,Hood Canal School District, Pre,Hood Canal School,orca***@hoodcanalschool.org
Washington,Hoquiam School District,Middle School,Hoquiam Middle School,tash***@gmail.com
Washington,Hoquiam School District,Elementary School,Lincoln Elementary,hoqu***@gmail.com
Washington,Issaquah School District,Elementary School,Apollo, MIA***@apollopta.org
Washington,Issaquah School District,Elementary School,Briarwood,pria***@gmail.com
Washington,Issaquah School District,Elementary School,Cascade Ridge,ptsa***@cascaderidgeptsa.org
Washington,Issaquah School District,Elementary School,Cedar Trails,ceda***@gmail.com
Washington,Issaquah School District,Elementary School,Challenger,chal***@gmail.com
Washington,Issaquah School District,Elementary School,Clark,info***@clarkpta.org
Washington,Issaquah School District,Elementary School,Cougar Ridge,wend***@gmail.com
Washington,Issaquah School District,Elementary School,Creekside,cree***@gmail.com
Washington,Issaquah School District,Elementary School,Discovery,askd***@gmail.com
Washington,Issaquah School District,Elementary School,Endeavour, dei***@issaquahptsa.org
Washington,Issaquah School District,Elementary School,Grand Ridge,grpt***@gmail.com
Washington,Issaquah School District,Elementary School,Issaquah Valley,coug***@ivepta.org
Washington,Issaquah School District,Elementary School,Maple Hills,reas***@maplehillspta.com
Washington,Issaquah School District,Elementary School,Newcastle,newc***@gmail.com
Washington,Issaquah School District,Elementary School,Sunny Hills,comm***@sunnyhillspta.org
Washington,Issaquah School District,Elementary School,Sunset,suns***@gmail.com
Washington,Issaquah School District,Middle School,Beaver Lake,comm***@beaverlakeptsa.org
Washington,Issaquah School District,Middle School,Cougar Mountain,prog***@cougarmountainptsa.org
Washington,Issaquah School District,Middle School,Issaquah Middle,comm***@issaquahmiddleptsa.org
Washington,Issaquah School District,Middle School,Maywood,pres***@maywoodptsa.org
Washington,Issaquah School District,Middle School,Pacific Cascade,paci***@gmail.com
Washington,Issaquah School District,Middle School,Pine Lake,pine***@live.com
Washington,Issaquah School District,Middle School,Gibson Ek,pres***@gibsonekptsa.org
Washington,Issaquah School District,Middle School,Issaquah High,issa***@gmail.com
Washington,Issaquah School District,Middle School,Liberty,libe***@gmail.com
Washington,Issaquah School District,Middle School,Skyline,pres***@skylineptsa.org
Washington,Kahlotus School District,High School,Kahlotus High School ,kahl***@yahoo.com
Washington,Kalama School District,Elementary School,Kalama Elementary School,kala***@gmail.com
Washington,Kelso School District,Elementary School,BUTLER ACRES ELEMENTARY SCHOOL,shai***@gmail.com
Washington,Kelso School District,Elementary School,CARROLLS ELEMENTARY SCHOOL,carr***@gmail.com
Washington,Kelso School District,Elementary School,LEXINGTON ELEMENTARY SCHOOL,lexe***@gmail.com
Washington,Kelso School District,High School,KELSO HIGH SCHOOL,erin***@kelsosd.org
Washington,Kennewick School District,High School,Kamiakin High School,pres***@kamiakpto.com
Washington,Kennewick School District,High School,Southridge High School,cnix***@gmail.com
Washington,Kennewick School District,Middle School,Chinook Middle School,chin***@gmail.com
Washington,Kennewick School District,Middle School,Desert Hills Middle School,jhei***@hotmail.com
Washington,Kennewick School District,Middle School,Desert Hills Middle School,kplc***@gmail.com
Washington,Kennewick School District,Middle School,Desert Hills Middle School,shae***@hotmail.com
Washington,Kennewick School District,Middle School,Highlands Middle School,wend***@msn.com
Washington,Kennewick School District,Middle School,Horse Heaven Hills Middle School,jere***@ksd.org
Washington,Kennewick School District,Elementary School,Amistad Elementary School,amy@***@muellersfuneralhomes.com
Washington,Kennewick School District,Elementary School,Amistad Elementary School,anje***@gmail.com
Washington,Kennewick School District,Elementary School,Amon Creek Elementary School,amon***@yahoo.com
Washington,Kennewick School District,Elementary School,Canyon View Elementary School,cany***@gmail.com
Washington,Kennewick School District,Elementary School,Cascade Elementary School,casc***@yahoo.com
Washington,Kennewick School District,Elementary School,Cottonwood Elementary School,cott***@gmail.com
Washington,Kennewick School District,Elementary School,Fuerza Elementary School,angi***@gmail.com
Washington,Kennewick School District,Elementary School,Hawthorne Elementary School,whit***@yahoo.com
Washington,Kennewick School District,Elementary School,Hawthorne Elementary School,domi***@gmail.com
Washington,Kennewick School District,Elementary School,Lincoln Elementary School,leap***@gmail.com
Washington,Kennewick School District,Elementary School,Ridge View Elementary School,ridg***@gmail.com
Washington,Kennewick School District,Elementary School,Sage Crest Elementary School,sage***@gmail.com
Washington,Kennewick School District,Elementary School,Southgate Elementary School,sout***@gmail.com
Washington,Kennewick School District,Elementary School,Sunset View Elementary School,jenn***@ksd.org
Washington,Kennewick School District,Elementary School,Vista Elementary School,vist***@gmail.com
Washington,Kennewick School District,Elementary School,Washington Elementary School,ptow***@gmail.com
Washington,Kennewick School District,,Mid-Columbia Partnership,help***@gmail.com
Washington,Kent School District,Elementary School,Carriage Crest Elementary,info***@carriagecrestptsa.com
Washington,Kent School District,Elementary School,Cedar Valley Elementary,ceda***@gmail.com
Washington,Kent School District,Elementary School,Covington Elementary,hell***@covpta.org
Washington,Kent School District,Elementary School,Crestwood Elementary,cwpt***@crestwoodpta.org
Washington,Kent School District,Elementary School,East Hill Elementary,EHPT***@outlook.com
Washington,Kent School District,Elementary School,Emerald Park Elementary,info***@emeraldparkptsa.org.
Washington,Kent School District,Elementary School,Fairwood Elementary,pres***@fairwoodptsa.org
Washington,Kent School District,Elementary School,Glenridge Elementary,glen***@gmail.com
Washington,Kent School District,Elementary School,Grass Lake Elementary,pres***@gatorspta.org
Washington,Kent School District,Elementary School,Horizon Elementary,hori***@outlook.com
Washington,Kent School District,Elementary School,Lake Youngs Elementary,Exec***@LakeYoungsPTSA.org
Washington,Kent School District,Elementary School,Martin Sortun Elementary,info***@martinsortunpta.org
Washington,Kent School District,Elementary School,Meridian Elementary,jaco***@gmail.com
Washington,Kent School District,Elementary School,Millennium Elementary,mill***@gmail.com
Washington,Kent School District,Elementary School,Park Orchard Elementary,erik***@gmail.com
Washington,Kent School District,Elementary School,Panther Lake Elementary,ptop***@gmail.com
Washington,Kent School District,Elementary School,Pine Tree Elementary,alej***@hotmail.com
Washington,Kent School District,Elementary School,Ridgewood Elementary,pres***@rwpta.org
Washington,Kent School District,Elementary School,Sawyer Woods Elementary,swpt***@gmail.com
Washington,Kent School District,Elementary School,Soos Creek Elementary,"soos***@gmail.com
"
Washington,Kent School District,Elementary School,Sunrise Elementary,soci***@sunrise-pta.org
Washington,Kent School District,Middle School,Mattson Middle School,matt***@gmail.com
Washington,Kent School District,Middle School,Meridian Middle School,meri***@gmail.com
Washington,Kent School District,Middle School,Northwood Middle School,nort***@live.com
Washington,Kent School District,High School,Kentlake High School,kent***@gmail.com
Washington,Kent School District,High School,Kentridge High School,krpt***@live.com
Washington,Kent School District,High School,Kentwood High School,pres***@kentwoodcommunityptsa.org
Washington,Kittitas School District,Elementary School,Kittitas Elementary School,kesp***@ksd403.org
Washington,La Center School District,Elementary School,La Center Elementary School,bobc***@gmail.com 
Washington,La Center School District,Middle School,La Center Middle School,lace***@gmail.com
Washington,La Center School District,High School,La Center High School,lace***@gmail.com
Washington,LaConner School District,High School,La Conner High School ,laco***@gmail.com
Washington,LaConner School District,Elementary School,La Conner Elementary,laco***@gmail.com
Washington,LaCrosse School District,Elementary School,Lacrosse Elementary School,laco***@gmail.com
Washington,LaCrosse School District,High School,LaCrosse High School ,laco***@gmail.com
Washington,Lake Chelan School District,Elementary School,Morgen Owings Elementary School,ptoi***@chelanschools.org
Washington,Lake Stevens School District,Elementary School,Glenwood Elementary School,boar***@glenwoodelementarypta.org
Washington,Lake Stevens School District,Elementary School,Hillcrest Elementary School,lead***@hillcresthawkspta.org
Washington,Lake Stevens School District,High School,Lake Stevens High School,jaso***@lkstevens.wednet.edu
Washington,Lake Stevens School District,Middle School,Lake Stevens Middle School,lake***@gmail.com
Washington,Lake Stevens School District,Elementary School,Mt. Pilchuck Elementary School,mtpi***@lkstevens.wednet.edu
Washington,Lake Stevens School District,Middle School,North Lake Middle School,nort***@gmail.com
Washington,Lake Stevens School District,Elementary School,Stevens Creek Elementary School,stev***@gmail.com
Washington,Lake Stevens School District,Elementary School,Sunnycrest Elementary School,lssu***@gmail.com
Washington,Lake Washington School District,Elementary School,Alcott Elementary,spel***@AlcottPTSA.org
Washington,Lake Washington School District,Elementary School,Audubon Elementary,info***@audubonptsa.org
Washington,Lake Washington School District,Elementary School,Bell Elementary,pres***@agbellptsa.org
Washington,Lake Washington School District,Elementary School,Blackwell Elementary,pres***@blackwellptsa.org
Washington,Lake Washington School District,Elementary School,Carson Elementary,comm***@carsonptsa.org
Washington,Lake Washington School District,Elementary School,Einstein Elementary, spe***@einsteinptsa.org
Washington,Lake Washington School District,Elementary School,Ella Baker Elementary,comm***@ellabakerptsa.org
Washington,Lake Washington School District,Elementary School,Franklin Elementary,comm***@mybenfranklinpta.org
Washington,Lake Washington School District,Elementary School,Frost Elementary,fros***@gmail.com
Washington,Lake Washington School District,Elementary School,Juanita Elementary,Info***@JuanitaElPTA.com
Washington,Lake Washington School District,Elementary School,Keller Elementary,pres***@helenkellerpta.org
Washington,Lake Washington School District,Elementary School,Kirk Elementary,pres***@peterkirkptsa.org
Washington,Lake Washington School District,Elementary School,Lakeview Elementary,volu***@LakeviewPTSA.org
Washington,Lake Washington School District,Elementary School,Mann Elementary,boar***@mannptsa.org
Washington,Lake Washington School District,Elementary School,McAuliffe Elementary,webs***@mcauliffeptsa.org
Washington,Lake Washington School District,Elementary School,Mead Elementary,comm***@meadptsa.org
Washington,Lake Washington School District,Elementary School,Redmond Elementary,welc***@redmondelptsa.org
Washington,Lake Washington School District,Elementary School,Rockwell Elementary,comm***@normanrockwellpta.org
Washington,Lake Washington School District,Elementary School,Rosa Parks Elementary,info***@rosaparksptsa.org
Washington,Lake Washington School District,Elementary School,Rose Hill Elementary,"rose***@outlook.com
"
Washington,Lake Washington School District,Elementary School,Sandburg Elementary,info***@sandburgdcsptsa.org
Washington,Lake Washington School District,Elementary School,Smith Elementary,face***@smithptsa.org
Washington,Lake Washington School District,Elementary School,Thoreau Elementary,thor***@gmail.com
Washington,Lake Washington School District,Elementary School,Twain Elementary,hell***@twainptsa.org
Washington,Lake Washington School District,Elementary School,Wilder Elementary,"pres***@wilderptsa.net
"
Washington,Lake Washington School District,Middle School,Evergreen Middle School,"comm***@evergreenptsa.org
"
Washington,Lake Washington School District,Middle School,Finn Hill Middle School,comm***@fhmsptsa.org
Washington,Lake Washington School District,Middle School,Inglewood Middle School,"comm***@inglewoodptsa.org
"
Washington,Lake Washington School District,Middle School,Kamiakin Middle School,pres***@kamspta.org
Washington,Lake Washington School District,Middle School,Kirkland Middle School,"comm***@kirklandptsa.org
"
Washington,Lake Washington School District,Middle School,Redmond Middle School,"info***@rmsptsa.org
"
Washington,Lake Washington School District,Middle School,Renaissance School of Art & Reasoning,pres***@rsarptsa.org
Washington,Lake Washington School District,Middle School,Timberline Middle School,info***@timberlineptsa.org
Washington,Lake Washington School District,High School,Eastlake High School,"comm***@ehsptsa.org
"
Washington,Lake Washington School District,High School,Lake Washington High School,pres***@lwhsptsa.org
Washington,Lake Washington School District,High School,Redmond High School,pres***@redmondhsptsa.org
Washington,Lake Washington School District,High School,Tesla STEM High School, pre***@teslastemptsa.org
Washington,Lakewood School District,Elementary School,Cougar Creek Elementary,coug***@gmail.com
Washington,Lakewood School District,Elementary School,English Crossing Elementary,pta@***@englishcrossingpta.org
Washington,Lakewood School District,Elementary School,Lakewood Elementary,lake***@gmail.com
Washington,Lakewood School District,Middle School,Lakewood Middle School,lake***@gmail.com
Washington,Lakewood School District,High School,Lakewood High School,lake***@gmail.com
Washington,Lamont School District,Middle School, Lamont Middle School,pto@***@spraguelamont.org
Washington,Liberty School District,Elementary School,Liberty ElementaryJunior High,juni***@libertysd.us
Washington,Liberty School District,High School,Liberty High School,libe***@libertysd.us
Washington,Lind-Ritzville School District,Elementary School,Ritzville Grade School,lind***@gmail.com
Washington,Lind-Ritzville School District,Middle School,Lind-Ritzville Middle School,Tdoy***@lrschools.org
Washington,Lind-Ritzville School District,High School,Lind-Ritzville High School,lrsb***@hotmail.com
Washington,Longview Public Schools,Middle School,Cascade Middle School,casc***@gmail.com
Washington,Longview Public Schools,Elementary School,Columbia Valley Garden Elementary School,cvgp***@gmail.com
Washington,Longview Public Schools,Elementary School,Kessler Elementary School,kess***@gmail.com
Washington,Longview Public Schools,Elementary School,Mint Valley Elementary School,mvem***@gmail.com
Washington,Longview Public Schools,Middle School,Monticello Middle School,heat***@hotmail.com
Washington,Longview Public Schools,Middle School,Mount Solo Middle School,mtso***@gmail.com
Washington,Longview Public Schools,Elementary School,Northlake Elementary School,lisa***@gmail.com
Washington,Longview Public Schools,High School,R.A. Long,ralb***@yahoo.com
Washington,Longview Public Schools,Elementary School,St. Helens Elementary School ,ptos***@hotmail.com
Washington,Lopez School District,,Lopez Island,lope***@gmail.com
Washington,Lynden School District,Elementary School,Fisher Elementary School,fish***@gmail.com
Washington,Mary M Knight School District,, Mary M. Knight School,pto@***@mmk.wednet.edu
Washington,Mary Walker School District,High School,Mary Walker High School,mwss***@gmail.com
Washington,Marysville School District,Elementary School,Kellogg Marsh Elementary,kmep***@gmail.com
Washington,Marysville School District,Elementary School,Pinewood Elementary,pine***@gmail.com
Washington,Marysville School District,Elementary School,Quil Ceda Tulalip Elementary,qctp***@gmail.com
Washington,Marysville School District,High School,Marysville Getchell High School,mghs***@gmail.com
Washington,McCleary School District,Elementary School, McCleary Elementary School,mwil***@gmail.com
Washington,Mead School District,Elementary School,Brentwood Elementary,bren***@mead354.org
Washington,Mead School District,Elementary School,Colbert Elementary School,"colb***@mead354.org
"
Washington,Mead School District,Elementary School,Creekside Elementary School,elis***@mead354.org
Washington,Mead School District,Elementary School,Evergreen Elementary School,ever***@mead354.org
Washington,Mead School District,Elementary School,Farwell Elementary School,farw***@mead354.org kelicia12@yahoo.com
Washington,Mead School District,Elementary School,Meadow Ridge Elementary School,mead***@mead354.org
Washington,Mead School District,Elementary School,Midway Elementary School,midw***@mead354.org
Washington,Mead School District,Elementary School,Prairie View Elementary School,pvha***@gmail.com
Washington,Mead School District,Elementary School,Shiloh Hills Elementary School,mela***@gmail.com
Washington,Mead School District,Elementary School,Skyline Elementary School,skyl***@gmail.com
Washington,Mead School District,Middle School,Highland Middle School,high***@gmail.com
Washington,Mead School District,Middle School,Mountainside Middle School,nvar***@gmail.com
Washington,Mead School District,Middle School,Northwood Middle School,"patt***@mead354.org, brittany.page@mead354.org"
Washington,Mead School District,High School,Mead High School,mhsb***@mead354.org
Washington,Mead School District,High School,Mt. Spokane High School,go.m***@gmail.com
Washington,Mead School District,Alternative,North Star School,mlo.***@mead354.org
Washington,Mead School District,,Five Mile Prairie (K-5),mlo.***@mead354.org
Washington,Mead School District,,Five Mile Prairie (6-12),mlo.***@mead354.org
Washington,Mead School District,Virtual,Mead Virtual Program (6-12),mlo.***@mead354.org
Washington,Medical Lake School District,High School,Medical Lake High School,mlhi***@gmail.com
Washington,Mercer Island School District,Middle School,Islander Middle School,"comm***@imsptsa.org
"
Washington,Mercer Island School District,Elementary School,Island Park Elementary School,comm***@islandparkpta.org
Washington,Mercer Island School District,Elementary School,Lakeridge Elementary School,Lake***@LakeridgePTA.org
Washington,Mercer Island School District,Elementary School,Northwood Elementary School,pres***@northwoodowlspta.org
Washington,Mercer Island School District,Elementary School,West Mercer Elementary School,pres***@miptacouncil.org
Washington,Meridian School District,Elementary School,Irene Reither Elementary School,irem***@gmail.com
Washington,Methow Valley School District,,Liberty Bell,lbhs***@gmail.com
Washington,Mill A School District,,Mill A School,mill***@gmail.com
Washington,Mill A School District,,PCIA,pcia***@gmail.com
Washington,Monroe School District,Elementary School,Chain Lake Elementary,chai***@gmail.com
Washington,Monroe School District,Elementary School,Frank Wagner Elementary,fwep***@gmail.com
Washington,Monroe School District,Elementary School,Fryelands Elementary,frye***@gmail.com
Washington,Monroe School District,Middle School,Hidden River Middle School,hrms***@gmail.com
Washington,Monroe School District,Elementary School,Maltby Elementary,malt***@gmail.com
Washington,Monroe School District,Elementary School,Salem Woods Elementary,sale***@gmail.com
Washington,Monroe School District,Other,Sky Valley Education Center,skyv***@gmail.com
Washington,Montesano School District,High School,Montesano Jr. Sr. High School,"mont***@gmail.com
"
Washington,Moses Lake School District,Elementary Schools,Lakeview Terrace ES,lake***@gmail.com
Washington,Moses Lake School District,Elementary Schools,Larson Heights ES,dsan***@mlsd161.org
Washington,Moses Lake School District,Elementary Schools,Park Orchard ES,Park***@mlsd161.org
Washington,Moses Lake School District,Elementary Schools,Peninsula ES,peni***@gmail.com
Washington,Moses Lake School District,Elementary Schools,Sage Point ES,pto.***@gmail.com
Washington,Mossyrock School District,Elementary School,Mossyrock Elementary,moss***@gmail.com
Washington,Mossyrock School District,High School,Mossyrock JuniorSenior High School,moss***@gmail.com
Washington,Mossyrock School District,High School,Mossyrock Senior High School,moss***@gmail.com
Washington,Mount Baker School District,Elementary School,Acme Elementary,acme***@gmail.com
Washington,Mount Baker School District,Elementary School,Harmony Elementary,jess***@hotmail.com
Washington,Mount Baker School District,Elementary School,Kendall Elementary,kend***@gmail.com
Washington,Mount Baker School District,High School,Mount Baker Senior High,mb.b***@gmail.com
Washington,Mount Vernon School District,Middle School,LaVenture Middle School,lave***@gmail.com
Washington,Mount Vernon School District,Elementary School,Madison Elementary School,jeff***@gmail.com
Washington,Mukilteo School District,Elementary School,Columbia Elementary,pres***@mycolumbiapta.org
Washington,Mukilteo School District,Elementary School,Endeavour Elementary,cont***@endeavourpta.org
Washington,Mukilteo School District,Elementary School,Horizon Elementary,hori***@gmail.com
Washington,Mukilteo School District,Elementary School,Lake Stickney Elementary,pres***@lakestickneypta.org
Washington,Mukilteo School District,Elementary School,Odyssey Elementary,odys***@gmail.com
Washington,Mukilteo School District,Elementary School,Olivia Park Elementary,oliv***@gmail.com
Washington,Mukilteo School District,Elementary School,Picnic Point Elementary,picn***@gmail.com
Washington,Mukilteo School District,Middle School,Explorer Middle,beth***@thevanzutphens.com
Washington,Mukilteo School District,Middle School,Harbour Pointe Middle,pres***@harbourpointepto.com
Washington,Mukilteo School District,Middle School,Olympic View Middle,ovpi***@gmail.com
Washington,Mukilteo School District,Middle School,Voyager Middle,Voya***@gmail.com
Washington,Mukilteo School District,High School,Mariner High,mari***@gmail.com
Washington,Naches Valley School District,Elementary School,Naches Valley Elementary,nach***@gmail.com
Washington,Naches Valley School District,Middle School,Naches Valley Middle School,nach***@gmail.com
Washington,Napavine School District,Elementary School,Napavine Elementary School,napa***@gmail.com
Washington,Newport School District,Middle School,Sadie Halstead Middle School,lock***@newportgriz.com
Washington,Nine Mile Falls School District,Elementary School,Nine Mile Falls Elementary,nmfe***@gmail.com
Washington,Nine Mile Falls School District,Elementary School,Lake Spokane Elementary,lsep***@gmail.com
Washington,Nine Mile Falls School District,Middle School,Lakeside Middle School,lake***@gmail.com
Washington,Nine Mile Falls School District,High School,Lakeside High School,lake***@gmail.com
Washington,Nine Mile Falls School District,,9 Mile Family Partnership Program,nmfe***@gmail.com
Washington,Nooksack Valley School District,Elementary School,NOOKSACK ELEMENTARY,nook***@gmail.com
Washington,Nooksack Valley School District,Middle School,NOOKSACK VALLEY MIDDLE SCHOOL,Chri***@msn.com
Washington,North Beach School District,High School,North Beach JuniorSenior High School,pfry***@northbeachschools.org
Washington,North Franklin School District,Elementary School,MESA ELEMENTARY,feli***@gmail.com
Washington,North Kitsap School District,Elementary School,David Wolfle Elementary,wolf***@wolflpto.org
Washington,North Kitsap School District,Elementary School,Hilder Pearson Elementary,pear***@gmail.com
Washington,North Kitsap School District,High School,Kingston High School,cb@c***@cbsnuts.com
Washington,North Kitsap School District,High School,North Kitsap High School,nkhs***@gmail.com
Washington,North Kitsap School District,High School,North Kitsap High School,nkat***@yahoo.com
Washington,North Kitsap School District,Elementary School,Poulsbo Elementary,pesp***@gmail.com
Washington,North Kitsap School District,Elementary School,Richard Gordon Elementary,rich***@gmail.com
Washington,North Kitsap School District,Elementary School,Suquamish Elementary,Suqu***@gmail.com
Washington,North Kitsap School District,Elementary School,Vinland Elementary,vinl***@gmail.com
Washington,North Mason School District,Elementary School,Sand Hill Elementary,sand***@gmail.com
Washington,North Thurston Public Schools,Academy,Aspire Performing Arts Academy,aspi***@gmail.com
Washington,North Thurston Public Schools,Elementary School,Chambers Prairie Elementary,cham***@gmail.com
Washington,North Thurston Public Schools,Middle School,Chinook Middle School,chin***@gmail.com
Washington,North Thurston Public Schools,Elementary School,Evergreen Forest Elementary,efpt***@gmail.com
Washington,North Thurston Public Schools,Elementary School,Horizons Elementary,hori***@outlook.com
Washington,North Thurston Public Schools,Elementary School,Lydia Hawk Elementary,Lydi***@gmail.com
Washington,North Thurston Public Schools,Elementary School,Meadows Elementary,PTSA***@gmail.com
Washington,North Thurston Public Schools,Elementary School,Mountain View Elementary,lace***@gmail.com
Washington,North Thurston Public Schools,Middle School,Nisqually Middle School,Nisq***@gmail.com
Washington,North Thurston Public Schools,Elementary School,Olympic View Elementary,Olym***@gmail.com
Washington,North Thurston Public Schools,High School,River Ridge High School,rrha***@gmail.com
Washington,North Thurston Public Schools,Elementary School,Seven Oaks Elementary,boar***@sevenoakspta-lacey.org
Washington,North Thurston Public Schools,Elementary School,South Bay Elementary,sout***@gmail.com
Washington,North Thurston Public Schools,High School,Timberline High School,timb***@gmail.com
Washington,North Thurston Public Schools,Elementary School,Woodland Elementary,wood***@gmail.com
Washington,Northport School District,,Northport ,nort***@northportschools.org
Washington,Northport School District,,Northport Homelink Program ,tsta***@northportschools.org
Washington,Northport School District,Elementary School,Northport Elementary School,tsta***@northportschools.org
Washington,Northshore School District,Elementary Schools,Arrowhead,webm***@ptaarrowhead.org
Washington,Northshore School District,Elementary Schools,Canyon Creek,vp-c***@canyoncreekpta.org
Washington,Northshore School District,Elementary Schools,Cottage Lake,Artd***@CottageLakePTA.org
Washington,Northshore School District,Elementary Schools,Crystal Springs,crys***@gmail.com
Washington,Northshore School District,Elementary Schools,Hollywood Hill,pres***@hhillpta.org
Washington,Northshore School District,Elementary Schools,Kenmore,pres***@kenmorepta.org
Washington,Northshore School District,Elementary Schools,Kokanee,cont***@kokaneepta.com
Washington,Northshore School District,Elementary Schools,Lockwood,week***@lockwoodpta.org
Washington,Northshore School District,Elementary Schools,Maywood Hills,pres***@maywoodhillspta.com
Washington,Northshore School District,Elementary Schools,Ruby Bridges,ruby***@gmail.com
Washington,Northshore School District,Elementary Schools,Shelton View,mano***@sheltonviewpta.com
Washington,Northshore School District,Elementary Schools,Sunrise,sunr***@gmail.com
Washington,Northshore School District,Elementary Schools,Wellington,brid***@wellingtonpta.org
Washington,Northshore School District,Elementary Schools,Westhill,pres***@westhillptsa.org
Washington,Northshore School District,Elementary Schools,Woodin,wood***@gmail.com
Washington,Northshore School District,Elementary Schools,Woodmoor,Wood***@gmail.com
Washington,Northshore School District,Middle Schools,Kenmore,comm***@kenmoreptsa.org
Washington,Northshore School District,Middle Schools,Leota,cont***@leotaptsa.com
Washington,Northshore School District,Middle Schools,Northshore,high***@nms-ptsa.org
Washington,Northshore School District,Middle Schools,Skyview,smsp***@gmail.com
Washington,Northshore School District,Middle Schools,Timbercrest,​pre***@timbercrestptsa.org
Washington,Northshore School District,High Schools,Inglemoor,ptsa***@gmail.com
Washington,Northshore School District,High Schools,North Creek,jagu***@northcreekptsa.com
Washington,Northshore School District,High Schools,Woodinville,pres***@woodinvillehighschoolptsa.org
Washington,Northshore School District,High School,Innovation Lab High School,comm***@ilhsptsa.org
Washington,Northshore School District,High Schools,Northshore Learning Options,pres***@nfpptsa.org
Washington,Oak Harbor School District,High School,Oak Harbor High School,ohhs***@gmail.com
Washington,Oak Harbor School District,High School,Oak Harbor High School,ohhs***@gmail.com
Washington,Oak Harbor School District,Middle School,North Whidbey Middle School,nwms***@gmail.com
Washington,Oak Harbor School District,Elementary School,Crescent Harbor Elementary School,ptac***@gmail.com
Washington,Oak Harbor School District,,Oak Harbor Intermediate School,ohip***@gmail.com
Washington,Oak Harbor School District,Elementary School,Hillcrest Elementary School,Hill***@gmail.com
Washington,Oak Harbor School District,Elementary School,Oak Harbor Elementary School,ohe.***@gmail.com
Washington,Oak Harbor School District,Elementary School,Broad View Elementary School,bve.***@gmail.com
Washington,Oak Harbor School District,Elementary School,Olympic View Elementary School,pta4***@gmail.com
Washington,Oak Harbor School District,,HomeConnection,home***@gmail.com
Washington,Oakville School District,High School,Oakville High School,pto@***@oakvilleschools.org 
Washington,Oakville School District,Preschools,Oakville Preschool,pto@***@oakvilleschools.org
Washington,Ocean Beach School District,High School,Ilwaco High School,"fish***@gmail.com, david.glasson@gmail.com"
Washington,Ocosta School District,K12,Ocosta ALE School,ocos***@gmail.com
Washington,Odessa School District,High School,Odessa High School,odes***@gmail.com
Washington,Okanogan School District,Elementary School,Virginia Grainger Elementary School,virg***@gmail.com
Washington,Olympia School District,Elementary Schools,Boston Harbor,newt***@gmail.com
Washington,Olympia School District,Elementary Schools,Centennial,cent***@gmail.com
Washington,Olympia School District,Elementary Schools,Garfield,olyg***@gmail.com
Washington,Olympia School District,Elementary Schools,Hansen,Hans***@gmail.com
Washington,Olympia School District,Elementary Schools,LP Brown,l.p.***@gmail.com
Washington,Olympia School District,Elementary Schools,McKenny,mcke***@gmail.com
Washington,Olympia School District,Elementary Schools,McLane,pres***@mclaneptso.org
Washington,Olympia School District,Elementary Schools,Pioneer,webm***@pioneerpta.com
Washington,Olympia School District,Elementary Schools,Roosevelt,roos***@gmail.com
Washington,Olympia School District,Middle Schools,ORLA,cont***@orlapta.org
Washington,Olympia School District,Middle Schools,Washington,wmsp***@gmail.com
Washington,Olympia School District,High Schools,Capital,"capi***@gmail.com, chspo.chair@gmail.com"
Washington,Olympia School District,High Schools,ORLA,cont***@orlapta.org
Washington,Omak School District,Middle School,Omak Middle School,dlov***@yahoo.com
Washington,Onalaska School District,Elementary School,Onalaska Elementary School,onyc***@gmail.com
Washington,Onalaska School District,Middle School,Onalaska Middle School,onyc***@gmail.com
Washington,Onalaska School District,High School,Onalaska High School,onyc***@gmail.com
Washington,Orcas Island School District,,OASIS School,orca***@gmail.com
Washington,Orcas Island School District,Middle School,Orcas Island Middle School,OIBo***@gmail.com
Washington,Orcas Island School District,High School,Orcas Island High School,OIBo***@gmail.com
Washington,Orchard Prairie School District,Elementary School,Orchard Prairie Elementary School,opsd***@gmail.com
Washington,Oroville School District,High School, Oroville High School,orov***@gmail.com
Washington,Orting School District,Elementary School,Orting Elementary School,orti***@gmail.com
Washington,Orting School District,Elementary School,Ptarmigan Ridge Elementary School,orti***@gmail.com
Washington,Orting School District,Middle School,Orting Middle School,ohsp***@gmail.com
Washington,Othello School District,Elementary School,Scootney Springs Elementary,scoo***@gmail.com
Washington,Othello School District,Elementary School,Wahitis Elementary,wahi***@gmail.com
Washington,Pasco School District,Elementary School,Angelou Elementary,ashl***@gmail.com
Washington,Pasco School District,Elementary School,Columbia River Elementary,kest***@gmail.com
Washington,Pasco School District,Elementary School,McClintock STEM Elementary,barb***@gmail.com
Washington,Pasco School District,Middle School,McLoughlin Middle School,tstu***@psd1.org
Washington,Pasco School District,High Schools,Chiawana High,"hect***@visittri-cities.com, atensmeyer@psd1.org "
Washington,Pasco School District,High Schools,Delta High,delt***@gmail.com
Washington,Paterson School District,High School,John F. Kennedy High School,mrfi***@paterson.k12.nj.us
Washington,Paterson School District,High School,Paterson STEAM High School,JENN***@GMAIL.COM
Washington,Peninsula School District,Elementary School,Discovery Elementary School,pres***@discoveryvpo.org 
Washington,Peninsula School District,Elementary School,Evergreen Elementary School,ever***@gmail.com
Washington,Peninsula School District,Elementary School,Purdy Elementary School,rona***@pm.me
Washington,Peninsula School District,Elementary School,Vaughn Elementary School,Vaug***@gmail.com
Washington,Peninsula School District,Elementary School,Voyager Elementary School,voya***@gmail.com
Washington,Peninsula School District,Middle School,Goodman Middle School,pres***@goodmanvpo.org
Washington,Peninsula School District,Middle School,Harbor Ridge Middle School,hrms***@gmail.com
Washington,Peninsula School District,Middle School,Key Peninsula Middle School,​​​​***@gmail.com
Washington,Peninsula School District,Middle School,Kopachuck Middle School,kopa***@gmail.com
Washington,Peninsula School District,High School,Henderson Bay High School,HBHS***@gmail.com
Washington,Peninsula School District,High School,Peninsula High School,Pres***@peninsulaproud.com
Washington,Pomeroy School District,Elementary School,Pomeroy Elementary School,Boos***@gmail.com
Washington,Pomeroy School District,High School, Pomeroy Jr.Sr. High School ,Boos***@gmail.com
Washington,Port Angeles School District,Elementary School,Dry Creek Elementary School,dryc***@gmail.com
Washington,Port Angeles School District,Elementary School,Franklin Elementary School,fran***@gmail.com
Washington,Port Angeles School District,Elementary School,Hamilton Elementary School,hami***@gmail.com
Washington,Port Angeles School District,Elementary School,Roosevelt Elementary School,RPTO***@portangelesschools.org 
Washington,Port Angeles School District,Middle School,Stevens Middle School,stev***@gmail.com
Washington,Port Townsend School District,Middle School,Blue Heron Middle School,port***@gmail.com
Washington,Prescott School District,Elementary School,Prescott Elementary School,pres***@gmail.com
Washington,Prosser School District,Middle School,Housel Middle School,pros***@gmail.com
Washington,Prosser School District,Elementary School,Keene-Riverview Elementary,pros***@gmail.com
Washington,Prosser School District,Elementary School,Prosser Heights Elementary,pros***@gmail.com
Washington,Prosser School District,High School,Prosser High School,pros***@gmail.com
Washington,Pullman School District,Elementary School,Kamiak Elementary,Kami***@gmail.com
Washington,Pullman School District,High School,Pullman High School,pull***@gmail.com
Washington,Puyallup School District,Elementary School,Brouillet Elementary,brou***@gmail.com
Washington,Puyallup School District,Elementary School,Carson Elementary,cars***@gmail.com
Washington,Puyallup School District,Elementary School,Dessie Evans Elementary,dess***@gmail.com
Washington,Puyallup School District,Elementary School,Firgrove Elementary,firg***@gmail.com
Washington,Puyallup School District,Elementary School,Fruitland Elementary,frui***@gmail.com
Washington,Puyallup School District,Elementary School,Karshner Elementary,kars***@gmail.com
Washington,Puyallup School District,Elementary School,Meeker Elementary,ptam***@gmail.com
Washington,Puyallup School District,Elementary School,Mt. View Elementary,mtvi***@gmail.com
Washington,Puyallup School District,Elementary School,Pope Elementary,pope***@gmail.com
Washington,Puyallup School District,Elementary School,Spinning Elementary,Spin***@gmail.com
Washington,Puyallup School District,Elementary School,Sunrise Elementary,Sunr***@gmail.com
Washington,Puyallup School District,Elementary School,Wildwood Elementary,wild***@gmail.com
Washington,Puyallup School District,Elementary School,Zeiger Elementary,zeig***@gmail.com
Washington,Puyallup School District,High School,Aylen Junior High,acos***@gmail.com
Washington,Puyallup School District,High School,Ferrucci Junior High,ferr***@gmail.com
Washington,Puyallup School District,High School,Glacier View Junior High,glac***@gmail.com
Washington,Puyallup School District,High School,Kalles Junior High,kall***@gmail.com
Washington,Puyallup School District,High School,Stahl Junior High,stah***@gmail.com
Washington,Puyallup School District,High School,Puyallup High,alsc***@comcast.net
Washington,Puyallup School District,High School,Rogers High,RHSb***@gmail.com
Washington,Quilcene School District,,QUILCENE K-12,sara***@windermere.com
Washington,Quilcene School District,,,quil***@gmail.com
Washington,Quillayute Valley School District,Elementary School,Forks Elementary,fork***@hotmail.com
Washington,Quincy School District,Elementary School,Mountain View Elementary,quin***@outlook.com
Washington,Quincy School District,High School,Quincy High School,quin***@outlook.com
Washington,Raymond School District,Elementary School,Raymond Elementary School,raym***@gmail.com
Washington,Raymond School District,High School,Raymond Jr  Sr High School,pwil***@raymondk12.org
Washington,Renton School District,Elementary School,Bryn Mawr Elementary School,Bryn***@gmail.com
Washington,Renton School District,Elementary School,Cascade Elementary School,casc***@gmail.com
Washington,Renton School District,Elementary School,Honey Dew Elementary School,pres***@honeydewPTA.org
Washington,Renton School District,Elementary School,Kennydale Elementary School,pres***@kennydalepta.org
Washington,Renton School District,Elementary School,Lakeridge Elementary School,rent***@gmail.com
Washington,Renton School District,Elementary School,Renton Park Elementary School, 4th***@rentonparkpta.org
Washington,Renton School District,Elementary School,Sartori Elementary School,pres***@sartorielementarypta.org
Washington,Renton School District,Elementary School,Sierra Heights Elementary School,sier***@outlook.com
Washington,Renton School District,Elementary School,Talbot Hill Elementary School,Talb***@gmail.com
Washington,Renton School District,Middle School,McKnight Middle School,mckn***@gmail.com
Washington,Renton School District,Middle School,Nelsen Middle School,nels***@gmail.com
Washington,Renton School District,High School,Hazen High School,kenl***@gmail.com
Washington,Renton School District,High School,Lindbergh High School,LHS.***@gmail.com
Washington,Renton School District,,Meadow Crest Early Learning Center,mead***@gmail.com
Washington,Republic School District,High School, Republic High School,lsti***@republicsd.org
Washington,Richland School District,Pre-K & Elementary,Badger Mountain,pres***@gmail.com
Washington,Richland School District,Pre-K & Elementary,Desert Sky,PTOD***@gmail.com
Washington,Richland School District,Pre-K & Elementary,Jason Lee,jlh1***@yahoo.com
Washington,Richland School District,Pre-K & Elementary,Jefferson,jeff***@gmail.com
Washington,Richland School District,Pre-K & Elementary,Lewis & Clark,Lewi***@gmail.com
Washington,Richland School District,Pre-K & Elementary,Marcus Whitman, mar***@gmail.com
Washington,Richland School District,Pre-K & Elementary,Orchard,PTO.***@gmail.com
Washington,Richland School District,Pre-K & Elementary,Sacajawea,sacy***@gmail.com
Washington,Richland School District,Pre-K & Elementary,Tapteal,pres***@taptealpta.org
Washington,Richland School District,Pre-K & Elementary,White Bluffs,whit***@gmail.com
Washington,Richland School District,Pre-K & Elementary,William Wiley,Wile***@gmail.com
Washington,Richland School District,Middle Schools,Carmichael,carm***@gmail.com
Washington,Richland School District,Middle Schools,Chief Joseph,cjms***@gmail.com
Washington,Richland School District,Middle Schools,Enterprise,ems.***@gmail.com
Washington,Richland School District,Middle Schools,Leona Libby,leon***@gmail.com
Washington,Richland School District,High School,Hanford High School,hanf***@gmail.com
Washington,Ridgefield School District,High School,Ridgefield High School,rhss***@gmail.com
Washington,Ridgefield School District,Middle School,View Ridge Middle School,ther***@gmail.com
Washington,Ridgefield School District,,Sunset Ridge Intermediate School,ther***@gmail.com
Washington,Ridgefield School District,Elementary School,South Ridge Elementary School,sout***@gmail.com
Washington,Ridgefield School District,Elementary School,Union Ridge Elementary School,unio***@gmail.com%E2%80%8B
Washington,Ridgefield School District,,Ridgefield Early Learning Center,rhss***@gmail.com
Washington,Ridgefield School District,Academy,Wisdom Ridge Academy,rhss***@gmail.com
Washington,Ridgefield School District,,Innovation Ridge CAPS,rhss***@gmail.com
Washington,Ritzville School District,Middle School,Lind-Ritzville Middle School,tdoy***@lrschools.org
Washington,Ritzville School District,High School,Lind-Ritzville High School,lrsb***@hotmail.com
Washington,Riverside School District,Elementary School,Riverside Elementary School,resp***@rsdmail.org
Washington,Riverside School District,High School,Riverside High School,Ramn***@gmail.com
Washington,Riverview School District,High School,Cedarcrest High School,chs.***@outlook.com
Washington,Riverview School District,Middle School,Tolt Middle School,emut***@gmail.com
Washington,Riverview School District,Elementary School,Carnation Elementary,cept***@outlook.com
Washington,Riverview School District,,Riverview Learning Center,rlcp***@gmail.com
Washington,Rochester School District,,Rochester Primary School,RPSF***@Gmail.com
Washington,Rochester School District,Elementary School,Grand Mound Elementary,gmes***@gmail.com
Washington,Rochester School District,Middle School,Rochester Middle School,rmsc***@gmail.com
Washington,Rochester School District,High School,Rochester High School,rhsw***@gmail.com
Washington,San Juan Island School District,Elementary School,Friday Harbor Elementary School,ptof***@gmail.com
Washington,San Juan Island School District,Middle School,Friday Harbor Middle School,fhms***@gmail.com
Washington,San Juan Island School District,High School,Friday Harbor High School,fhhs***@gmail.com
Washington,Seattle Public Schools,Elementary School,Adams Elementary,exec***@adamselementary.org
Washington,Seattle Public Schools,Middle School,Aki Kurose Middle School,akip***@googlegroups.com
Washington,Seattle Public Schools,Elementary School,Alki Elementary,info***@alkipta.com
Washington,Seattle Public Schools,Elementary School,Arbor Heights Elementary,ahpo***@gmail.com
Washington,Seattle Public Schools,High School,Ballard High School,pres***@ballardhighptsa.org
Washington,Seattle Public Schools,Elementary School,Beacon Hill International Elementary,info***@beaconhillpta.org
Washington,Seattle Public Schools,Elementary School,Benjamin Franklin Day Elementary,info***@bfdayptsa.org
Washington,Seattle Public Schools,,Broadview-Thomson K-8,info***@broadviewthomsonpta.com
Washington,Seattle Public Schools,Elementary School,Cascadia Elementary,pres***@cascadiapta.org
Washington,Seattle Public Schools,,Catharine Blaine K-8,tige***@blainepta.com
Washington,Seattle Public Schools,Elementary School,Cedar Park Elementary,info***@cedarparkpta.org
Washington,Seattle Public Schools,High School,Chief Sealth International High School,chie***@gmail.com
Washington,Seattle Public Schools,High School,Cleveland High School,chse***@gmail.com
Washington,Seattle Public Schools,Elementary School,Coe Elementary,pres***@coepta.org
Washington,Seattle Public Schools,Elementary School,Concord International Elementary,thec***@gmail.com
Washington,Seattle Public Schools,Elementary School,Dearborn Park International Elementary,dear***@googlegroups.com
Washington,Seattle Public Schools,Elementary School,Decatur Elementary,pres***@decaturpta.org
Washington,Seattle Public Schools,Middle School,Denny International Middle School,boar***@dennyptsa.org
Washington,Seattle Public Schools,Elementary School,Dunlap Elementary,dunl***@gmail.com
Washington,Seattle Public Schools,Middle School,Eckstein Middle School,fund***@ecksteineaglesptsa.org
Washington,Seattle Public Schools,Elementary School,Fairmount Park Elementary,pres***@fpepta.org
Washington,Seattle Public Schools,High School,Franklin High School,info***@franklin-ptsa.org
Washington,Seattle Public Schools,High School,Garfield High School,pres***@garfieldptsa.org
Washington,Seattle Public Schools,Elementary School,Gatewood Elementary,comm***@gmail.com
Washington,Seattle Public Schools,Elementary School,Graham Hill Elementary,anto***@grahamhillpta.com
Washington,Seattle Public Schools,Elementary School,Green Lake Elementary,PTAB***@greenlakedragons.org
Washington,Seattle Public Schools,Elementary School,Greenwood Elementary,pres***@greenwoodpta.org
Washington,Seattle Public Schools,Middle School,Hamilton International Middle School,pres***@hamiltonptsa.org
Washington,Seattle Public Schools,Elementary School,Hawthorne Elementary,pres***@friendsofhawthorne.org
Washington,Seattle Public Schools,,Hazel Wolf K-8,comm***@hazelwolfk8.org
Washington,Seattle Public Schools,Elementary School,Highland Park Elementary,hpem***@gmail.com
Washington,Seattle Public Schools,High School,Ingraham High School,frie***@gmail.com
Washington,Seattle Public Schools,Academy,Interagency Academy,bdsa***@seattleschools.org
Washington,Seattle Public Schools,Elementary School,James Baldwin Elementary,Jame***@gmail.com
Washington,Seattle Public Schools,Middle School,Jane Addams Middle School,info***@jamsptsa.org
Washington,Seattle Public Schools,Elementary School,John Hay Elementary,info***@johnhayptsa.org
Washington,Seattle Public Schools,Elementary School,John Muir Elementary,Info***@TheMuirPTA.org
Washington,Seattle Public Schools,Elementary School,John Rogers Elementary,john***@gmail.com
Washington,Seattle Public Schools,Elementary School,John Stanford International Elementary,theb***@jsispta.org
Washington,Seattle Public Schools,Elementary School,Kimball Elementary,kimb***@gmail.com
Washington,Seattle Public Schools,Elementary School,Lafayette Elementary,Lafa***@gmail.com
Washington,Seattle Public Schools,Elementary School,Lawton Elementary,nomi***@lawtonelementary.org
Washington,Seattle Public Schools,Elementary School,Leschi Elementary,PTA_***@googlegroups.com
Washington,Seattle Public Schools,,Licton Springs K-8,"hana***@gmail.com, blainemparce@outlook.com"
Washington,Seattle Public Schools,High School,Lincoln High School,Lins***@gmail.com
Washington,Seattle Public Schools,,Louisa Boren STEM K-8,pres***@stemk8pta.org
Washington,Seattle Public Schools,Elementary School,Loyal Heights Elementary,loya***@seattleschools.org
Washington,Seattle Public Schools,Middle School,Madison Middle School,pres***@madisonptsa.com
Washington,Seattle Public Schools,Elementary School,Madrona Elementary,pres***@madronaptsa.org
Washington,Seattle Public Schools,Elementary School,Magnolia Elementary,aroe***@magnoliaschoolpta.org
Washington,Seattle Public Schools,Elementary School,Maple Elementary,info***@mapleptsa.com
Washington,Seattle Public Schools,Middle School,McClure Middle School,pres***@mccluremavericks.org
Washington,Seattle Public Schools,Elementary School,McDonald International Elementary,pres***@mcdonaldpta.org
Washington,Seattle Public Schools,Elementary School,McGilvra Elementary,outr***@mcgilvrapta.org
Washington,Seattle Public Schools,Middle School,Meany Middle School,mean***@gmail.com
Washington,Seattle Public Schools,Middle School,Mercer International Middle School,merc***@gmail.com
Washington,Seattle Public Schools,Elementary School,Montlake Elementary,askt***@montlakepta.org
Washington,Seattle Public Schools,Elementary School,North Beach Elementary,pres***@northbeachpta.org
Washington,Seattle Public Schools,High School,Nova High School,hell***@novaroots.org
Washington,Seattle Public Schools,Elementary School,Olympic Hills Elementary,Olym***@gmail.com
Washington,Seattle Public Schools,Elementary School,Olympic View Elementary,pres***@ovpta.org
Washington,Seattle Public Schools,,Orca K-8,pres***@orca-k8-ptsa.org
Washington,Seattle Public Schools,,Pathfinder K-8,cont***@pathfinderk8ptsa.org
Washington,Seattle Public Schools,Elementary School,Queen Anne Elementary,comm***@qaeptsa.org
Washington,Seattle Public Schools,High School,Rainier Beach High School,rain***@gmail.com
Washington,Seattle Public Schools,Elementary School,Rainier View Elementary,rain***@gmail.com
Washington,Seattle Public Schools,Elementary School,Rising Star Elementary,risi***@gmail.com
Washington,Seattle Public Schools,Middle School,Robert Eagle Staff Middle School,info***@eaglestaffptsa.org
Washington,Seattle Public Schools,High School,Roosevelt High School,rhsp***@gmail.com
Washington,Seattle Public Schools,Elementary School,Sacajawea Elementary,chai***@sacpta.org
Washington,Seattle Public Schools,Elementary School,Sand Point Elementary,conn***@sandpointelementarypta.org
Washington,Seattle Public Schools,Elementary School,Sanislo Elementary,sesc***@seattleschools.org
Washington,Seattle Public Schools,Preschools,South Shore PreK-8,pres***@southshoreptsa.org
Washington,Seattle Public Schools,Elementary School,Stevens Elementary,info***@stevenspta.org
Washington,Seattle Public Schools,,The Center School,this***@gmail.com
Washington,Seattle Public Schools,Elementary School,Thornton Creek Elementary,pres***@tc-pta.org
Washington,Seattle Public Schools,Elementary School,Thurgood Marshall Elementary,fund***@tmlink.org
Washington,Seattle Public Schools,Elementary School,View Ridge Elementary,pres***@viewridgeschool.org
Washington,Seattle Public Schools,Elementary School,Viewlands Elementary,vept***@viewlandsptsa.org
Washington,Seattle Public Schools,Middle School,Washington Middle School,info***@wmsptsa.com
Washington,Seattle Public Schools,Elementary School,Wedgwood Elementary,pres***@wedgwoodpta.org
Washington,Seattle Public Schools,Elementary School,West Seattle Elementary,frie***@gmail.com
Washington,Seattle Public Schools,Elementary School,West Woodland Elementary,legi***@westwoodlandpta.org
Washington,Seattle Public Schools,Middle School,Whitman Middle School,whit***@gmail.com
Washington,Seattle Public Schools,Elementary School,Whittier Elementary,comm***@whittierptaseattle.org
Washington,Sedro-Woolley School District,Elementary School,Big Lake Elementary,Alli***@gmail.com
Washington,Sedro-Woolley School District,Middle School,Cascade Middle School,cmsp***@gmail.com
Washington,Sedro-Woolley School District,Elementary School,Central Elementary,chri***@gmail.com
Washington,Sedro-Woolley School District,Elementary School,Lyman Elementary,lyma***@gmail.com
Washington,Sedro-Woolley School District,Elementary School,Mary Purcell Elementary,mary***@gmail.com
Washington,Sedro-Woolley School District,Elementary School,Samish Elementary,Sami***@gmail.com
Washington,Selah School District,,Robert Lince Early Learning Center Kindergarten,sela***@gmail.com
Washington,Selah School District,,John Campbell Primary School,sela***@gmail.com
Washington,Selah School District,,Selah Intermediate School,sela***@gmail.com
Washington,Selah School District,Middle School,Selah Middle School,sela***@gmail.com
Washington,Selah School District,High School,Selah High School,sela***@gmail.com
Washington,Selah School District,,Selah Online,sela***@gmail.com
Washington,Sequim School District,Elementary School,Greywolf Elementary School,sequ***@gmail.com
Washington,Sequim School District,Elementary School,Helen Haller Elementary School,sequ***@gmail.com
Washington,Sequim School District,,Sequim Alternative Schools,Olyp***@gmail.com
Washington,Sequim School District,High School,Sequim High School,ihen***@sequimschools.org
Washington,Shelton School District,Elementary School,Bordeaux Elementary School,bord***@gmail.com
Washington,Shelton School District,Elementary School,Evergreen Elementary School,ever***@gmail.com
Washington,Shelton School District,Elementary School,Mountain View Elementary School,moun***@outlook.com
Washington,Shoreline School District,Elementary School,Brookside Elementary,info***@brooksidepta.org
Washington,Shoreline School District,Elementary School,Echo Lake Elementary,echo***@gmail.com
Washington,Shoreline School District,Middle School,Einstein Middle School,"eins***@gmail.com, einsteinpresident@gmail.com"
Washington,Shoreline School District,Middle School,Kellogg Middle School, pre***@kelloggptsa.org
Washington,Shoreline School District,Elementary School,Lake Forest Park Elementary School,pres***@lfppta.org
Washington,Shoreline School District,Elementary School,Meridian Park Elementary School,pres***@mpptsa.org
Washington,Shoreline School District,Elementary School,Ridgecrest Elementary,info***@ridgecrestpta.org
Washington,Shoreline School District,High School,Shorecrest High School,pres***@shorecrestptsa.org
Washington,Shoreline School District,High School,Shorewood High School,pres***@shorewoodptsa.org
Washington,Skamania School District,Elementary School,Skamania Elementary School,ptos***@gmail.com
Washington,Skykomish School District,High School,Skykomish High School,skyk***@gmail.com
Washington,Snohomish School District,High School,AIM High School,casc***@gmail.com
Washington,Snohomish School District,Elementary School,Cascade View Elementary,casc***@gmail.com
Washington,Snohomish School District,Middle School,Centennial Middle School,cmsp***@gmail.com
Washington,Snohomish School District,Elementary School,Central Emerson Elementary,ptac***@gmail.com
Washington,Snohomish School District,High School,Glacier Peak High School,"gphs***@gmail.com, gphsvpres@gmail.com"
Washington,Snohomish School District,Elementary School,Little Cedars Elementary,comm***@littlecedarspta.org
Washington,Snohomish School District,Elementary School,Machias Elementary,mach***@gmail.com
Washington,Snohomish School District,,Parent Partnership Program,amer***@yahoo.com
Washington,Snohomish School District,Elementary School,Riverview Elementary,pres***@riverviewrocks.com
Washington,Snohomish School District,High School,Snohomish High School, shs***@gmail.com
Washington,Snohomish School District,Middle School,Valley View Middle School,info***@vvmspc.org
Washington,Snoqualmie Valley School District,Elementary School,Cascade View Elementary School,info***@cvesptsa.org
Washington,Snoqualmie Valley School District,Elementary School,Fall City Elementary School,fces***@gmail.com
Washington,Snoqualmie Valley School District,Elementary School,North Bend Elementary School,comm***@nbepta.com
Washington,Snoqualmie Valley School District,Elementary School,Opstad Elementary School,opst***@yahoo.com
Washington,Snoqualmie Valley School District,Middle School,Snoqualmie Middle School,admi***@snoqualmiemiddleschoolpta.org
Washington,Snoqualmie Valley School District,Elementary School,Timber Ridge Elementary School,TRES***@gmail.com
Washington,Snoqualmie Valley School District,Middle School,Twin Falls Middle School,pres***@twinfallsptsa.org
Washington,Soap Lake School District,Elementary School,Soap Lake Elementary School,soap***@gmail.com
Washington,Soap Lake School District,Middle School,Soap Lake MiddleHigh School,soap***@gmail.com
Washington,South Kitsap School District,Middle School,Cedar Heights Middle School,kris***@yahoo.com
Washington,South Kitsap School District,Elementary School,East Port Orchard Elementary School,epop***@yahoo.com
Washington,South Kitsap School District,Elementary School,Hidden Creek Elementary School,ptah***@gmail.com
Washington,South Kitsap School District,Middle School,John Sedgwick Middle School,john***@gmail.com
Washington,South Kitsap School District,Elementary School,Manchester Elementary School,manc***@gmail.com
Washington,South Kitsap School District,Middle School,Marcus Whitman Middle School,mwhi***@gmail.com
Washington,South Kitsap School District,Elementary School,Mullenix Ridge Elementary School,mull***@gmail.com
Washington,South Kitsap School District,Elementary School,Orchard Heights Elementary School,orch***@gmail.com
Washington,South Kitsap School District,Elementary School,Olalla Elementary School,olal***@gmail.com
Washington,South Kitsap School District,Elementary School,Sidney Glen Elementary School,sidn***@gmail.com
Washington,South Kitsap School District,Elementary School,South Colby Elementary School,sout***@gmail.com
Washington,South Kitsap School District,High School,South Kitsap High School,skhs***@gmail.com
Washington,South Kitsap School District,Elementary School,Sunnyslope Elementary School,boar***@ptasunnyslope.org 
Washington,South Whidbey School District,High School,South Whidbey High School,sout***@gmail.com
Washington,South Whidbey School District,Middle School,South Whidbey Middle School,swhs***@gmail.com
Washington,South Whidbey School District,Elementary School,South Whidbey Elementary School North Campus,sout***@gmail.com
Washington,Southside School District (Washington),Elementary School,Southside Elementary,Sout***@gmail.com
Washington,Spokane Public Schools,Elementary School,Adams Elementary School,adam***@gmail.com
Washington,Spokane Public Schools,Elementary School,Audubon Elementary School,PTOA***@gmail.com
Washington,Spokane Public Schools,Elementary School,Balboa Elementary School,Balb***@gmail.com
Washington,Spokane Public Schools,Elementary School,Browne Elementary School,Brow***@gmail.com
Washington,Spokane Public Schools,Elementary School,Cooper Elementary School,Coop***@gmail.com
Washington,Spokane Public Schools,Elementary School,Finch Elementary School,Finc***@gmail.com
Washington,Spokane Public Schools,Elementary School,Franklin Elementary School,fran***@gmail.com
Washington,Spokane Public Schools,Elementary School,Grant Elementary School,team***@gmail.com
Washington,Spokane Public Schools,Elementary School,Hamblen Elementary School,Hamb***@gmail.com
Washington,Spokane Public Schools,Elementary School,Hutton Elementary School,Hutt***@gmail.com
Washington,Spokane Public Schools,Elementary School,Indian Trail Elementary,ptoi***@gmail.com
Washington,Spokane Public Schools,Elementary School,Jefferson Elementary School,jeff***@gmail.com
Washington,Spokane Public Schools,Elementary School,Lincoln Heights Elementary,Linc***@gmail.com
Washington,Spokane Public Schools,Elementary School,Linwood Elementary School,henr***@gmail.com
Washington,Spokane Public Schools,Elementary School,Longfellow Elementary,pant***@gmail.com
Washington,Spokane Public Schools,Elementary School,Madison Elementary School,elem***@gmail.com
Washington,Spokane Public Schools,Elementary School,Mullan Road Elementary,jill***@gmail.com
Washington,Spokane Public Schools,Elementary School,Roosevelt Elementary School,roos***@gmail.com
Washington,Spokane Public Schools,Elementary School,Stevens Elementary School,"pam@***@liferoads.org, eryneryn@yahoo.com"
Washington,Spokane Public Schools,Elementary School,Westview Elementary School,PTA.***@gmail.com
Washington,Spokane Public Schools,Elementary School,Willard Elementary,will***@gmail.com
Washington,Spokane Public Schools,Elementary School,Wilson Elementary,Wils***@gmail.com
Washington,Spokane Public Schools,Elementary School,Woodridge Elementary,wood***@gmail.com
Washington,Spokane Public Schools,Middle School,Flett Middle School,Flet***@gmail.com
Washington,Spokane Public Schools,Middle School,Sacajawea Middle School,saca***@gmail.com
Washington,Spokane Public Schools,High School,Ferris High School,alli***@gmail.com
Washington,Spokane Public Schools,High School,Lewis and Clark High School,info***@lcboosters.org
Washington,Spokane Public Schools,High School,North Central High School,ncwo***@gmail.com
Washington,Spokane Public Schools,High School,Shadle Park High School,cont***@shadleparkboosters.com
Washington,Spokane Public Schools,,The Community School,pare***@gmail.com
Washington,Sprague School District,Elementary School,Sprague Elementary School,pto@***@spraguelamont.org
Washington,Sprague School District,High School,Sprague High School,pto@***@spraguelamont.org
Washington,Stanwood-Camano Island School District,Elementary School,Elger Bay Elementary School,ebep***@gmail.com
Washington,Stanwood-Camano Island School District,Academy,Lincoln Hill High and Academy,Linc***@gmail.com
Washington,Stanwood-Camano Island School District,High School,Stanwood High School,stan***@gmail.com
Washington,Stanwood-Camano Island School District,Middle School,Stanwood Middle School,stan***@gmail.com
Washington,Stanwood-Camano Island School District,Elementary School,Twin City Elementary School,tce.***@gmail.com
Washington,Steilacoom Historical School District,Elementary School,Anderson Island Elementary School,dbal***@steilacoom.k12.wa.us
Washington,Steilacoom Historical School District,,Cherrydale Primary School,Cher***@gmail.com
Washington,Steilacoom Historical School District,Elementary School,Chloe Clark Elementary School,chlo***@gmail.com
Washington,Steilacoom Historical School District,Middle School,Pioneer Middle School, pio***@gmail.com
Washington,Steilacoom Historical School District,Elementary School,Saltar's Point Elementary School,salt***@gmail.com
Washington,Steilacoom Historical School District,High School,Steilacoom High School,stei***@gmail.com
Washington,Stevenson-Carson School District,Elementary School,CARSON ELEMENTARY,pta4***@gmail.com
Washington,Stevenson-Carson School District,High School,STEVENSON HIGH SCHOOL,"jess***@yahoo.com, tchristine01@hotmail.com"
Washington,Sultan School District,Elementary School,Gold Bar Elementary,gold***@gmail.com
Washington,Sultan School District,Elementary School,Sultan Elementary,Sult***@gmail.com
Washington,Sumner School District,Elementary School,Bonney Lake Elementary,pres***@blepta.org
Washington,Sumner School District,Elementary School,Daffodil Valley Elementary,daff***@gmail.com
Washington,Sumner School District,Elementary School,Donald Eismann Elementary,pres***@donaldeismannpta.org
Washington,Sumner School District,Elementary School,Emerald Hills Elementary,emer***@gmail.com
Washington,Sumner School District,Elementary School,Liberty Ridge Elementary,pres***@libertyridgepto.com
Washington,Sumner School District,Elementary School,Maple Lawn Elementary,huma***@sumnersd.org
Washington,Sumner School District,Elementary School,Tehaleh Heights Elementary,teha***@gmail.com
Washington,Sumner School District,Elementary School,Victor Falls Elementary,vfep***@gmail.com
Washington,Sumner School District,Middle School,Lakeridge Middle School,LMSP***@GMAIL.COM
Washington,Sumner School District,Middle School,Mountain View Middle School,pres***@mmswolfpackpto.org
Washington,Sumner School District,Middle School,Sumner Middle School,SMSB***@gmail.com
Washington,Sumner School District,High School,Bonney Lake High School,blhs***@gmail.com
Washington,Sumner School District,High School,Sumner High School,robi***@sumnersd.org
Washington,Sumner School District,,Sumner Early Learning Center,laur***@hotmail.com
Washington,Tacoma Public Schools,Elementary School,Birney,jboo***@comcast.net
Washington,Tacoma Public Schools,Elementary School,Blix,Blaz***@outlook.com
Washington,Tacoma Public Schools,Elementary School,Browns Point,brow***@gmail.com
Washington,Tacoma Public Schools,Elementary School,Bryant,pres***@bryantmontessoripto.org
Washington,Tacoma Public Schools,Elementary School,Crescent Heights,boar***@chepta.org
Washington,Tacoma Public Schools,Elementary School,DeLong,Delo***@gmail.com
Washington,Tacoma Public Schools,Elementary School,Downing,mont***@gmail.com
Washington,Tacoma Public Schools,Elementary School,Edison,e.ea***@gmail.com
Washington,Tacoma Public Schools,Elementary School,Franklin,fran***@gmail.com
Washington,Tacoma Public Schools,Elementary School,Geiger,pres***@geigerptsa.org
Washington,Tacoma Public Schools,Elementary School,Grant,info***@grantceapta.org
Washington,Tacoma Public Schools,Elementary School,Jefferson,pres***@jeffersonbruinspta.org
Washington,Tacoma Public Schools,Elementary School,Larchmont,larc***@gmail.com
Washington,Tacoma Public Schools,Elementary School,Lowell,comm***@lowellptatacoma.com
Washington,Tacoma Public Schools,Elementary School,Lyon,lyon***@gmail.com
Washington,Tacoma Public Schools,Elementary School,Manitou Park,mani***@outlook.com
Washington,Tacoma Public Schools,Elementary School,Mann,mann***@gmail.com
Washington,Tacoma Public Schools,Elementary School,NE Tacoma,neta***@gmail.com
Washington,Tacoma Public Schools,Elementary School,Point Defiance,info***@pointdefiancepta.org
Washington,Tacoma Public Schools,Elementary School,Reed,Jree***@gmail.com
Washington,Tacoma Public Schools,Elementary School,Sheridan,sher***@outlook.com
Washington,Tacoma Public Schools,Elementary School,Skyline,taco***@gmail.com
Washington,Tacoma Public Schools,Elementary School,Stafford,hele***@gmail.com
Washington,Tacoma Public Schools,Elementary School,Stanley,stan***@gmail.com
Washington,Tacoma Public Schools,Elementary School,Wainwright,Wain***@gmail.com
Washington,Tacoma Public Schools,Elementary School,Washington,waho***@gmail.com
Washington,Tacoma Public Schools,Elementary School,Whittier,whit***@gmail.com
Washington,Tacoma Public Schools,Middle Schools,First Creek,fcmb***@gmail.com
Washington,Tacoma Public Schools,Middle Schools,Hunt,hunt***@gmail.com
Washington,Tacoma Public Schools,Middle Schools,Meeker,meek***@gmail.com
Washington,Tacoma Public Schools,Middle Schools,Wainwright,Wain***@gmail.com
Washington,Tacoma Public Schools,High Schools,Silas,BRAY***@tacoma.k12.wa.us
Washington,Tacoma Public Schools,High Schools,Stadium,audr***@stadiumboosters.org
Washington,Tahoma School District,Elementary School,Cedar River Elementary School,tesc***@gmail.com
Washington,Tahoma School District,Elementary School,Glacier Park Elementary School,gpes***@gmail.com
Washington,Tahoma School District,Elementary School,Lake Wilderness Elementary School,pres***@lwptsa.org
Washington,Tahoma School District,Middle School,Maple View Middle School,pres***@mvmspto.org
Washington,Tahoma School District,Elementary School,Shadow Lake Elementary School,pres***@shadowlakepta.org
Washington,Tahoma School District,Elementary School,Tahoma Elementary School,tesc***@gmail.com
Washington,Tahoma School District,High School,Tahoma High School,Taho***@gmail.com
Washington,Tenino School District,High School,High School,teni***@gmail.com
Washington,Tenino School District,Middle School,Middle School,teni***@gmail.com
Washington,Tenino School District,Elementary School,Tenino Elementary,teni***@gmail.com
Washington,Tenino School District,Elementary School,Parkside Elementary,teni***@gmail.com
Washington,Tonasket School District,Elementary School,Tonasket Elementary School,tona***@tonasket.wednet.edu
Washington,Toutle Lake School District,Elementary School,Toutle Lake Elementary,tout***@gmail.com
Washington,Trout Lake School District,Elementary School,Trout Lake Elementary School ,info***@pta.org
Washington,Trout Lake School District,,Trout Lake School,trou***@gmail.com
Washington,Tukwila School District,Elementary School,Cascade View Elementary School,cvpt***@tukwila.wednet.edu
Washington,Tumwater School District,Middle School,George Bush Middle School,bmsp***@partnersineducation.in
Washington,Tumwater School District,Middle School,Tumwater Middle School,rubi***@gmail.com
Washington,Tumwater School District,Elementary School,Black Lake Elementary,ptob***@gmail.com
Washington,Tumwater School District,Elementary School,East Olympia Elementary,East***@gmail.com
Washington,Tumwater School District,Elementary School,Littlerock Elementary,litt***@hotmail.com
Washington,Tumwater School District,Elementary School,Michael T. Simmons Elementary,john***@gmail.com
Washington,Tumwater School District,Elementary School,Peter G. Schmidt Elementary,pgsp***@gmail.com
Washington,Tumwater School District,Elementary School,Tumwater Hill Elementary,Tumw***@gmail.com
Washington,University Place School District,,Chambers Primary,pres***@chambersprimarypta.com
Washington,University Place School District,,University Place Primary,uppt***@gmail.com
Washington,University Place School District,High School,Curtis Junior High School,chel***@hotmail.com
Washington,University Place School District,,Evergreen Primary,ever***@gmail.com
Washington,University Place School District,,Drum Intermediate,Drum***@gmail.com
Washington,University Place School District,High School,Curtis Senior High School,curt***@gmail.com
Washington,University Place School District,,Sunset Primary,Hell***@SunsetPrimaryPTA.org
Washington,University Place School District,,Narrows View Intermediate,nvip***@gmail.com
Washington,Vancouver School District,Elementary schools,Anderson,team***@gmail.com
Washington,Vancouver School District,Elementary schools,Chinook,chin***@gmail.com
Washington,Vancouver School District,Elementary schools,Edgewood (formerly Harney),harn***@live.com
Washington,Vancouver School District,Elementary schools,Eisenhower,eise***@gmail.com
Washington,Vancouver School District,Elementary schools,Felida,feli***@gmail.com
Washington,Vancouver School District,Elementary schools,Franklin,fran***@gmail.com
Washington,Vancouver School District,Elementary schools,Fruit Valley,frui***@gmail.com
Washington,Vancouver School District,Elementary schools,Ginsburg (RBG),comu***@gmail.com
Washington,Vancouver School District,Elementary schools,Hough,houg***@gmail.com
Washington,Vancouver School District,Elementary schools,King,goki***@gmail.com
Washington,Vancouver School District,Elementary schools,Lake Shore,24-2***@lakeshorepta.org
Washington,Vancouver School District,Elementary schools,Lincoln,Info***@LPSGVancouver.com
Washington,Vancouver School District,Elementary schools,Marshall,ptam***@gmail.com
Washington,Vancouver School District,Elementary schools,Minnehaha,Minn***@gmail.com
Washington,Vancouver School District,Elementary schools,Ogden,pete***@gmail.com
Washington,Vancouver School District,Elementary schools,Roosevelt,roos***@gmail.com
Washington,Vancouver School District,Elementary schools,Sacajawea,admi***@sacpta.com
Washington,Vancouver School District,Elementary schools,Salmon Creek,Pres***@salmoncreekpta.org
Washington,Vancouver School District,Elementary schools,Truman,trum***@gmail.com
Washington,Vancouver School District,Elementary schools,Vancouver Home Connection at Heights Campus (K-8),Lies***@gmail.com
Washington,Vancouver School District,Elementary schools,Walnut Grove,wgpt***@gmail.com
Washington,Vancouver School District,Elementary schools,Washington,wash***@gmail.com
Washington,Vancouver School District,Middle schools,Discovery,Wild***@gmail.com
Washington,Vancouver School District,Preschools,iTech Preparatory (6-12),itec***@gmail.com
Washington,Vancouver School District,Preschools,Jason Lee,jaso***@gmail.com
Washington,Vancouver School District,Preschools,Jefferson,ptsa***@gmail.com
Washington,Vancouver School District,Preschools,Vancouver Home Connection at Heights Campus (K-8),Lies***@gmail.com
Washington,Vancouver School District,Preschools,Vancouver School of Arts and Academics (6-12),vsaa***@gmail.com
Washington,Vancouver School District,High schools,Columbia River,crbo***@gmail.com
Washington,Vancouver School District,High schools,Fort Vancouver,trap***@gmail.com
Washington,Vancouver School District,Preschools,iTech Preparatory (6-12),itec***@gmail.com
Washington,Vancouver School District,Preschools,Skyview,skyv***@gmail.com
Washington,Vancouver School District,Preschools,Vancouver School of Arts and Academics (6-12),vsaa***@gmail.com
Washington,Vancouver School District,Preschools,Heights Campus,Lies***@gmail.com
Washington,Vashon Island School District,Elementary School,Chautauqua Elementary School,vash***@gmail.com
Washington,Vashon Island School District,,Student Link,vash***@gmail.com
Washington,Walla Walla School District,Elementary School,Berney Elementary,bern***@gmail.com
Washington,Walla Walla School District,Elementary School,Edison Elementary,Edis***@gmail.com
Washington,Walla Walla School District,Elementary School,Green Park Elementary,gree***@gmail.com
Washington,Walla Walla School District,Elementary School,Prospect Point Elementary,pros***@gmail.com
Washington,Walla Walla School District,Elementary School,Sharpstein Elementary,shar***@gmail.com
Washington,Warden School District,Elementary School,Warden Elementary School,paws***@warden.wednet.edu
Washington,Warden School District,Middle School,Warden Middle School,paws***@warden.wednet.edu
Washington,Warden School District,High School,Warden High School,paws***@warden.wednet.edu
Washington,Washington School for the Deaf,,Washington School for the Deaf,psof***@gmail.com
Washington,West Valley School District (Spokane),Elementary Schools,Ness,kari***@gmail.com
Washington,West Valley School District (Spokane),Elementary Schools,Orchard Center,orch***@gmail.com
Washington,West Valley School District (Spokane),Elementary Schools,Pasadena,ptop***@gmail.com
Washington,West Valley School District (Spokane),Elementary Schools,Seth Woodard,Seth***@gmail.com 
Washington,West Valley School District (Yakima),Elementary School,Summitview Elementary,summ***@gmail.com
Washington,White River School District,Middle School,Glacier Middle School,glac***@gmail.com
Washington,White River School District,Elementary School,Elk Ridge Elementary,ElkR***@gmail.com
Washington,White Salmon Valley Schools,,Wallace & Priscilla Stevenson Intermediate,wsvp***@gmail.com
Washington,White Salmon Valley Schools,Middle School,Henkle Middle School,wsvp***@gmail.com
Washington,White Salmon Valley Schools,Elementary School,Hulan L. Whitson Elementary,wsvp***@gmail.com
Washington,White Salmon Valley Schools,High School,Columbia High School,wsvp***@gmail.com
Washington,White Salmon Valley Schools,Academy,White Salmon Academy & Online Program,wsvp***@gmail.com
Washington,Willapa Valley School District,Elementary School,Willapa Elementary School ,amit***@gmail.com
Washington,Willapa Valley School District,Middle School,Willapa Valley Middle,amit***@gmail.com
Washington,Willapa Valley School District,High School,Willapa Valley High School,amit***@gmail.com
Washington,Winlock School District,Elementary School,Winlock Miller Elementary School,wsca***@gmail.com
Washington,Woodland School District,Elementary School,North Fork Elementary School,Wood***@gmail.com
Washington,Woodland School District,Elementary School,Yale Elementary School,Wood***@gmail.com
Washington,Woodland School District,Middle School,Woodland Middle School,Wood***@gmail.com
Washington,Woodland School District,High School,Woodland High School,Wood***@gmail.com
Washington,Yakima School District,Elementary School,Adams Elementary School,"ysd-***@ysd7.org, ysd-communityrelations@ysd7.org"
Washington,Yakima School District,Elementary School,Barge-Lincoln Elementary School,"barg***@gmail.com, tinajero.natalie@ysd7.org"
Washington,Yakima School District,,Davis,acda***@gmail.com
Washington,Yakima School District,,Discovery Early Learning Center,delc***@gmail.com
Washington,Yakima School District,,Eisenhower,"ysd-***@ysd7.org, ysd-communityrelations@ysd7.org"
Washington,Yakima School District,Middle School,Franklin Middle School,"ysd-***@ysd7.org, ysd-communityrelations@ysd7.org"
Washington,Yakima School District,Elementary School,Garfield Elementary School,"ysd-***@ysd7.org, ysd-garfieldadministration@ysd7.org, brownlow.steve@ysd7.org"
Washington,Yakima School District,Elementary School,Gilbert Elementary School,gilb***@gmail.com
Washington,Yakima School District,Elementary School,Hoover Elementary School,"ysd-***@ysd7.org, ysd-communityrelations@ysd7.org"
Washington,Yakima School District,Middle School,Lewis and Clark Middle School,"ysd-***@ysd7.org, ysd-communityrelations@ysd7.org"
Washington,Yakima School District,Elementary School,Martin Luther King Jr. Elementary School,"Howe***@ysd7.org, JOHN.SYDNEY@ysd7.org, ysd-communityrelations@ysd7.org"
Washington,Yakima School District,Elementary School,McKinley Elementary School,voor***@ysd7.org
Washington,Yelm School District,Elementary School,Fort Stevens Elementary,fort***@gmail.com
Washington,Yelm School District,Elementary School,Lackamas Elementary,ptol***@gmail.com
Washington,Yelm School District,Elementary School,McKenna Elementary,McKe***@gmail.com
Washington,Yelm School District,Elementary School,Prairie Elementary,yelm***@gmail.com
Washington,Yelm School District,Elementary School,Southworth Elementary,Sout***@gmail.com
Washington,Yelm School District,Middle School,Ridgeline Middle School,rmsb***@gmail.com
Washington,Yelm School District,Middle School,Yelm Middle School,ymsb***@gmail.com
Washington,Yelm School District,High School,Yelm High School,yhsc***@gmail.com
Nevada,Carson City School District,Elementary School,Al Seeliger,Ptos***@gmail.com
Nevada,Carson City School District,Elementary School,Edith W. Fritsch,frit***@gmail.com
Nevada,Carson City School District,Elementary School,Bordewich Bray,hell***@bbpto.com
Nevada,Carson City School District,Elementary School,Fremont,frem***@gmail.com
Nevada,Carson City School District,Middle School,Carson Middle,cars***@gmail.com
Nevada,Carson City School District,Middle School,Eagle Valley,apac***@gmail.com
Nevada,Carson City School District,High School,Carson High,iman***@carson.k12.nv.us
Nevada,Churchill School District,High School,Northside Early Learning Center,berv***@churchillcsd.com
Nevada,Churchill School District,Elementary School,E.C. Best Elementary School,rasm***@churchillcsd.com
Nevada,Clark County School District,Elementary School,"Abston, Sandra B. ES (Michelle Freter)",Abst***@gmail.com
Nevada,Clark County School District,Elementary School,"Allen, Dean LaMar ES (Juanita Frasier)",ptod***@gmail.com
Nevada,Clark County School District,Elementary School,"Bartlett, Selma F. ES (Brodie Christian)",selm***@gmail.com
Nevada,Clark County School District,Elementary School,"Beatty, John R. ES (Jennifer Krizmanic)",beat***@gmail.com
Nevada,Clark County School District,Elementary School,"Bennett, William G. ES (Jonathan Moss)",lemi***@nv.ccsd.net
Nevada,Clark County School District,Elementary School,"Berkley, Shelley ES (Diana Gomez)",berk***@gmail.com
Nevada,Clark County School District,Elementary School,Blue Diamond ES (Christine Vasquez),Blue***@gmail.com
Nevada,Clark County School District,Elementary School,"Bonner, John W. ES (David Kirkhart)",bonn***@gmail.com
Nevada,Clark County School District,Elementary School,"Bowler, Grant ES (Kelby Robison)",bowl***@gmail.com
Nevada,Clark County School District,Elementary School,"Bozarth, Henry and Evelyn ES (John McGuire)",Pres***@bozarthpto.com
Nevada,Clark County School District,Elementary School,"Bozarth, Henry and Evelyn ES (John McGuire)",secr***@bozarthpto.com
Nevada,Clark County School District,Elementary School,"Brown, Hannah Marie ES (Megan",Info***@gmail.com
Nevada,Clark County School District,Elementary School,"Carl, Kay ES (Tenisha Brunetti)",kayc***@gmail.com
Nevada,Clark County School District,Elementary School,"Conners, Eileen ES (Karen Marentic)",eisn***@nv.ccsd.net
Nevada,Clark County School District,Elementary School,"Darnell, Marshall C. ES (Kimberly Gray)",Darn***@gmail.com
Nevada,Clark County School District,Elementary School,"Dearing, Laura ES (Deborah Young Yock)",youn***@nv.ccsd.net
Nevada,Clark County School District,High School,Desert Oasis HS (Ian Salzman),dohs***@gmail.com
Nevada,Clark County School District,Elementary School,"Ellis, Robert and Sandy ES (Shannon Lewis)",0775***@nv.ccsd.net
Nevada,Clark County School District,Elementary School,"Fitzgerald, H. P. ES (Frederick Watson)",fitz***@gmail.com
Nevada,Clark County School District,High School,Foothill HS (Jonathan Synold),pto.***@gmail.com
Nevada,Clark County School District,Elementary School,"Forbuss, Robert L. ES (Christine Vasquez)",Forb***@gmail.com
Nevada,Clark County School District,Elementary School,"Fremont, John C. Professional Development MS (Abigail Johnson)",frem***@gmail.com
Nevada,Clark County School District,Elementary School,"Frias, Charles and Phyllis ES (Jeannine",pres***@friaspto.org
Nevada,Clark County School District,Elementary School,"Gibson, James I. ES (Jill Keith)",Gibs***@gmail.com
Nevada,Clark County School District,Elementary School,"Goolsby, Judy and John L. ES (Heather Hawley)",gool***@gmail.com
Nevada,Clark County School District,Elementary School,"Guy, Addeliar D. III ES (Lisa Meo)",guyp***@gmail.com
Nevada,Clark County School District,Elementary School,"Heckethorn, Howard E. ES (Mike N. Houle)",heck***@gmail.com
Nevada,Clark County School District,Elementary School,"Hill, Charlotte ES (Jennifer Reynolds)",char***@gmail.com
Nevada,Clark County School District,Elementary School,"Jones Blackhurst, Jan ES (Jennifer Boccia)",JJBJ***@gmail.com
Nevada,Clark County School District,Elementary School,"Kesterson, Lorna J. ES (Kelly Wright)",kest***@gmail.com
Nevada,Clark County School District,Elementary School,"Lamping, Frank ES (Jonathan Yutuc)",ptap***@lampingelementary.com
Nevada,Clark County School District,Elementary School,"Mack, Nate ES (Nicole Leighton)",nate***@gmail.com
Nevada,Clark County School District,Academy,"Mackey, Jo iLead Academy for the Digital Sciences (Michelle Matthews)",ebon***@gmail.com
Nevada,Clark County School District,Middle School,"Mannion, Jack and Terry MS (Todd Petersen)",pto.***@gmail.com
Nevada,Clark County School District,Elementary School,"McDoniel, Estes M. ES (Darla Richards)",este***@gmail.com
Nevada,Clark County School District,Academy,"Miller, Sandy Searles ES Academy for",sand***@gmail.com
Nevada,Clark County School District,Elementary School,"Newton, Ulis ES (Meaghan McGowan)",0947***@nv.ccsd.net
Nevada,Clark County School District,Elementary School,"Ober, D'Vorre and Hal ES (Melissa Baker)",oroa***@gmail.com
Nevada,Clark County School District,Academy,"Piggott, Clarence Academy of International",pigg***@gmail.com
Nevada,Clark County School District,Elementary School,"Reedom, Carolyn S. ES (Kalandra Sheppard)",Reed***@gmail.com
Nevada,Clark County School District,Elementary School,"Schorr, Steve ES (Shannon Williamson)",scho***@yahoo.com
Nevada,Clark County School District,Elementary School,"Staton, Ethel W. ES (Jaymi Clemens)",stat***@gmail.com
Nevada,Clark County School District,Elementary School,"Staton, Ethel W. ES (Jaymi Clemens)",stat***@gmail.com
Nevada,Clark County School District,Elementary School,"Steele, Judith D. ES (Jennifer Gerber)",Judi***@gmail.com
Nevada,Clark County School District,Elementary School,"Thompson, Sandra Lee ES (Jill Snyder)",thom***@gmail.com
Nevada,Clark County School District,Elementary School,"Twitchell, Neil C. ES (Misty Tyler)",twit***@gmail.com
Nevada,Clark County School District,Elementary School,"Vanderburg, John C. ES (Ronda Reedom)",ummm***@gmail.com
Nevada,Clark County School District,Elementary School,"Vassiliadis, Billy and Rosemary ES (Paul Catania)",vass***@gmail.com
Nevada,Clark County School District,Elementary School,"Wallin, Shirley and Bill ES (Katie Lombardo)",wall***@aol.com
Nevada,Clark County School District,Middle School,"Webb, Del E. MS (Heather Mounts)",delw***@gmail.com
Nevada,Clark County School District,Elementary School,"Wolfe, Eva M. ES (Jennifer French)",evaw***@gmail.com
Nevada,Clark County School District,Elementary School,"Wolff, Elise L. ES (Linnea Pagulayan Westwood)",elis***@gmail.com
Nevada,Douglas School District,Elementary School,C. C. Meneley Elementary School,ccme***@gmail.com
Nevada,Douglas School District,Elementary School,Jacks Valley Elementary School,ptso***@gmail.com
Nevada,Douglas School District,Elementary School,Minden Elementary School,mesp***@gmail.com
Nevada,Douglas School District,Elementary School,Piñon Hills Elementary School,pto.***@gmail.com
Nevada,Douglas School District,Elementary School,Scarselli Elementary School,ptos***@gmail.com
Nevada,Douglas School District,Elementary School,Zephyr Cove Elementary School,ZCES***@gmail.com
Nevada,Douglas School District,Middle School,Carson Valley Middle School,cvms***@gmail.com
Nevada,Douglas School District,High School,Aspire Academy High School,crun***@gmail.com
Nevada,Douglas School District,High School,Douglas High School,ccep***@gmail.com
Nevada,Douglas School District,High School,George Whittell High School,info***@whittellboosters.com
Nevada,Elko School District,Elementary School,Northside Elementary School,nort***@gmail.com
Nevada,Elko School District,Elementary School,Southside Elementary School,Sout***@gmail.com
Nevada,Lyon School District,Elementary School,Fernley Elementary School,fesp***@gmail.com
Nevada,Pyramid Lake High Schools,High School,Pyramid Lake Jr/Sr High School,lewi***@plhs.us
Nevada,Tahoe-Truckee Unified School District,Middle School,Alder Creek Middle School,alde***@gmail.com
Nevada,Tahoe-Truckee Unified School District,Elementary School,Kings Beach Elementary,pace***@gmail.com
Nevada,Washoe County School District,Elementary School,Beasley Elementary School,hell***@gmail.com
Nevada,Washoe County School District,Elementary School,Brown Elementary School,brow***@gmail.com
Nevada,Washoe County School District,Elementary School,Double Diamond Elementary School,PTO.***@gmail.com
Nevada,Washoe County School District,Elementary School,Hidden Valley Elementary School,amy.***@goldenrouteops.com
Nevada,Washoe County School District,Elementary School,Huffaker Elementary School,ptah***@gmail.com
Nevada,Washoe County School District,Elementary School,Hunsberger Elementary School,Huns***@gmail.com
Nevada,Washoe County School District,Elementary School,Incline Elementary School,Incl***@gmail.com
Nevada,Washoe County School District,Elementary School,Inskeep Elementary School,mich***@gmail.com
Nevada,Washoe County School District,Elementary School,Lenz Elementary School,lenz***@gmail.com
Nevada,Washoe County School District,Elementary School,Melton Elementary School,melt***@gmail.com
Nevada,Washoe County School District,Elementary School,Peavine Elementary School,peav***@gmail.com
Nevada,Washoe County School District,Elementary School,Poulakidas Elementary School,nick***@gmail.com
Nevada,Washoe County School District,Elementary School,Stead Elementary School,Stea***@hotmail.com
Nevada,Washoe County School District,Elementary School,Westergard Elementary School,pres***@westergardpto.org
Nevada,Washoe County School District,Middle School,Incline MS Middle School,imsj***@gmail.com
Nevada,Washoe County School District,Middle School,Marce Herz Middle School,info***@yourwebsite.com
Nevada,Washoe County School District,High School,Galena High School,admi***@ghs5starboosters.org
Colorado,Academy 20 (1040),Elementary School,Academy Endeavour Elementary School,Aees***@gmail.com
Colorado,Academy 20 (1040),Elementary School,Antelope Trails Elementary School,ante***@gmail.com
Colorado,Academy 20 (1040),Middle School,Challenger Middle School,chal***@gmail.com
Colorado,Academy 20 (1040),Elementary School,Chinook Trail Elementary School,ptac***@gmail.com
Colorado,Academy 20 (1040),Elementary School,Discovery Canyon Campus Elementary School,disc***@gmail.com
Colorado,Academy 20 (1040),High School,Discovery Canyon Campus High School,disc***@gmail.com
Colorado,Academy 20 (1040),Middle School,Discovery Canyon Campus Middle School,disc***@gmail.com
Colorado,Academy 20 (1040),Elementary School,Douglass Valley Elementary School,doug***@gmail.com
Colorado,Academy 20 (1040),Middle School,Eagleview Middle School,emsp***@gmail.com
Colorado,Academy 20 (1040),Elementary School,Edith Wolford Elementary School,edit***@gmail.com
Colorado,Academy 20 (1040),Elementary School,Encompass Heights Elementary School,ehes***@outlook.com
Colorado,Academy 20 (1040),Elementary School,Frontier Elementary School,fron***@gmail.com
Colorado,Academy 20 (1040),Elementary School,High Plains Elementary School,high***@gmail.com
Colorado,Academy 20 (1040),High School,Liberty High School,pare***@gmail.com
Colorado,Academy 20 (1040),Elementary School,Mountain View Elementary School,mvep***@gmail.com
Colorado,Academy 20 (1040),High School,Pine Creek High School,ptop***@gmail.com
Colorado,Academy 20 (1040),Elementary School,Pioneer Elementary School,Pion***@gmail.com
Colorado,Academy 20 (1040),Elementary School,Prairie Hills Elementary School,prai***@gmail.com
Colorado,Academy 20 (1040),Elementary School,Ranch Creek Elementary,ranc***@gmail.com
Colorado,Academy 20 (1040),Academy,The Classical Academy Charter,TCAC***@gmail.com
Colorado,Academy 20 (1040),Academy,The Classical Academy Charter,TCAC***@gmail.com
Colorado,Academy 20 (1040),Elementary School,Woodmen-Roberts Elementary School,your***@gmail.com
Colorado,Academy 20 (1040),,Aurora Frontier K-8,fron***@gmail.com
Colorado,Academy 20 (1040),,Aurora Highlands K-8,auro***@gmail.com
Colorado,Academy 20 (1040),Academy,Clara Brown Entrepreneurial Academy,cbea***@gmail.com
Colorado,Academy 20 (1040),Elementary School,Dalton Elementary School,Dalt***@gmail.com
Colorado,Academy 20 (1040),,Harmony Ridge P-8,Harm***@gmail.com
Colorado,Academy 20 (1040),,Murphy Creek K-8 School,murp***@gmail.com
Colorado,Academy 20 (1040),,Vista Peak P-8 Exploratory,vist***@gmail.com
Colorado,Alamosa RE-11J,Elementary School,Alamosa Elementary School 3-5,alam***@gmail.com
Colorado,Alamosa RE-11J,Elementary School,Alamosa Elementary School K-2,alam***@gmail.com
Colorado,Aspen 1 (2640),Elementary School,Aspen Elementary School,pto@***@aspenk12.net
Colorado,Aspen 1 (2640),High School,Aspen High School,Aspe***@gmail.com
Colorado,Bayfield 10 Jt-R (1530),,Bayfield Primary School,bayf***@gmail.com
Colorado,Bayfield 10 Jt-R (1530),,Bayfield Intermediate School,bayf***@gmail.com
Colorado,Bayfield 10 Jt-R (1530),Middle School,Bayfield Middle School,bayf***@gmail.com
Colorado,Bayfield 10 Jt-R (1530),High School,Bayfield High School,bayf***@gmail.com
Colorado,Boulder Valley Re 2 (0480),Elementary School,Aspen Creek K-8*,aspe***@gmail.com
Colorado,Boulder Valley Re 2 (0480),Elementary School,Bear Creek*,ashl***@gmail.com
Colorado,Boulder Valley Re 2 (0480),Elementary School,Community Montessori*,cmpt***@gmail.com
Colorado,Boulder Valley Re 2 (0480),Elementary School,Creekside*,cree***@gmail.com
Colorado,Boulder Valley Re 2 (0480),Elementary School,Crest View,coug***@rocv.org
Colorado,Boulder Valley Re 2 (0480),Elementary School,Douglass*,pres***@douglasselementarypto.org
Colorado,Boulder Valley Re 2 (0480),Elementary School,Eldorado PK-8*,eldo***@gmail.com
Colorado,Boulder Valley Re 2 (0480),Elementary School,Emerald*,emdr***@gmail.com
Colorado,Boulder Valley Re 2 (0480),Elementary School,Escuela Bilingue Pioneer*,info***@pioneerpto.org
Colorado,Boulder Valley Re 2 (0480),Elementary School,Fireside*,chai***@gmail.com
Colorado,Boulder Valley Re 2 (0480),Elementary School,Flatirons,flat***@gmail.com
Colorado,Boulder Valley Re 2 (0480),Elementary School,Foothill,comm***@foothillpto.com
Colorado,Boulder Valley Re 2 (0480),Elementary School,Gold Hill,gold***@gmail.com
Colorado,Boulder Valley Re 2 (0480),Elementary School,Kohl*,boar***@kohlcommunity.org
Colorado,Boulder Valley Re 2 (0480),Elementary School,Lafayette*,pres***@cougarpto.org
Colorado,Boulder Valley Re 2 (0480),Elementary School,Meadowlark PK-8*,pres***@mavsptsa.org
Colorado,Boulder Valley Re 2 (0480),Elementary School,Mesa*,mesa***@gmail.com
Colorado,Boulder Valley Re 2 (0480),Elementary School,Monarch PK-8*,PTO@***@mpk8pto.org
Colorado,Boulder Valley Re 2 (0480),Elementary School,Ryan*,lead***@ryanelementarypta.org
Colorado,Boulder Valley Re 2 (0480),Elementary School,University Hill*,unih***@gmail.com
Colorado,Boulder Valley Re 2 (0480),Middle School,Casey,case***@gmail.com
Colorado,Boulder Valley Re 2 (0480),Middle School,Manhattan,manh***@gmail.com
Colorado,Boulder Valley Re 2 (0480),Middle School,Meadowlark PK-8,pres***@mavsptsa.org
Colorado,Boulder Valley Re 2 (0480),Middle School,Monarch PK-8,PTO@***@mpk8pto.org
Colorado,Boulder Valley Re 2 (0480),Middle School,Nederland Middle-Senior,cont***@nmshspta.org
Colorado,Boulder Valley Re 2 (0480),Middle School,Nevin Platt,nevi***@gmail.com
Colorado,Boulder Valley Re 2 (0480),Middle School,Southern Hills,PTO.***@gmail.com
Colorado,Boulder Valley Re 2 (0480),High School,Broomfield,mand***@bvsd.org
Colorado,Boulder Valley Re 2 (0480),Middle School,Nederland Middle-Senior,cont***@nmshspta.org
Colorado,Buena Vista R-31 (0490),Elementary School,Avery/Parsons Elementary School,pto@***@bvschools.org
Colorado,Canon City RE-1 (1140),,Canon Exploratory School,Cano***@gmail.com
Colorado,Cherry Creek 5 (0130),Elementary School,Altitude Elementary, inf***@altitudeptco.com
Colorado,Cherry Creek 5 (0130),Elementary School,Antelope Ridge Elementary,anrp***@gmail.com​
Colorado,Cherry Creek 5 (0130),Elementary School,Arrowhead Elementary,pres***@ccparentscouncil.org
Colorado,Cherry Creek 5 (0130),Elementary School,Aspen Crossing Elementary,Secr***@aceptco.com
Colorado,Cherry Creek 5 (0130),Elementary School,Canyon Creek Elementary,PTCO***@gmail.com
Colorado,Cherry Creek 5 (0130),,Challenge School (K-8),PTCO***@gmail.com
Colorado,Cherry Creek 5 (0130),Academy,Cherry Creek Academy Charter (K-8)(/tab),pto@***@cherrycreekacademy.org
Colorado,Cherry Creek 5 (0130),Elementary School,Cottonwood Creek Elementary,wmco***@gmail.com
Colorado,Cherry Creek 5 (0130),Elementary School,Creekside Elementary,cree***@gmail.com
Colorado,Cherry Creek 5 (0130),Elementary School,Dakota Valley Elementary,pres***@dvptco.com
Colorado,Cherry Creek 5 (0130),Elementary School,Fox Hollow Elementary,foxh***@gmail.com
Colorado,Cherry Creek 5 (0130),Elementary School,Heritage Elementary,hert***@gmail.com
Colorado,Cherry Creek 5 (0130),Academy,Heritage Heights Academy Charter (K-8)(/tab),hhap***@gmail.com
Colorado,Cherry Creek 5 (0130),Elementary School,High Plains Elementary,high***@gmail.com
Colorado,Cherry Creek 5 (0130),Elementary School,Holly Hills/Ridge Elementary,holl***@gmail.com
Colorado,Cherry Creek 5 (0130),Elementary School,Independence Elementary,pres***@independenceptco.org
Colorado,Cherry Creek 5 (0130),Elementary School,Indian Ridge Elementary,indi***@gmail.com
Colorado,Cherry Creek 5 (0130),Elementary School,Meadow Point Elementary,info***@mpptco.org
Colorado,Cherry Creek 5 (0130),Elementary School,Mission Viejo Elementary,mve.***@gmail.com
Colorado,Cherry Creek 5 (0130),Elementary School,Mountain Vista Elementary,pres***@gmail.com
Colorado,Cherry Creek 5 (0130),Elementary School,Peakview Elementary,pres***@peakviewpto.com
Colorado,Cherry Creek 5 (0130),Elementary School,Pine Ridge Elementary,info***@pantherspto.com
Colorado,Cherry Creek 5 (0130),Elementary School,Red Hawk Ridge Elementary,boar***@redhawkridgeptco.com
Colorado,Cherry Creek 5 (0130),Elementary School,Sagebrush Elementary,Sage***@gmail.com
Colorado,Cherry Creek 5 (0130),Elementary School,Summit Elementary,summ***@gmail.com
Colorado,Cherry Creek 5 (0130),Elementary School,Sunrise Elementary,ptco***@gmail.com
Colorado,Cherry Creek 5 (0130),Elementary School,Woodland Elementary,pres***@woodlandptco.com
Colorado,Cherry Creek 5 (0130),Middle School,Campus Middle School,camp***@gmail.com
Colorado,Cherry Creek 5 (0130),,Challenge School (K-8),PTCO***@gmail.com
Colorado,Cherry Creek 5 (0130),Middle School,Falcon Creek Middle School,Falc***@gmail.com
Colorado,Cherry Creek 5 (0130),Middle School,Fox Ridge Middle School,FRMS***@gmail.com
Colorado,Cherry Creek 5 (0130),Middle School,Infinity Middle School,cont***@ptboard.com
Colorado,Cherry Creek 5 (0130),Middle School,Liberty Middle School,info***@libertyptco.com
Colorado,Cherry Creek 5 (0130),Middle School,Prairie Middle School,ptco***@gmail.com
Colorado,Cherry Creek 5 (0130),Middle School,Sky Vista Middle School,pres***@skyvistaptco.com
Colorado,Cherry Creek 5 (0130),Middle School,Thunder Ridge Middle School,trms***@gmail.com
Colorado,Cherry Creek 5 (0130),Middle School,West Middle School,pres***@westptco.com
Colorado,Cherry Creek 5 (0130),High School,Cherokee Trail High School,pres***@cherokeetrailhsptco.com
Colorado,Cherry Creek 5 (0130),High School,Cherry Creek High School,cree***@gmail.com
Colorado,Cherry Creek 5 (0130),High School,Eaglecrest High School,ehsp***@gmail.com
Colorado,Cherry Creek 5 (0130),High School,Grandview High School,comm***@grandviewptco.org
Colorado,Cherry Creek 5 (0130),High School,Overland High School,over***@gmail.com
Colorado,Cherry Creek 5 (0130),High School,Smoky Hill High School,smok***@gmail.com
Colorado,Cheyenne Mountain 12 (1020),,Cañon School,Cano***@gmail.com
Colorado,Cheyenne Mountain 12 (1020),Elementary School,Cheyenne Mountain Elementary School,cmep***@gmail.com
Colorado,Cheyenne Mountain 12 (1020),High School,Cheyenne Mountain High School,d12c***@gmail.com
Colorado,Cheyenne Mountain 12 (1020),High School,Cheyenne Mountain Junior High School,CMJH***@gmail.com
Colorado,Cheyenne Mountain 12 (1020),Elementary School,Piñon Valley Elementary School,PVEw***@gmail.com
Colorado,Clear Creek RE-1 (0540),,Georgetown Community School,gcs.***@ccsdre1.org
Colorado,Colorado Springs 11 (1010),Elementary School,Buena Vista Elementary,bvmo***@gmail.com
Colorado,Colorado Springs 11 (1010),High School,Coronado High School, Cor***@gmail.com
Colorado,Colorado Springs 11 (1010),Elementary School,Rogers Elementary School,will***@gmail.com
Colorado,Colorado Springs 11 (1010),Elementary School,Rudy Elementary School,rudy***@gmail.com
Colorado,Colorado Springs 11 (1010),Elementary School,Scott Elementary School,Info***@verascottpta.com
Colorado,Colorado Springs 11 (1010),Elementary School,Steele Elementary School,stee***@gmail.com
Colorado,Colorado Springs 11 (1010),Elementary School,Stratton Elementary School,thes***@gmail.com
Colorado,Colorado Springs 11 (1010),,West Campus,west***@gmail.com
Colorado,Creede School District (2010),,Creede School,pto@***@creedek12.net
Colorado,Denver County 1 (0880),Elementary School,Asbury Elementary School,Asbu***@gmail.com
Colorado,Denver County 1 (0880),Elementary School,Beach Court Elementary School,beac***@gmail.com
Colorado,Denver County 1 (0880),Academy,Brown International Academy,pres***@brownpta.org
Colorado,Denver County 1 (0880),Elementary School,Carson Elementary School,ptac***@gmail.com
Colorado,Denver County 1 (0880),Elementary School,Columbine Elementary School,colu***@gmail.com
Colorado,Denver County 1 (0880),Elementary School,Dora Moore Elementary,Dora***@gmail.com
Colorado,Denver County 1 (0880),,Denver Center For International Studies at Fairmont,ptad***@gmail.com
Colorado,Denver County 1 (0880),Elementary School,Edison Elementary School,ptae***@gmail.com
Colorado,Denver County 1 (0880),,French American School of Denver,pto@***@fasdenver.org
Colorado,Denver County 1 (0880),Academy,Highline Academy,pwpn***@highilneacademy.org
Colorado,Denver County 1 (0880),Elementary School,Inspire Elementary School,boar***@inspirepto.com
Colorado,Denver County 1 (0880),,Joe Shoemaker School,joes***@gmail.com
Colorado,Denver County 1 (0880),Elementary School,Lincoln Elementary School,pres***@mylincolnptsa.org
Colorado,Denver County 1 (0880),Elementary School,McMeen Elementary School,mcme***@gmail.com
Colorado,Denver County 1 (0880),Elementary School,Steck Elementary School,stec***@gmail.com
Colorado,Denver County 1 (0880),Elementary School,Steele Elementary School,stee***@gmail.com
Colorado,Denver County 1 (0880),Elementary School,University Park Elementary School,upar***@gmail.com
Colorado,Denver County 1 (0880),Elementary School,Westerly Creek Elementary School,info***@thewcepta.com
Colorado,Denver County 1 (0880),Elementary School,Willow Elementary School,will***@gmail.com
Colorado,Denver County 1 (0880),,Denver Language School,ramo***@denverlanguageschool.org
Colorado,Denver County 1 (0880),,Grant Ranch ECE-8,gran***@gmail.com
Colorado,Denver County 1 (0880),,Slavens K-8,Slav***@gmail.com
Colorado,Denver County 1 (0880),Middle School,Morey Middle School,frie***@gmail.com
Colorado,Denver County 1 (0880),High School,John F. Kennedy High School,jfkc***@gmail.com
Colorado,Denver County 1 (0880),Academy,PREP Academy,step***@dpsk12.net
Colorado,Denver County 1 (0880),Middle School,Merrill Middle School ,ptsa***@gmail.com
Colorado,Denver County 1 (0880),High School,Denver North High School,denv***@gmail.com
Colorado,District 49 (1110),Elementary School,Falcon Elementary School of Technology,alli***@gmail.com
Colorado,District 49 (1110),Middle School,Falcon Middle School,alli***@gmail.com
Colorado,District 49 (1110),Elementary School,Meridian Ranch Elementary School,mres***@gmail.com
Colorado,District 49 (1110),Elementary School,Springs Ranch Elementary School,spri***@gmail.com
Colorado,District 49 (1110),Elementary School,Woodmen Hills Elementary School,wood***@gmail.com
Colorado,District 49 (1110),Academy,Rocky Mountain Classical Academy,pto@***@rmcacs.org
Colorado,Dolores RE-4A (2055),High School,Dolores Secondary (HS/MS),dolo***@gmail.com
Colorado,Douglas County Re 1 (0900),Elementary School,Acres Green Elementary,alys***@icloud.com
Colorado,Douglas County Re 1 (0900),Elementary School,Arrowwood Elementary,awep***@gmail.com
Colorado,Douglas County Re 1 (0900),Elementary School,Bear Canyon Elementary,bcep***@gmail.com
Colorado,Douglas County Re 1 (0900),Elementary School,Buffalo Ridge Elementary,Buff***@gmail.com
Colorado,Douglas County Re 1 (0900),Elementary School,Castle Rock Elementary,crep***@gmail.com
Colorado,Douglas County Re 1 (0900),Elementary School,Cherokee Trail Elementary,CTEP***@gmail.com
Colorado,Douglas County Re 1 (0900),Elementary School,Cherry Valley Elementary,lace***@dcsdk12.org
Colorado,Douglas County Re 1 (0900),Elementary School,Clear Sky Elementary,info***@CSEPTO.com
Colorado,Douglas County Re 1 (0900),Elementary School,Cougar Run Elementary,crun***@gmail.com
Colorado,Douglas County Re 1 (0900),Elementary School,Coyote Creek Elementary,ccep***@gmail.com
Colorado,Douglas County Re 1 (0900),Elementary School,Eagle Ridge Elementary,pta4***@gmail.com
Colorado,Douglas County Re 1 (0900),Elementary School,Eldorado Elementary,pto.***@gmail.com
Colorado,Douglas County Re 1 (0900),Elementary School,Fox Creek Elementary,fcep***@gmail.com
Colorado,Douglas County Re 1 (0900),Elementary School,Franktown Elementary,fran***@gmail.com
Colorado,Douglas County Re 1 (0900),Elementary School,Frontier Valley Elementary,thom***@gmail.com
Colorado,Douglas County Re 1 (0900),Elementary School,Gold Rush Elementary,pres***@grepto.org
Colorado,Douglas County Re 1 (0900),Elementary School,Heritage Elementary,ptoh***@gmail.com
Colorado,Douglas County Re 1 (0900),Elementary School,Iron Horse Elementary, par***@gmail.com  
Colorado,Douglas County Re 1 (0900),Elementary School,Larkspur Elementary,lesp***@gmail.com
Colorado,Douglas County Re 1 (0900),Elementary School,Legacy Point Elementary,ptib***@gmail.com
Colorado,Douglas County Re 1 (0900),Elementary School,Lone Tree Elementary,ltep***@gmail.com
Colorado,Douglas County Re 1 (0900),Elementary School,Mammoth Heights Elementary,mhep***@gmail.com
Colorado,Douglas County Re 1 (0900),Elementary School,Meadow View Elementary,mdve***@gmail.com
Colorado,Douglas County Re 1 (0900),Elementary School,Northeast Elementary,nemv***@gmail.com
Colorado,Douglas County Re 1 (0900),Elementary School,Northridge Elementary,ptop***@gmail.com
Colorado,Douglas County Re 1 (0900),Elementary School,Pine Grove Elementary,pgea***@gmail.com
Colorado,Douglas County Re 1 (0900),Elementary School,Pioneer Elementary,PTOP***@gmail.com
Colorado,Douglas County Re 1 (0900),Elementary School,Redstone Elementary,Reds***@gmail.com
Colorado,Douglas County Re 1 (0900),,Renaissance Expeditionary Magnet School,pres***@remspcf.org
Colorado,Douglas County Re 1 (0900),,Roxborough Primary and Intermediate School,meli***@outlook.com
Colorado,Douglas County Re 1 (0900),Elementary School,Sand Creek Elementary,sand***@gmail.com
Colorado,Douglas County Re 1 (0900),Elementary School,Sedalia Elementary,seda***@gmail.com
Colorado,Douglas County Re 1 (0900),Elementary School,South Ridge Elementary,srid***@gmail.com
Colorado,Douglas County Re 1 (0900),Elementary School,Timber Trail Elementary,timb***@gmail.com
Colorado,Douglas County Re 1 (0900),Elementary School,Wildcat Mountain Elementary,ptow***@gmail.com
Colorado,Douglas County Re 1 (0900),Middle School,Castle Rock Middle School,CRMS***@GMAIL.COM
Colorado,Douglas County Re 1 (0900),Middle School,Mesa Middle School,mesa***@gmail.com
Colorado,Douglas County Re 1 (0900),Middle School,Sagewood Middle School,sgms***@gmail.com
Colorado,Douglas County Re 1 (0900),High School,Castle View High School,sabe***@gmail.com
Colorado,Douglas County Re 1 (0900),High School,Mountain Vista High School,mvbc***@gmail.com
Colorado,Douglas County Re 1 (0900),Academy,American Academy Castle Pines,ptoc***@aak8.org
Colorado,Douglas County Re 1 (0900),Academy,American Academy Lincoln Meadows,ptol***@aak8.org
Colorado,Douglas County Re 1 (0900),Academy,American Academy Motsenbocker,PTOM***@aak8.org
Colorado,Douglas County Re 1 (0900),Academy,Aspen View Academy,pto@***@aspenviewacademy.org
Colorado,Douglas County Re 1 (0900),Academy,Ben Franklin Academy,pto@***@bfacademy.org
Colorado,Douglas County Re 1 (0900),Academy,Global Village Academy,pic@***@gvaschools.org
Colorado,Durango 9-R (1520),High School,Durango High School,dura***@gmail.com
Colorado,Durango 9-R (1520),Elementary School,Florida Mesa Elementary School,flor***@gmail.com
Colorado,Durango 9-R (1520),Elementary School,Fort Lewis Mesa Elementary School,fort***@gmail.com
Colorado,Durango 9-R (1520),Middle School,Miller Middle School,mill***@gmail.com 
Colorado,Durango 9-R (1520),Elementary School,Needham Elementary School,need***@gmail.com 
Colorado,Durango 9-R (1520),Elementary School,Park Elementary School,park***@gmail.com
Colorado,Durango 9-R (1520),Elementary School,Riverview Elementary School,Rive***@gmail.com
Colorado,Durango 9-R (1520),Elementary School,Riverview Elementary School,adri***@gmail.com
Colorado,Durango 9-R (1520),Elementary School,Sunnyside Elementary School,sunn***@gmail.com
Colorado,Durango 9-R (1520),,The Juniper School,juni***@gmail.com
Colorado,Eagle County RE 50 (0910),High School,Battle Mountain High School,batt***@gmail.com
Colorado,Eagle County RE 50 (0910),Elementary School,Eagle Valley Elementary School,ptae***@gmail.com
Colorado,Eagle County RE 50 (0910),High School,Eagle Valley High School,evhs***@gmail.com
Colorado,Eagle County RE 50 (0910),Middle School,Gypsum Creek Middle School,gcms***@gmail.com
Colorado,Eagle County RE 50 (0910),Elementary School,Red Sandstone Elementary School,RSES***@gmail.com
Colorado,Eagle County RE 50 (0910),Academy,Vail Ski & Snowboard Academy,vssa***@gmail.com
Colorado,Elbert 200 (0950),Elementary School,Elbert Elementary School,Elbe***@hotmail.com 
Colorado,Elizabeth School District (0920),Elementary School,Running Creek Elementary,crob***@esdk12.org
Colorado,Ellicott 22 (1050),Elementary School,Ellicott Elementary School,elli***@gmail.com
Colorado,Englewood 1 (0120),,Charles Hay World School,hayp***@gmail.com
Colorado,Englewood 1 (0120),Elementary School,Clayton Elementary,clay***@gmail.com
Colorado,Fountain 8 (1000),Elementary School,Eagleside Elementary,eagl***@gmail.com
Colorado,Garfield 16 (1220),Middle School,Grand Valley Middle School,gv_p***@garfield16.org
Colorado,Garfield 16 (1220),High School,Grand Valley High School,gv_p***@garfield16.org
Colorado,Garfield Re-2 (1195),Elementary School,Graham Mesa Elementary,grah***@gmail.com
Colorado,Garfield Re-2 (1195),Middle School,Rifle Middle School,rifl***@gmail.com
Colorado,Greeley 6 (3120),Elementary School,Heiman Elementary,tipa***@yahoo.com
Colorado,Greeley 6 (3120),Elementary School,Shawsheen Elementary,LARC***@GREELEYSCHOOLS.ORG
Colorado,Hayden RE-1 (2760),Elementary School,Hayden Valley Elementary Preschool,hayd***@yahoo.com
Colorado,Hayden RE-1 (2760),Elementary School,Hayden Valley Elementary School,hayd***@yahoo.com
Colorado,Hayden RE-1 (2760),Middle School,Hayden Middle School,hayd***@yahoo.com
Colorado,Hayden RE-1 (2760),High School,Hayden High School,hayd***@yahoo.com
Colorado,Jefferson County R-1 (1420),Elementary School,Adams Elementary School,bae.***@gmail.com
Colorado,Jefferson County R-1 (1420),Elementary School,Bergen Elementary School,berg***@gmail.com
Colorado,Jefferson County R-1 (1420),Elementary School,Blue Heron Elementary School,pta.***@gmail.com
Colorado,Jefferson County R-1 (1420),,Campbell Early Learning Center,camp***@gmail.com
Colorado,Jefferson County R-1 (1420),Academy,Collegiate Academy of Colorado,cacf***@collegiateacademy.net
Colorado,Jefferson County R-1 (1420),Elementary School,Deane Elementary School,dean***@gmail.com
Colorado,Jefferson County R-1 (1420),Elementary School,Dutch Creek Elementary School,dutc***@gmail.com
Colorado,Jefferson County R-1 (1420),Elementary School,Elk Creek Elementary School,ecep***@gmail.com
Colorado,Jefferson County R-1 (1420),Elementary School,Foothills Elementary School,pta4***@gmail.com
Colorado,Jefferson County R-1 (1420),Elementary School,Governor's Ranch Elementary School,info***@grepta.org
Colorado,Jefferson County R-1 (1420),,Jefferson County Open School,hell***@jcosptso.org
Colorado,Jefferson County R-1 (1420),Elementary School,Kendallvue Elementary School,team***@gmail.com
Colorado,Jefferson County R-1 (1420),Elementary School,Kendrick Lakes Elementary School,KLES***@gmail.com
Colorado,Jefferson County R-1 (1420),Elementary School,Kyffin Elementary School,PTAK***@gmail.com
Colorado,Jefferson County R-1 (1420),Academy,Lincoln Academy(/tab),PTOl***@gmail.com
Colorado,Jefferson County R-1 (1420),Elementary School,Maple Grove Elementary School,Pres***@MapleGrovePTA.org
Colorado,Jefferson County R-1 (1420),Elementary School,Meiklejohn Elementary,meik***@gmail.com
Colorado,Jefferson County R-1 (1420),Elementary School,Mortensen Elementary School,mept***@gmail.com
Colorado,Jefferson County R-1 (1420),Elementary School,Mount Carbon Elementary School,moun***@gmail.com
Colorado,Jefferson County R-1 (1420),Elementary School,Normandy Elementary School,norm***@gmail.com
Colorado,Jefferson County R-1 (1420),,Patterson International School,patt***@gmail.com
Colorado,Jefferson County R-1 (1420),,Peak Expeditionary School at Pennington,peak***@gmail.com
Colorado,Jefferson County R-1 (1420),Elementary School,Powderhorn Elementary School,powd***@gmail.com
Colorado,Jefferson County R-1 (1420),Elementary School,Ryan Elementary School,PTAa***@gmail.com
Colorado,Jefferson County R-1 (1420),Elementary School,Semper Elementary School,Semp***@gmail.com
Colorado,Jefferson County R-1 (1420),Elementary School,Shelton Elementary School,Shel***@gmail.com
Colorado,Jefferson County R-1 (1420),Elementary School,Sierra Elementary School,gene***@sierraptaarvada.org
Colorado,Jefferson County R-1 (1420),Elementary School,Slater Elementary School,ptas***@gmail.com
Colorado,Jefferson County R-1 (1420),Elementary School,Stony Creek Elementary School,ston***@gmail.com
Colorado,Jefferson County R-1 (1420),Elementary School,Ute Meadows Elementary School,utem***@gmail.com
Colorado,Jefferson County R-1 (1420),Elementary School,Van Arsdale Elementary School,vapt***@gmail.com
Colorado,Jefferson County R-1 (1420),Elementary School,Warder Elementary School,ward***@gmail.com
Colorado,Jefferson County R-1 (1420),Elementary School,Welchester Elementary School,Welc***@gmail.com
Colorado,Jefferson County R-1 (1420),Elementary School,West Jefferson Elementary School,wjeb***@gmail.com
Colorado,Jefferson County R-1 (1420),Elementary School,Westgate Elementary School,West***@gmail.com
Colorado,Jefferson County R-1 (1420),Elementary School,Wilmot Elementary School,wilm***@gmail.com
Colorado,Jefferson County R-1 (1420),Middle School,Bell Middle School,Bell***@gmail.com
Colorado,Jefferson County R-1 (1420),Middle School,Carmody Middle School,carm***@gmail.com
Colorado,Jefferson County R-1 (1420),Middle School,Creighton Middle School,Crei***@gmail.com
Colorado,Jefferson County R-1 (1420),Middle School,Deer Creek Middle School,Deer***@gmail.com
Colorado,Jefferson County R-1 (1420),Middle School,Drake Middle School,drak***@gmail.com
Colorado,Jefferson County R-1 (1420),Middle School,Dunstan Middle School,ptad***@gmail.com
Colorado,Jefferson County R-1 (1420),Middle School,Everitt Middle School,Ever***@gmail.com
Colorado,Jefferson County R-1 (1420),Middle School,Falcon Bluffs Middle School,Falc***@gmail.com
Colorado,Jefferson County R-1 (1420),Middle School,Ken Caryl Middle School,kcms***@gmail.com
Colorado,Jefferson County R-1 (1420),Middle School,North Arvada Middle School,nams***@gmail.com
Colorado,Jefferson County R-1 (1420),Middle School,Oberon Middle School,ober***@gmail.com
Colorado,Jefferson County R-1 (1420),High School,Pomona Junior/Senior High School,pomo***@gmail.com
Colorado,Jefferson County R-1 (1420),Middle School,West Jefferson Middle School,wjms***@gmail.com
Colorado,Jefferson County R-1 (1420),High School,Arvada West High School,AWes***@gmail.com
Colorado,Jefferson County R-1 (1420),High School,Evergreen High School,ever***@gmail.com
Colorado,Jefferson County R-1 (1420),High School,Golden High School,pres***@goldendemonspta.org
Colorado,Jefferson County R-1 (1420),High School,Lakewood High School,Lake***@gmail.com
Colorado,Jefferson County R-1 (1420),High School,Standley Lake High School,slhs***@gmail.com
Colorado,Jefferson County R-1 (1420),High School,Wheat Ridge High School,whea***@gmail.com
Colorado,Johnstown-Milliken RE-5J (3110),Elementary School,Elwell Elementary School,elwe***@gmail.com
Colorado,Johnstown-Milliken RE-5J (3110),Elementary School,Pioneer Ridge Elementary School,pion***@gmail.com
Colorado,Johnstown-Milliken RE-5J (3110),Academy,CIVICA Academy(),civi***@gmail.com
Colorado,Lewis-Palmer 38 (1080),Elementary School,Bear Creek Elementary School,bear***@yahoo.com
Colorado,Lewis-Palmer 38 (1080),Elementary School,Lewis-Palmer Elementary School,pres***@lpespto.org
Colorado,Lewis-Palmer 38 (1080),Elementary School,Palmer Lake Elementary School,palm***@gmail.com
Colorado,Lewis-Palmer 38 (1080),Elementary School,Prairie Winds Elementary School,pwes***@gmail.com
Colorado,Lewis-Palmer 38 (1080),Elementary School,Ray E. Kilmer Elementary School,rkes***@lewispalmer.org
Colorado,Lewis-Palmer 38 (1080),Middle School,Lewis-Palmer Middle School,lpms***@gmail.com
Colorado,Littleton 6 (0140),Academy,Centennial Academy of Fine Arts,cent***@gmail.com
Colorado,Littleton 6 (0140),Elementary School,Field Elementary School,Help***@gmail.com
Colorado,Littleton 6 (0140),Elementary School,Ford Elementary School,Ford***@gmail.com
Colorado,Littleton 6 (0140),Elementary School,Gaskill Elementary School,gask***@gmail.com
Colorado,Littleton 6 (0140),Elementary School,Hopkins Elementary School,hopk***@gmail.com
Colorado,Littleton 6 (0140),Elementary School,Lenski Elementary School,Lens***@gmail.com
Colorado,Littleton 6 (0140),Elementary School,Little Raven Elementary School,litt***@gmail.com
Colorado,Littleton 6 (0140),Elementary School,Runyon Elementary School,Pres***@RunyonPTO.org
Colorado,Littleton 6 (0140),Elementary School,Wilder Elementary School,vips***@wilderelempto.org
Colorado,Littleton 6 (0140),Middle School,Goddard Middle School,godd***@gmail.com
Colorado,Littleton 6 (0140),Middle School,Newton Middle School,Newt***@outlook.com
Colorado,Littleton 6 (0140),Middle School,Powell Middle School,powe***@gmail.com
Colorado,Littleton 6 (0140),High School,Arapahoe High School,arap***@gmail.com
Colorado,Littleton 6 (0140),High School,Heritage High School,heri***@gmail.com
Colorado,Littleton 6 (0140),High School,Littleton High School,litt***@gmail.com
Colorado,Littleton 6 (0140),,The Village for Early Childhood Education,thev***@gmail.com
Colorado,Mesa County Valley 51 (2000),Elementary School,Broadway Elementary,Broa***@gmail.com
Colorado,Mesa County Valley 51 (2000),Elementary School,Dos Rios Elementary,ashl***@d51schools.org
Colorado,Mesa County Valley 51 (2000),Academy,Dual Immersion Academy,viva***@gmail.com
Colorado,Mesa County Valley 51 (2000),Elementary School,Mesa View Elementary,mesa***@gmail.com
Colorado,Mesa County Valley 51 (2000),Elementary School,Monument Ridge Elementary,monu***@gmail.com
Colorado,Mesa County Valley 51 (2000),Elementary School,Orchard Avenue Elementary,orch***@gmail.com
Colorado,Mesa County Valley 51 (2000),Elementary School,Shelledy Elementary,shel***@gmail.com
Colorado,Mesa County Valley 51 (2000),Elementary School,Wingate Elementary,wing***@gmail.com
Colorado,Mesa County Valley 51 (2000),Middle School,Bookcliff Middle School,Bria***@d51school.org
Colorado,Mesa County Valley 51 (2000),Middle School,Orchard Mesa Middle School,dann***@d51schools.org
Colorado,Mesa County Valley 51 (2000),Middle School,Redlands Middle School,rmsb***@gmail.com
Colorado,Mesa County Valley 51 (2000),High School,Fruita Monument High School,wild***@hotmail.com
Colorado,Mesa County Valley 51 (2000),High School,Grand Junction High School,Boos***@gmail.com
Colorado,Mesa County Valley 51 (2000),High School,Palisade High School,pali***@gmail.com
Colorado,Moffat 2 (2800),,Crestone Charter School (2018),tfre***@moffatschools.org
Colorado,Moffat 2 (2800),,Moffat Prek-12 School (5958),tfre***@moffatschools.org
Colorado,Montrose County RE-1J (2180),,Early Childhood Centers,mont***@gmail.com
Colorado,Montrose County RE-1J (2180),Elementary School,Cottonwood Elementary,mont***@gmail.com
Colorado,Montrose County RE-1J (2180),Elementary School,Johnson Elementary,jest***@hotmail.com
Colorado,Montrose County RE-1J (2180),Elementary School,Oak Grove Elementary,zach***@yahoo.com
Colorado,Montrose County RE-1J (2180),Elementary School,Pomona Elementary,mont***@gmail.com
Colorado,Montrose County RE-1J (2180),Middle School,Columbine Middle School,eric***@mcsd.org
Colorado,Montrose County RE-1J (2180),Middle School,Centennial Middle School,mont***@gmail.com
Colorado,Montrose County RE-1J (2180),High School,Black Canyon High School,mont***@gmail.com
Colorado,Montrose County RE-1J (2180),High School,Montrose High School,Brid***@mcsd.org
Colorado,Montrose County RE-1J (2180),High School,Olathe Middle and High School,mont***@gmail.com
Colorado,Montrose County RE-1J (2180),Academy,Peak Virtual Academy,mont***@gmail.com
Colorado,Montrose County RE-1J (2180),,Outer Range,mont***@gmail.com
Colorado,Montrose County RE-1J (2180),,Vista Charter School,mont***@gmail.com
Colorado,Ouray R-1 (2580),Elementary School,Ouray Elementary School (6596),patt***@gmail.com
Colorado,Ouray R-1 (2580),Middle School,Ouray Middle School (6598),boos***@ourayschool.org
Colorado,Ouray R-1 (2580),High School,Ouray Senior High School (6600),boos***@ourayschool.org
Colorado,Peyton 23 Jt (1060),Elementary School,Peyton Elementary School (6898),peyt***@gmail.com
Colorado,Platte Valley RE-7 (3130),Elementary School,Platte Valley Elementary School (7052),ptc@***@pvre7.org
Colorado,Pueblo City 60 (2690),High School,Central High School,cand***@gmail.com
Colorado,Pueblo City 60 (2690),Elementary School,Irving Elementary,rena***@pueblod60.org
Colorado,Pueblo County 70 (2700),Elementary School,Prairie Winds Elementary School(),pueb***@gmail.com
Colorado,Pueblo County 70 (2700),Elementary School,Sierra Vista Elementary School(),Sier***@gmail.com
Colorado,Roaring Fork RE-1 (1180),Elementary School,Crystal River Elementary School,CRES***@rfschools.com
Colorado,Roaring Fork RE-1 (1180),Elementary School,Glenwood Springs Elementary School,gses***@gmail.com
Colorado,Roaring Fork RE-1 (1180),Elementary School,Sopris Elementary School,sopr***@gmail.com
Colorado,Roaring Fork RE-1 (1180),High School,Roaring Fork High School,rfhs***@gmail.com
Colorado,Salida R-32 (0500),High School,Salida High School,ssab***@gmail.com
Colorado,Salida R-32 (0500),Elementary School,Longfellow Elementary School,lpa@***@salidaschools.org
Colorado,Sargent RE-33J (2750),Elementary School,Sargent Elementary School (7660),sarg***@sargent.k12.co.us
Colorado,School District 27J (0040),Charter,Belle Creek Charter School(),PTO@***@BelleCreekCS.org
Colorado,South Routt RE 3 (2780),,Soroco Preschool at Yampa,soro***@gmail.com
Colorado,South Routt RE 3 (2780),Elementary School,South Routt Elementary School,soro***@gmail.com
Colorado,South Routt RE 3 (2780),High School,Soroco Middle/High School,soro***@gmail.com
Colorado,St Vrain Valley RE1J (0470),Elementary School,Alpine Elementary,aept***@gmail.com
Colorado,St Vrain Valley RE1J (0470),Middle School,Altona Middle,alto***@gmail.com
Colorado,St Vrain Valley RE1J (0470),Elementary School,Black Rock Elementary,pres***@brespto.com
Colorado,St Vrain Valley RE1J (0470),Elementary School,Blue Mountain Elementary,boar***@bluemountainpto.com
Colorado,St Vrain Valley RE1J (0470),Elementary School,Burlington Elementary,pres***@burlingtonpto.com
Colorado,St Vrain Valley RE1J (0470),Elementary School,Centennial Elementary,cnel***@gmail.com
Colorado,St Vrain Valley RE1J (0470),Elementary School,Central Elementary,boar***@centralpto.org
Colorado,St Vrain Valley RE1J (0470),Elementary School,Eagle Crest Elementary,pres***@eaglecrestpto.com
Colorado,St Vrain Valley RE1J (0470),,Erie High,Erie***@gmail.com
Colorado,St Vrain Valley RE1J (0470),Middle School,Erie Middle,pres***@gmail.com
Colorado,St Vrain Valley RE1J (0470),Elementary School,Fall River Elementary,boar***@fallriverpto.org
Colorado,St Vrain Valley RE1J (0470),,Frederick High,fhsg***@gmail.com
Colorado,St Vrain Valley RE1J (0470),Elementary School,Grand View Elementary,gran***@gmail.com
Colorado,St Vrain Valley RE1J (0470),Elementary School,Highlands Elementary,info***@highlandshawkspto.com
Colorado,St Vrain Valley RE1J (0470),Elementary School,Longmont Estates Elementary,PTOL***@gmail.com
Colorado,St Vrain Valley RE1J (0470),,Longmont High,long***@gmail.com
Colorado,St Vrain Valley RE1J (0470),Elementary School,Lyons Elementary,les.***@gmail.com
Colorado,St Vrain Valley RE1J (0470),Middle School,Lyons Middle Senior,comm***@lionsboosterclub.com
Colorado,St Vrain Valley RE1J (0470),Elementary School,Niwot Elementary,comm***@niwotptac.org
Colorado,St Vrain Valley RE1J (0470),,Niwot High,niwo***@gmail.com
Colorado,St Vrain Valley RE1J (0470),Elementary School,Prairie Ridge Elementary,prel***@gmail.com
Colorado,St Vrain Valley RE1J (0470),Elementary School,Red Hawk Elementary,boar***@rhepto.net
Colorado,St Vrain Valley RE1J (0470),,Silver Creek High,Info***@silvercreekrpo.com
Colorado,St Vrain Valley RE1J (0470),,Soaring Heights PK-8,ptob***@shpk8pto.com
Colorado,St Vrain Valley RE1J (0470),,Spark! Discovery Preschool,spar***@gmail.com
Colorado,St Vrain Valley RE1J (0470),Middle School,Sunset Middle,admi***@sunsetpac.org
Colorado,St Vrain Valley RE1J (0470),Middle School,Trail Ridge Middle,trai***@gmail.com
Colorado,St Vrain Valley RE1J (0470),,Aspen Ridge Preparatory School,pto@***@aspenridgeprepschool.org
Colorado,St Vrain Valley RE1J (0470),Academy,Firestone Charter Academy,info***@pumapridepta.org
Colorado,St Vrain Valley RE1J (0470),Academy,Flagstaff Academy,cont***@flagstaffacademypto.org
Colorado,St Vrain Valley RE1J (0470),Academy,Twin Peaks Charter Academy,info***@twinpeakspto.org
Colorado,Steamboat Springs RE-2 (2770),Elementary School,Soda Creek Elementary,sces***@gmail.com
Colorado,Steamboat Springs RE-2 (2770),Elementary School,Strawberry Park Elementary,stra***@gmail.com
Colorado,Steamboat Springs RE-2 (2770),,Sleeping Giant School,pres***@gmail.com
Colorado,Steamboat Springs RE-2 (2770),High School,Steamboat Springs High School,SSHS***@gmail.com
Colorado,Strasburg 31J (0060),High School,Strasburg High School,stra***@strasburg31j.com
Colorado,Summit RE-1 (3000),Elementary School,Breckenridge Elementary School,Brec***@gmail.com
Colorado,Summit RE-1 (3000),Elementary School,Frisco Elementary School,fris***@gmail.com
Colorado,Summit RE-1 (3000),Elementary School,Summit Cove Elementary School,scep***@gmail.com
Colorado,Summit RE-1 (3000),Middle School,Summit Middle School,smsp***@summitk12.org
Colorado,Summit RE-1 (3000),High School,Summit High School,summ***@gmail.com
Colorado,Thompson R2-J (1560),,High Plains School(),Pres***@HighPlainsPTCO.org
Colorado,Thompson R2-J (1560),,Riverview PK-8,rive***@gmail.com
Colorado,Thompson R2-J (1560),Elementary School,Big Thompson Elementary School(),bigt***@gmail.com
Colorado,Thompson R2-J (1560),Elementary School,Centennial Elementary School(),info***@gmail.com
Colorado,Thompson R2-J (1560),Elementary School,Coyote Ridge Elementary School(),cres***@gmail.com
Colorado,Thompson R2-J (1560),Elementary School,Garfield Elementary School(),garf***@gmail.com
Colorado,Thompson R2-J (1560),Elementary School,Laurene Edmondson Elementary School(),Shel***@TSD.org 
Colorado,Thompson R2-J (1560),Elementary School,Namaqua Elementary School(),nama***@gmail.com
Colorado,Thompson R2-J (1560),Elementary School,Ponderosa Elementary School(),info***@gmail.com
Colorado,Thompson R2-J (1560),Middle Schools,Lucile Erwin(),Lisa***@live.com
Colorado,Thompson R2-J (1560),Middle Schools,Turner(),Turn***@gmail.com
Colorado,Upper Rio Grande School District C-7 (2730),Elementary School,Del Norte Elementary School (2148),dnes***@urtigers.co
Colorado,Upper Rio Grande School District C-7 (2730),High School,Del Norte High Jr./Sr. High School (2150),dnes***@urtigers.co
Colorado,Valley RE-1 (1828),,Caliche Schools,cali***@gmail.com
Colorado,Weld County RE-1 (3080),Elementary School,Pete Mirich Elementary School,pete***@gmail.com
Colorado,Weld County School District RE-3J (3090),Middle School,Weld Central Middle School,weld***@gmail.com
Colorado,Weld County School District RE-3J (3090),Elementary School,Hudson Elementary School,Huds***@re3j.com
Colorado,Weld County School District RE-3J (3090),Elementary School,Meadow Ridge Elementary,mead***@gmail.com 
Colorado,Weld County School District RE-3J (3090),Academy,Cardinal Community Academy,ccap***@re3j.com
Colorado,West End RE-2 (2190),,West End Public Schools,rmcc***@westendschools.org
Colorado,Westminster Public Schools (0070),Academy,Hodgkins Leadership Academy,hodg***@gmail.com 
Colorado,Westminster Public Schools (0070),Academy,Orchard Park Academy,rela***@wps.org
Colorado,Westminster Public Schools (0070),Academy,Colorado STEM Academy,colo***@gmail.com
Colorado,Westminster Public Schools (0070),Academy,John E. Flynn A Marzano Academy,cstr***@wps.org
Colorado,Widefield 3 (0990),Elementary School,Martin Luther King Jr. Elementary Project Based Learning,WSD3***@gmail.com
Colorado,Widefield 3 (0990),Elementary School,Pinello Elementary STEM,pine***@wsd3.org
Colorado,Widefield 3 (0990),Elementary School,Sunrise Elementary Capturing Kids' Hearts School,PTO.***@gmail.com
Colorado,Widefield 3 (0990),,Talbott Steam Innovation School,talb***@gmail.com
Colorado,Widefield 3 (0990),Elementary School,Webster Elementary An Avid School,webp***@gmail.com
Oregon,Amity SD 4J,High Schools,Amity High School,apat***@gmail.com
Oregon,Amity SD 4J,Middle School,Amity Middle School,amit***@gmail.com
Oregon,Ashland SD 5,Elementary School,Bellview Elementary School,susi***@gmail.com
Oregon,Ashland SD 5,Elementary School,Helman Elementary School,helm***@gmail.com
Oregon,Ashland SD 5,Elementary School,Walker Elementary School,PTOW***@gmail.com
Oregon,Astoria SD 1,Elementary School,John Jacob Astor Elementary,asto***@gmail.com
Oregon,Athena-Weston SD 29RJ,Elementary School,Athena Elementary School,step***@hotmail.com
Oregon,Bandon SD 54,High School,Bandon High School,band***@yahoo.com
Oregon,Beaverton SD 48J,Elementary School,Aloha-Huber Park PreK-8,pres***@ahpptc.com
Oregon,Beaverton SD 48J,Elementary School,Barnes,barn***@gmail.com
Oregon,Beaverton SD 48J,Elementary School,Beaver Acres,pres***@beaveracrespto.org 
Oregon,Beaverton SD 48J,Elementary School,Bethany,webm***@bspto.org
Oregon,Beaverton SD 48J,Elementary School,Cedar Mill,pres***@cedarmillptc.org
Oregon,Beaverton SD 48J,Elementary School,Chehalem,pres***@chehalempto.org
Oregon,Beaverton SD 48J,Elementary School,Elmonica,Elmo***@gmail.com
Oregon,Beaverton SD 48J,Elementary School,Errol Hassell, pre***@ehpto.com
Oregon,Beaverton SD 48J,Elementary School,Fir Grove,offi***@firgrovepto.com
Oregon,Beaverton SD 48J,Elementary School,Greenway,Gree***@gmail.com
Oregon,Beaverton SD 48J,Elementary School,Hazeldale,haze***@gmail.com
Oregon,Beaverton SD 48J,Elementary School,Hiteon,info***@hiteonptc.org
Oregon,Beaverton SD 48J,Elementary School,Kinnaman,kinn***@gmail.com
Oregon,Beaverton SD 48J,Elementary School,McKay,Mcka***@gmail.com
Oregon,Beaverton SD 48J,Elementary School,McKinley,McKi***@gmail.com
Oregon,Beaverton SD 48J,Elementary School,Montclair,Pres***@MontclairPTO.org
Oregon,Beaverton SD 48J,Elementary School,Nancy Ryles,pres***@nancyrylesco.com
Oregon,Beaverton SD 48J,Elementary School,Oak Hills,pto@***@oakhillspto.org
Oregon,Beaverton SD 48J,Elementary School,Raleigh Hills,RHSP***@gmail.com
Oregon,Beaverton SD 48J,Elementary School,Raleigh Park,comm***@raleighparkpto.org
Oregon,Beaverton SD 48J,Elementary School,Rock Creek,comm***@rockcreekptc.org
Oregon,Beaverton SD 48J,Elementary School,Sato,pres***@satocommunity.org
Oregon,Beaverton SD 48J,Elementary School,Scholls Heights,pres***@shpto.org
Oregon,Beaverton SD 48J,Elementary School,Sexton Mountain,pres***@sextonmountainptc.org
Oregon,Beaverton SD 48J,Elementary School,Springville,pres***@springvillepto.org
Oregon,Beaverton SD 48J,Elementary School,Terra Linda,pres***@terralindaptc.org
Oregon,Beaverton SD 48J,Elementary School,Vose,vose***@gmail.com
Oregon,Beaverton SD 48J,Elementary School,West Tualatin View,volu***@wtvptc.org
Oregon,Beaverton SD 48J,Elementary School,William Walker,will***@gmail.com
Oregon,Beaverton SD 48J,Middle School,Cedar Park,pres***@cedarparkptc.org 
Oregon,Beaverton SD 48J,Middle School,Conestoga,CPTO***@gmail.com
Oregon,Beaverton SD 48J,Middle School,Five Oaks,five***@gmail.com
Oregon,Beaverton SD 48J,Middle School,Highland Park,hpms***@gmail.com
Oregon,Beaverton SD 48J,Middle School,Meadow Park,pres***@meadowparkpto.com
Oregon,Beaverton SD 48J,Middle School,Mountain View,mtvi***@gmail.com
Oregon,Beaverton SD 48J,Middle School,Tumwater,pres***@tumwaterpto.org
Oregon,Beaverton SD 48J,Middle School,Whitford,whit***@gmail.com
Oregon,Beaverton SD 48J,High School,Aloha,aloh***@gmail.com
Oregon,Beaverton SD 48J,High School,Mountainside,pres***@mountainsidepact.org
Oregon,Beaverton SD 48J,High School,Southridge,pres***@gmail.com
Oregon,Beaverton SD 48J,High School,Sunset,pres***@sunsetpto.com
Oregon,Beaverton SD 48J,High School,Arts and Communication Magnet Academy,acma***@gmail.com
Oregon,Beaverton SD 48J,High School,Beaverton Academy of Science and Engineering,pres***@basepto.org
Oregon,Beaverton SD 48J,High School,International School of Beaverton,isbv***@gmail.com
Oregon,Bend-LaPine Admin SD 1,Elementary School,BEAR CREEK ELEMENTARY,bear***@gmail.com
Oregon,Bend-LaPine Admin SD 1,Elementary School,BUCKINGHAM ELEMENTARY,buck***@gmail.com
Oregon,Bend-LaPine Admin SD 1,Elementary School,ENSWORTH ELEMENTARY,ensw***@live.com
Oregon,Bend-LaPine Admin SD 1,Elementary School,HIGH LAKES ELEMENTARY,info***@highlakespto.com
Oregon,Bend-LaPine Admin SD 1,High School,HIGH***@ KENWOOD,info***@highlandpto.org
Oregon,Bend-LaPine Admin SD 1,Elementary School,LAVA RIDGE ELEMENTARY,lava***@gmail.com
Oregon,Bend-LaPine Admin SD 1,Elementary School,PINE RIDGE ELEMENTARY,pine***@gmail.com
Oregon,Bend-LaPine Admin SD 1,Elementary School,PONDEROSA ELEMENTARY,pond***@gmail.com
Oregon,Bend-LaPine Admin SD 1,Elementary School,SILVER RAIL ELEMENTARY,info***@silverrailpto.org
Oregon,Bend-LaPine Admin SD 1,,THREE RIVERS K-8,trsp***@gmail.com
Oregon,Bend-LaPine Admin SD 1,,WEST***@ KINGSTON,frie***@gmail.com
Oregon,Bend-LaPine Admin SD 1,Elementary School,WILLIAM E. MILLER ELEMENTARY,Comm***@millerpto.org
Oregon,Bend-LaPine Admin SD 1,Middle School,CASCADE MIDDLE,casc***@gmail.com
Oregon,Bend-LaPine Admin SD 1,Middle School,PILOT BUTTE MIDDLE,pilo***@gmail.com
Oregon,Bend-LaPine Admin SD 1,Middle School,SKY VIEW MIDDLE,skyv***@gmail.com
Oregon,Bend-LaPine Admin SD 1,High School,LA PINE HIGH,hawk***@gmail.com
Oregon,Bend-LaPine Admin SD 1,High School,MOUNTAIN VIEW HIGH,mvco***@gmail.com
Oregon,Bethel SD 52,Elementary School,Malabon Elementary,ptom***@gmail.com
Oregon,Bethel SD 52,,Meadow View School K-8,MVPT***@Bethelpto.org
Oregon,Black Butte SD 41,Elementary School,Black Butte Elem,ptop***@blackbutte.k12.or.us
Oregon,Brookings-Harbor SD 17C,Middle School,Azalea Middle School,ksch***@gmail.com
Oregon,Brookings-Harbor SD 17C,Elementary School,Kalmiopsis Elementary School,ksch***@gmail.com
Oregon,Canby SD 86,Elementary School,Carus Elementary,caru***@gmail.com
Oregon,Canby SD 86,Elementary School,Trost Elementary,ceci***@gmail.com
Oregon,Canby SD 86,,Ninety-One School,91pt***@gmail.com
Oregon,Canby SD 86,Elementary School,Lee Elementary School,phil***@gmail.com
Oregon,Canby SD 86,Elementary School,Knight Elementary,knig***@gmail.com
Oregon,Central Linn SD 552,High School,Central Linn Jr/Sr High School (7 - 12),cobr***@hotmail.com
Oregon,Central Point SD 6,Elementary School,Jewett Elementary,jewe***@gmail.com
Oregon,Central Point SD 6,Elementary School,Mae Richardson Elementary,maer***@gmail.com
Oregon,Central Point SD 6,Elementary School,Patrick Elementary,laur***@aol.com 
Oregon,Central SD 13J,Elementary School,Monmouth Elementary School,mesp***@gmail.com
Oregon,Clatskanie SD 6J ,Elementary School,Clatskanie Elementary School,psea***@csd.k12.or.us
Oregon,Corvallis SD 509J,Elementary School,Adams Elementary,volu***@gmail.com
Oregon,Corvallis SD 509J,Elementary School,Garfield Elementary,garf***@gmail.com
Oregon,Corvallis SD 509J,Elementary School,Letitia Carson Elementary,wild***@gmail.com
Oregon,Corvallis SD 509J,Elementary School,Kathryn Jones Harrison Elementary,kjhp***@gmail.com
Oregon,Corvallis SD 509J,Elementary School,Lincoln Elementary,PTAd***@gmail.com
Oregon,Corvallis SD 509J,Elementary School,Mt. View Elementary,moun***@gmail.com
Oregon,Corvallis SD 509J,,Franklin K-8,fran***@gmail.com
Oregon,Corvallis SD 509J,Middle School,Cheldelin Middle School,sara***@comcast.net
Oregon,Corvallis SD 509J,Middle School,Linus Pauling Middle School,lpms***@gmail.com
Oregon,Corvallis SD 509J,High School,Corvallis High School,chsp***@gmail.com
Oregon,Corvallis SD 509J,,Muddy Creek K-5 Charter School,pto@***@muddycreekcharterschool.org
Oregon,Cove SD 15,,Cove Charter School,shan***@live.com
Oregon,Creswell SD 40,Elementary School,Creslane Elementary School,cres***@gmail.com
Oregon,Crook County SD,Elementary School,Barnes Butte Elem,bria***@crookcountyschools.org
Oregon,Crook County SD,Elementary School,Crooked River Elem,croo***@gmail.com
Oregon,Dallas SD 2,Elementary School,Lyle Elementary School,Lyle***@gmail.com
Oregon,Douglas County SD 4,Elementary School,Eastwood Elementary,east***@gmail.com
Oregon,Douglas County SD 4,Elementary School,Fullerton IV Elementary,full***@yahoo.com
Oregon,Douglas County SD 4,,,east***@gmail.com
Oregon,Douglas County SD 4,Elementary School,Hucrest Elementary,Hucr***@yahoo.com
Oregon,Douglas County SD 4,Elementary School,Winchester Elementary,wboo***@gmail.com
Oregon,Eagle Point SD 9,Elementary School,Table Rock Elementary School,tabl***@gmail.com
Oregon,Elkton SD 34,Preschool,Elkton Preschool,elkt***@gmail.com
Oregon,Eugene SD 4J,Middle School,Arts & Technology Academy,secr***@atawolfpac.com
Oregon,Eugene SD 4J,Middle School,Monroe Middle School,apri***@yahoo.com
Oregon,Eugene SD 4J,Middle School,Roosevelt Middle School,roos***@gmail.com
Oregon,Eugene SD 4J,Elementary School,Adams Elementary School,adam***@gmail.com
Oregon,Eugene SD 4J,Elementary School,Awbrey Park Elementary School,awbr***@gmail.com
Oregon,Eugene SD 4J,Elementary School,Charlemagne Elementary School,fren***@gmail.com
Oregon,Eugene SD 4J,Elementary School,Edgewood Elementary School,pres***@gmail.com
Oregon,Eugene SD 4J,Elementary School,Gilham Elementary School,gilh***@gmail.com
Oregon,Eugene SD 4J,Elementary School,Spring Creek Elementary School,pto@***@springcreekpto.com
Oregon,Eugene SD 4J,Elementary School,Yujin Gakuen Japanese Immersion,info***@yujingakuenpto.com
Oregon,Fern Ridge SD 28J,High School,Elmira High School,elmi***@gmail.com
Oregon,Forest Grove SD 15,Elementary School,Dilley Elementary School,dill***@gmail.com
Oregon,Forest Grove SD 15,Elementary School,Harvey Clarke Elementary School﻿,harv***@gmail.com
Oregon,Forest Grove SD 15,Elementary School,Joseph Gale Elementary School,joga***@gmail.com
Oregon,Forest Grove SD 15,Elementary School,Tom McCall Upper Elementary School,tmpa***@gmail.com
Oregon,Gaston SD 511J,Elementary School,Gaston Elem,gast***@gmail.com
Oregon,Gladstone SD 115,High School,Gladstone High School,ghsb***@gmail.com
Oregon,Grants Pass SD 7,Middle Schools,South Middle School,sout***@gmail.com
Oregon,Gresham-Barlow SD 10J,Elementary School,East Orient Elementary School,ewor***@gmail.com
Oregon,Gresham-Barlow SD 10J,Elementary School,Highland Elementary School,high***@gmail.com
Oregon,Gresham-Barlow SD 10J,Elementary School,Hogan Cedars Elementary School,hoga***@gmail.com
Oregon,Gresham-Barlow SD 10J,Elementary School,Hollydale Elementary School,pres***@hollydaleptc.org
Oregon,Gresham-Barlow SD 10J,Elementary School,Kelly Creek Elementary School,kces***@gmail.com
Oregon,Gresham-Barlow SD 10J,Elementary School,North Gresham Elementary School,nort***@gmail.com
Oregon,Gresham-Barlow SD 10J,Elementary School,Powell Valley Elementary School,powe***@gmail.com
Oregon,Gresham-Barlow SD 10J,,Deep Creek-Damascus K-8 School,DCDk***@gmail.com
Oregon,Gresham-Barlow SD 10J,Middle School,Dexter McCarty Middle School,mcca***@gmail.com
Oregon,Gresham-Barlow SD 10J,Middle School,Gordon Russell Middle School,grms***@gmail.com
Oregon,Gresham-Barlow SD 10J,Middle School,West Orient Middle School,alys***@johnlscott.com
Oregon,Harney County SD 3,High School,Burns High School,hila***@gmail.com
Oregon,Harrisburg SD 7J,Elementary School,Harrisburg Elementary School,hhse***@gmail.com
Oregon,Hillsboro SD 1J,Elementary School,Atfalati Ridge Elementary,pres***@bluejayboosters.org
Oregon,Hillsboro SD 1J,Elementary School,Brookwood Elementary,broo***@gmail.com
Oregon,Hillsboro SD 1J,Elementary School,Eastwood Elementary,skra***@gmail.com
Oregon,Hillsboro SD 1J,Elementary School,Farmington View Elementary,jenn***@hotmail.com
Oregon,Hillsboro SD 1J,Elementary School,Free Orchards Elementary,thet***@gmail.com
Oregon,Hillsboro SD 1J,Elementary School,Groner Elementary,gron***@gmail.com
Oregon,Hillsboro SD 1J,Elementary School,Imlay Elementary,Imla***@gmail.com
Oregon,Hillsboro SD 1J,Elementary School,Indian Hills Elementary,bear***@gmail.com
Oregon,Hillsboro SD 1J,Elementary School,Jackson Elementary,comm***@jacksonpto.com
Oregon,Hillsboro SD 1J,Elementary School,Ladd Acres Elementary,pres***@laddacrespta.com
Oregon,Hillsboro SD 1J,Elementary School,L.C. Tobias Elementary,PTOT***@gmail.com
Oregon,Hillsboro SD 1J,Elementary School,Lenox Elementary,leno***@gmail.com
Oregon,Hillsboro SD 1J,Elementary School,Minter Bridge Elementary,Mint***@gmail.com
Oregon,Hillsboro SD 1J,Elementary School,Mooberry Elementary,kara***@mooberrycomunitycorral.org
Oregon,Hillsboro SD 1J,Elementary School,North Plains Elementary,pres***@northplainspto.org
Oregon,Hillsboro SD 1J,Elementary School,Orenco Elementary,info***@orencoboosterclub.org
Oregon,Hillsboro SD 1J,Elementary School,Quatama Elementary,quat***@gmail.com
Oregon,Hillsboro SD 1J,Elementary School,Reedville Elementary,luci***@gmail.com
Oregon,Hillsboro SD 1J,Elementary School,Rosedale Elementary,rose***@gmail.com 
Oregon,Hillsboro SD 1J,Elementary School,Tamarack Elementary,tama***@gmail.com
Oregon,Hillsboro SD 1J,Elementary School,West Union Elementary,wucc***@gmail.com
Oregon,Hillsboro SD 1J,Elementary School,Witch Hazel Elementary,witc***@gmail.com
Oregon,Hillsboro SD 1J,Elementary School,W.L. Henry Elementary,WLHE***@gmail.com
Oregon,Hillsboro SD 1J,Elementary School,W.V. McKinney Elementary,mcki***@gmail.com
Oregon,Hillsboro SD 1J,Middle School,Evergreen Middle School,pare***@gmail.com
Oregon,Hillsboro SD 1J,High Schools,Century High School,cent***@gmail.com
Oregon,Hillsboro SD 1J,High Schools,Glencoe High School,ghsb***@gmail.com
Oregon,Hillsboro SD 1J,High Schools,Hillsboro High School,rube***@yahoo.com
Oregon,Hillsboro SD 1J,High Schools,Liberty High School,Libe***@gmail.com
Oregon,Hillsboro SD 1J,Academy,Hillsboro Online Academy K-12,lemm***@gmail.com
Oregon,Hood River County SD,Elementary School,Cascade Locks Elementary School,casc***@gmail.com
Oregon,Hood River County SD,Elementary School,May Street Elementary School,ptom***@gmail.com
Oregon,Hood River County SD,Elementary School,Mid Valley Elementary School,them***@gmail.com
Oregon,Hood River County SD,Elementary School,Parkdale Elementary School,park***@gmail.com
Oregon,Hood River County SD,Elementary School,Westside Elementary School,West***@gmail.com
Oregon,Hood River County SD,Middle School,Hood River Middle School,hood***@gmail.com
Oregon,Hood River County SD,Middle School,Wy'east Middle School,wyms***@gmail.com
Oregon,Hood River County SD,High School,Hood River Valley High School,hrvh***@gmail.com
Oregon,Imbler SD 11,,Imbler Charter School,imbl***@gmail.com
Oregon,Ione SD R2,,Ione Community Charter School,jaog***@gmail.com
Oregon,Jefferson SD 14J,Elementary School,Jefferson Elementary School,Jeff***@gmail.com
Oregon,Lake Oswego SD 7J,Elementary School,Forest Hills Elementary School,fh.p***@gmail.com
Oregon,Lake Oswego SD 7J,Elementary School,Hallinan Elementary School,Hall***@gmail.com
Oregon,Lake Oswego SD 7J,Elementary School,Lake Grove Elementary School,lake***@gmail.com
Oregon,Lake Oswego SD 7J,,Palisades World Language School,ptop***@gmail.com
Oregon,Lake Oswego SD 7J,Elementary School,River Grove Elementary School,pto@***@rivergrovepto.org
Oregon,Lake Oswego SD 7J,Elementary School,Westridge Elementary School,west***@gmail.com
Oregon,Lincoln County SD,Middle School,Taft 7-12 Middle & High School,taft***@gmail.com
Oregon,Marcola SD 79J,Middle School,Mohawk Middle School,moha***@gmail.com
Oregon,McMinnville SD 40,Middle School,Duniway Middle School,ptsa***@gmail.com
Oregon,McMinnville SD 40,Elementary School,Grandhaven Elementary School,gran***@gmail.com
Oregon,McMinnville SD 40,Elementary School,Memorial Elementary School,memo***@yahoo.com
Oregon,McMinnville SD 40,Elementary School,Newby Elementary School,newb***@gmail.com
Oregon,McMinnville SD 40,Elementary School,Wascher Elementary School,Wasc***@gmail.com
Oregon,McMinnville SD 40,Elementary School,Willamette Elementary School,Tmac***@gmail.com
Oregon,Medford SD 549C,Elementary School,Abraham Lincoln Elementary,aleb***@gmail.com
Oregon,Medford SD 549C,Elementary School,Hoover Elementary, hoo***@gmail.com
Oregon,Medford SD 549C,Elementary School,Jackson Elementary,jack***@gmail.com
Oregon,Medford SD 549C,Elementary School,Jefferson Elementary,PTOJ***@gmail.com
Oregon,Medford SD 549C,Elementary School,Kennedy Elementary,hoov***@hotmail.com
Oregon,Medford SD 549C,Elementary School,Lone Pine Elementary,lone***@gmail.com
Oregon,Medford SD 549C,High School,South Medford High,sout***@hotmail.com
Oregon,Molalla River SD 35,Elementary School,Molalla Elementary School,mola***@gmail.com
Oregon,Newberg SD 29J,Elementary School,Dundee Elementary,dund***@gmail.com
Oregon,Newberg SD 29J,Elementary School,Ewing Young Elementary,EYST***@gmail.com
Oregon,Newberg SD 29J,Elementary School,Joan Austin Elementary,joan***@gmail.com
Oregon,Newberg SD 29J,Elementary School,Mabel Rush Elementary,mabe***@gmail.com
Oregon,Newberg SD 29J,Middle School,Chehalem Valley Middle School,cvms***@gmail.com
Oregon,North Bend SD 13,Elementary School,Hillcrest Elementary School,aime***@hotmail.com
Oregon,North Bend SD 13,Elementary School,North Bay Elementary,nort***@gmail.com
Oregon,North Clackamas SD 12,Elementary Schools,Bilquist,Bilq***@gmail.com
Oregon,North Clackamas SD 12,Elementary Schools,Happy Valley,pres***@gmail.com
Oregon,North Clackamas SD 12,Elementary Schools,Linwood,linw***@gmail.com
Oregon,North Clackamas SD 12,Elementary Schools,Milwaukie El Puente,info***@milwaukieelpuentepto.org
Oregon,North Clackamas SD 12,Elementary Schools,Mount Scott,pres***@mountscottpto.org
Oregon,North Clackamas SD 12,Elementary Schools,Oak Grove,pres***@oakgrovepta.org
Oregon,North Clackamas SD 12,Elementary Schools,Oregon Trail,info***@oregontrailpto.com
Oregon,North Clackamas SD 12,Elementary Schools,Sojourner,pta@***@sojournerschoolcommunity.com
Oregon,North Clackamas SD 12,Academy,Milwaukie HS & Academy of the Arts,ptsa***@gmail.com
Oregon,North Marion SD 15,High School,"North Marion
High School",wach***@gmail.com
Oregon,North Marion SD 15,Middle School,"North Marion
Middle School",nort***@gmail.com
Oregon,North Santiam SD 29J,High School,Stayton High School,stay***@gmail.com
Oregon,North Santiam SD 29J,Middle School,Stayton Intermediate Middle School,stay***@gmail.com
Oregon,North Santiam SD 29J,,Sublimity School,Subl***@yahoo.com
Oregon,North Wasco County SD 21,Elementary School,Chenowith Elementary School,robe***@nwasco.k12.or.us
Oregon,North Wasco County SD 21,Elementary School,Colonel Wright Elementary,CWPT***@gmail.com
Oregon,North Wasco County SD 21,Elementary School,Dry Hollow Elementary,ptad***@gmail.com
Oregon,Nyssa SD 26,Elementary School,Nyssa Elementary School,nyss***@gmail.com
Oregon,Oakland SD 1,Elementary School,Oakland Elementary,oakl***@yahoo.com
Oregon,Oakland SD 1,Middle School,Oakland Middle School,Oakl***@gmail.com
Oregon,Ontario SD 8C,Middle School,Ontario Middle School,onta***@gmail.com
Oregon,Oregon City SD 62,Elementary School,Beavercreek Elementary,beav***@gmail.com
Oregon,Oregon City SD 62,Elementary School,Gaffney Lane Elementary,gaff***@gmail.com
Oregon,Oregon City SD 62,Elementary School,Holcomb Elementary,holc***@gmail.com
Oregon,Oregon City SD 62,Elementary School,John McLoughlin Elementary,JMEP***@gmail.com
Oregon,Oregon City SD 62,Elementary School,Redland Elementary,Pres***@gmail.com
Oregon,Oregon City SD 62,Middle School,Tumwata Middle School,tumw***@gmail.com
Oregon,Oregon Trail SD 46,High School,Sandy High School,pion***@gmail.com
Oregon,Oregon Trail SD 46,,Welches School,welc***@gmail.com
Oregon,Oregon Trail SD 46,Elementary School,Kelso Elementary School,pres***@gmail.com
Oregon,Parkrose SD 3,Elementary School,Prescott Elementary,pres***@gmail.com
Oregon,Parkrose SD 3,Elementary School,Russell Elementary,russ***@gmail.com
Oregon,Philomath SD 17J,Elementary School,Clemens Primary School,phil***@outlook.com
Oregon,Philomath SD 17J,Elementary School,Philomath Elementary School,phil***@outlook.com
Oregon,Philomath SD 17J,,Kings Valley Charter School,pto@***@kvschool.org
Oregon,Phoenix-Talent SD 4,Elementary School,Orchard Hill Elementary,brad***@followthefiesta.com
Oregon,Phoenix-Talent SD 4,Elementary School,Talent Elementary School,tale***@gmail.com
Oregon,Pleasant Hill SD 1,Middle School,Pleasant Hill Middle School, ple***@gmail.com
Oregon,Portland SD 1J,Elementary School,Abernethy Elementary School,boar***@supportabernethy.org
Oregon,Portland SD 1J,Academy,ACCESS Academy Alternative Program,boar***@accessacademypta.org
Oregon,Portland SD 1J,Elementary School,Ainsworth Elementary School,ains***@gmail.com
Oregon,Portland SD 1J,,Arleta K-5,Arle***@gmail.com
Oregon,Portland SD 1J,,Astor School,pres***@astorptso.org
Oregon,Portland SD 1J,High Schools,Benson Polytechnic High School,bens***@gmail.com
Oregon,Portland SD 1J,,Beverly Cleary School,pres***@beverlyclearyschool.org
Oregon,Portland SD 1J,,Bridger Creative Science School,PTAP***@bridgercreativescience.org
Oregon,Portland SD 1J,Elementary School,Bridlemile Elementary School,pta@***@bridlemileschool.org
Oregon,Portland SD 1J,Elementary School,Buckman Elementary School,pta@***@buckmanelementary.org
Oregon,Portland SD 1J,Elementary School,Capitol Hill Elementary School,comm***@capitolhillelementary.com
Oregon,Portland SD 1J,,César Chávez School,pres***@cesarchavezpta.org
Oregon,Portland SD 1J,High Schools,Cleveland High School,chsp***@gmail.com
Oregon,Portland SD 1J,,Creston K-5 School,soci***@crestonschoolpta.org
Oregon,Portland SD 1J,Middle School,DaVinci Arts Middle School, dav***@gmail.com
Oregon,Portland SD 1J,Elementary School,Dr. Martin Luther King Jr. Elementary School,rosy***@gmail.com
Oregon,Portland SD 1J,Elementary School,Duniway Elementary,duni***@gmail.com
Oregon,Portland SD 1J,Elementary School,Forest Park Elementary School,pres***@gmail.com
Oregon,Portland SD 1J,Elementary School,Glencoe Elementary School,rob.***@gmail.com
Oregon,Portland SD 1J,High Schools,Grant High School,gran***@gmail.com
Oregon,Portland SD 1J,Elementary School,Grout Elementary School,grou***@gmail.com
Oregon,Portland SD 1J,Middle School,Harrison Park Middle School,harr***@gmail.com
Oregon,Portland SD 1J,Middle School,Hosford Middle School,ptsa***@gmail.com
Oregon,Portland SD 1J,High Schools,Ida B. Wells High School,info***@ibwboosterclub.org
Oregon,Portland SD 1J,Elementary School,James John Elementary School,pres***@jamesjohnpta.org
Oregon,Portland SD 1J,Elementary School,Jason Lee Elementary School,jaso***@gmail.com
Oregon,Portland SD 1J,High Schools,Jefferson High School,boar***@demosptsa.org
Oregon,Portland SD 1J,Middle School,Kellogg Middle School,kell***@gmail.com
Oregon,Portland SD 1J,Elementary School,Kelly Elementary School,clin***@gmail.com
Oregon,Portland SD 1J,Middle School,Lane Middle School,lane***@gmail.com
Oregon,Portland SD 1J,,Laurelhurst School,pres***@laurelhurstschoolpta.org
Oregon,Portland SD 1J,,Lent K-5 School,lent***@gmail.com
Oregon,Portland SD 1J,High Schools,Leodis V. McDaniel High School,mcda***@gmail.com
Oregon,Portland SD 1J,Elementary School,Maplewood Elementary School,mapl***@gmail.com
Oregon,Portland SD 1J,Elementary School,Markham Elementary School,Mark***@gmail.com
Oregon,Portland SD 1J,Middle School,Mt Tabor Middle School,mtms***@gmail.com
Oregon,Portland SD 1J,,Odyssey Program,trea***@odysseypta.org
Oregon,Portland SD 1J,,Peninsula K-5 School,peni***@gmail.com
Oregon,Portland SD 1J,Elementary School,Rieke Elementary School,memb***@riekepta.org
Oregon,Portland SD 1J,Middle School,Robert Gray Middle School,pres***@rgmspta.org
Oregon,Portland SD 1J,Elementary School,Rose City Park Elementary School, pre***@rosevityparkpto.org
Oregon,Portland SD 1J,Middle School,Roseway Heights Middle School,rose***@gmail.com
Oregon,Portland SD 1J,Elementary School,Sabin Elementary School,info***@sabinpta.com
Oregon,Portland SD 1J,Elementary School,Scott Elementary School,Scot***@gmail.com
Oregon,Portland SD 1J,Middle School,Sellwood Middle School,Sitt***@gmail.com
Oregon,Portland SD 1J,,Skyline School, sky***@gmail.com 
Oregon,Portland SD 1J,,Vernon School,vern***@gmail.com
Oregon,Portland SD 1J,Elementary School,Vestal Elementary School,vest***@gmail.com
Oregon,Portland SD 1J,,Whitman School,pres***@ptawhitman.org
Oregon,Portland SD 1J,,Winterhaven School,Wint***@gmail.com
Oregon,Portland SD 1J,,Woodlawn K-5 School,wood***@gmail.com
Oregon,Portland SD 1J,Elementary School,Woodmere Elementary School,wood***@gmail.com
Oregon,Portland SD 1J,Elementary School,Woodstock Elementary School,pres***@woodstockpta.org
Oregon,Redmond SD 2J,Elementary Schools,John Tuck, joh***@gmail.com
Oregon,Redmond SD 2J,Elementary Schools,Sage,sage***@gmail.com
Oregon,Redmond SD 2J,Elementary Schools,Tom McCall,mcca***@gmail.com
Oregon,Redmond SD 2J,Elementary Schools,Tumalo,tuma***@gmail.com
Oregon,Redmond SD 2J,Elementary Schools,Vern Patrick,vern***@gmail.com
Oregon,Reedsport SD 105,Elementary School,Highland Elementary School,high***@gmail.com
Oregon,Reynolds SD 7,Elementary School,Sweetbriar Elementary,swee***@gmail.com
Oregon,Reynolds SD 7,Elementary School,Troutdale Elementary,Trou***@gmail.com
Oregon,Reynolds SD 7,Academy,Multnomah Learning Academy,pto@***@mla.k12.or.us
Oregon,Riverdale SD 51J,,Riverdale Grade School,rgsc***@riverdaleptc.org
Oregon,Riverdale SD 51J,High Schools,Riverdale High School,rgsc***@riverdaleptc.org
Oregon,Salem-Keizer SD 24J,Elementary School,Battle Creek Elementary,batt***@gmail.com
Oregon,Salem-Keizer SD 24J,Elementary School,Candalaria Elementary,Volu***@candalariapta.org
Oregon,Salem-Keizer SD 24J,Elementary School,Chapman Hill Elementary,chap***@gmail.com
Oregon,Salem-Keizer SD 24J,Elementary School,Cummings Elementary,cumm***@gmail.com
Oregon,Salem-Keizer SD 24J,Elementary School,Englewood Elementary,volu***@gmail.com
Oregon,Salem-Keizer SD 24J,Elementary School,Harritt Elementary,harr***@gmail.com
Oregon,Salem-Keizer SD 24J,Elementary School,Kalapuya Elementary,kala***@gmail.com
Oregon,Salem-Keizer SD 24J,Elementary School,Lee Elementary,LeeE***@gmail.com
Oregon,Salem-Keizer SD 24J,Elementary School,Liberty Elementary,thel***@gmail.com
Oregon,Salem-Keizer SD 24J,Elementary School,McKinley Elementary,ptcm***@gmail.com
Oregon,Salem-Keizer SD 24J,Elementary School,Morningside Elementary,Morn***@gmail.com
Oregon,Salem-Keizer SD 24J,Elementary School,Myers Elementary,Myer***@gmail.com
Oregon,Salem-Keizer SD 24J,Elementary School,Pringle Elementary,prin***@gmail.com
Oregon,Salem-Keizer SD 24J,Elementary School,Salem Heights Elementary,ptc-***@salemheightsptc.org
Oregon,Salem-Keizer SD 24J,Elementary School,Schirle Elementary,schi***@gmail.com
Oregon,Salem-Keizer SD 24J,Middle School,Judson Middle School, jud***@gmail.com
Oregon,Salem-Keizer SD 24J,Middle School,Leslie Middle School,lesl***@gmail.com
Oregon,Salem-Keizer SD 24J,Middle School,Parrish Middle School,parr***@gmail.com
Oregon,Scappoose SD 1J,Elementary School,Grant Watts Elementary(),sepo***@gmail.com
Oregon,Scappoose SD 1J,,Sauvie Island School(),ptc@***@sauvieislandschool.org
Oregon,Seaside SD 10,Elementary School,Pacific Ridge Elementary,paci***@gmail.com
Oregon,Sherman County SD,,Sherman County School,sher***@gmail.com
Oregon,Sherman County SD,Elementary School,Sherman Elementary School,SCS-***@outlook.com
Oregon,Sherwood SD 88J,Middle School,Sherwood Middle School,info***@smspso.org
Oregon,Sherwood SD 88J,Elementary School,Archer Glen Elementary School,Arch***@gmail.com
Oregon,Sherwood SD 88J,Elementary School,Hawks View Elementary School,comm***@hawksviewpac.org
Oregon,Sherwood SD 88J,Elementary School,Middleton Elementary School,boar***@middletonpac.org
Oregon,Sherwood SD 88J,Elementary School,Ridges Elementary School,Ridg***@gmail.com
Oregon,Sisters SD 6,Elementary School,Sisters Elementary School,sist***@gmail.com
Oregon,Siuslaw SD 97J,High School,Siuslaw High School,flor***@gmail.com   
Oregon,South Lane SD 45J3,Middle School,Lincoln Middle School,linc***@gmail.com
Oregon,Springfield SD 19,Elementary School,Centennial Elementary School,cent***@gmail.com
Oregon,Springfield SD 19,Elementary School,Guy Lee Elementary School,PTO.***@gmail.com
Oregon,Springfield SD 19,Elementary School,Ridgeview Elementary School,ridg***@gmail.com
Oregon,Springfield SD 19,,Two Rivers-Dos Ríos,twor***@gmail.com
Oregon,Springfield SD 19,High School,Springfield High School,shsm***@gmail.com
Oregon,St Helens SD 502,Elementary School,Columbia City Elementary,CCPT***@gmail.com
Oregon,St Helens SD 502,Elementary School,Lewis & Clark Elementary,thel***@gmail.com
Oregon,St Paul SD 45,Elementary School,ST. PAUL ELEMENTARY SCHOOL,PTC@***@stpaul.k12.or.us
Oregon,Stanfield SD 61,Elementary School,ELEMENTARY SCHOOL,stan***@gmail.com
Oregon,Stanfield SD 61,Middle School,SECONDARY SCHOOL,stan***@gmail.com
Oregon,Sutherlin SD 130,Middle School,Sutherlin Middle School,1sms***@gmail.com
Oregon,Sutherlin SD 130,High School,Sutherlin High School,Suth***@gmail.com
Oregon,Three Rivers/Josephine,Middle Schools,Fleming Middle School,Flem***@gmail.com
Oregon,Tigard-Tualatin SD 23J,Elementary School,Art Rutkin Elementary School,Pres***@artrutkinpso.org
Oregon,Tigard-Tualatin SD 23J,Elementary School,Bridgeport Elementary School,brid***@gmail.com
Oregon,Tigard-Tualatin SD 23J,Elementary School,Byrom Elementary School,byro***@gmail.com
Oregon,Tigard-Tualatin SD 23J,Elementary School,C.F. Tigard Elementary School,hell***@cftpso.org
Oregon,Tigard-Tualatin SD 23J,Elementary School,Deer Creek Elementary School,pres***@deercreekpso.org
Oregon,Tigard-Tualatin SD 23J,Elementary School,Durham Elementary School,durh***@gmail.com
Oregon,Tigard-Tualatin SD 23J,Elementary School,Mary Woodward Elementary School,pres***@marywoodwardpso.com
Oregon,Tigard-Tualatin SD 23J,,MITCH Charter School(),mitc***@gmail.com
Oregon,Tigard-Tualatin SD 23J,Elementary School,Templeton Elementary School,webm***@templeton-pso.org
Oregon,Tigard-Tualatin SD 23J,Elementary School,Tualatin Elementary School,atho***@ttsd.k12.or.us
Oregon,Tigard-Tualatin SD 23J,Middle School,Fowler Middle School,fowl***@gmail.com
Oregon,Tigard-Tualatin SD 23J,Middle School,Hazelbrook Middle School,pres***@hmspso.com
Oregon,Tigard-Tualatin SD 23J,Middle School,Twality Middle School,Twal***@gmail.com
Oregon,Tigard-Tualatin SD 23J,High Schools,Tigard High School,tiga***@gmail.com
Oregon,Tigard-Tualatin SD 23J,High Schools,Tualatin High School,cont***@tuhstso.org
Oregon,Union SD 5,High Schools,UNION HIGH SCHOOL,unio***@gmail.com
Oregon,West Linn-Wilsonville SD,Elementary School,Cedaroak Park Primary School,info***@cedaroakparkpta.org
Oregon,West Linn-Wilsonville SD,Middle School,Meridian Creek Middle School,Meri***@gmail.com
Oregon,West Linn-Wilsonville SD,Middle School,Rosemont Ridge Middle School,RRMS***@Gmail.com
Oregon,West Linn-Wilsonville SD,Elementary School,Sunset Primary School,pres***@sunsetptso.org
Oregon,West Linn-Wilsonville SD,Elementary School,Boeckman Creek Primary School,Boec***@gmail.com
Oregon,West Linn-Wilsonville SD,Elementary School,Lowrie Primary School,lowr***@gmail.com
Oregon,West Linn-Wilsonville SD,Elementary School,Stafford Primary School,staf***@gmail.com
Oregon,West Linn-Wilsonville SD,Elementary School,Trillium Creek Primary School,trea***@trilliumcreekpta.org
Oregon,West Linn-Wilsonville SD,Elementary School,Willamette Primary School,pres***@willamettefso.org
Oregon,Winston-Dillard SD 116,Elementary School,Lookingglass Elementary,lkgt***@hotmail.com
Oregon,Yamhill Carlton SD 1,Elementary School,Yamhill Carlton Elementary,YCEl***@gmail.com
Ohio,Ada Exempted Village School District,Elementary School,Ada Elementary,adaa***@gmail.com
Ohio,Akron City School District,High Schools,Akron Early College,akro***@gmail.com
Ohio,Akron City School District,High Schools,Ellet CLC 9-12,elle***@gmail.com
Ohio,Akron City School District,Elementary Schools,Case CLC,case***@gmail.com
Ohio,Alexander Local School District,Elementary School,Alexander Elementary School,alex***@gmail.com
Ohio,Alliance City School District,Elementary School,Alliance Elementary,Alli***@gmail.com
Ohio,Amanda-Clearcreek Local School District,,Amanda-Clearcreek Primary School,aces***@gmail.com
Ohio,Amanda-Clearcreek Local School District,Elementary School,Amanda-Clearcreek Elementary School,aces***@gmail.com
Ohio,Amherst Exempted Village School District,High School,MARION L. STEELE HIGH SCHOOL (9-12),Stee***@gmail.com
Ohio,Amherst Exempted Village School District,High School,AMHERST JUNIOR HIGH SCHOOL (6-8),AJHp***@gmail.com
Ohio,Amherst Exempted Village School District,,WALTER G. NORD SCHOOL (4-5),nord***@gmail.com
Ohio,Amherst Exempted Village School District,Elementary School,POWERS ELEMENTARY SCHOOL (PREK-3),powe***@gmail.com
Ohio,Anthony Wayne Local School District,High School,Anthony Wayne High School,awat***@gmail.com
Ohio,Antwerp Local School District,Elementary School,Antwerp Elementary School,athl***@antwerpschools.org
Ohio,Arcadia Local School District,Elementary School,Arcadia Elementary School,reds***@gmail.com
Ohio,Arlington Local School District,Elementary School,Arlington Local Elementary School,pres***@arlingtonpto.org
Ohio,Ashland City School District,Middle School,Ashland Middle School,pto@***@goarrows.org
Ohio,Aurora City School District,Middle School,Harmon Middle School,harm***@gmail.com
Ohio,Aurora City School District,Elementary School,Aurora Elementary,pres***@auroraelementarypto.org
Ohio,Avon Lake City School District,High School,Avon Lake High School,avon***@gmail.com
Ohio,Avon Lake City School District,Middle School,Learwood Middle School,lear***@gmail.com
Ohio,Avon Lake City School District,,Troy Intermediate School,ALCS***@gmail.com
Ohio,Avon Lake City School District,Elementary School,Redwood Elementary School,tuey***@hotmail.com
Ohio,Avon Lake City School District,Elementary School,Westview Elementary School,west***@gmail.com
Ohio,Avon Local School District,,Avon Early Learning Center,pres***@avon-ecpta.org
Ohio,Avon Local School District,Elementary School,Avon East Elementary School,aelc***@gmail.com
Ohio,Avon Local School District,Elementary School,Avon Heritage Elementary School,avon***@gmail.com
Ohio,Ayersville Local School District,Elementary School,Ayersville Elementary School,ayer***@gmail.com
Ohio,Barberton City School District,Middle School,Barberton Middle School 6-8,barb***@gmail.com
Ohio,Barberton City School District,,Barberton Primary School K-2,barb***@gmail.com
Ohio,Batavia Local School District,High School,Batavia High School,hath***@bataviaschools.org
Ohio,Bay Village City School District,Middle School,Bay Middle School,BayM***@gmail.com
Ohio,Bay Village City School District,Elementary School,Westerly Elementary School,west***@gmail.com 
Ohio,Bay Village City School District,Elementary School,Normandy Elementary School,ptan***@gmail.com
Ohio,Beachwood City School District,High School,Beachwood High School,beac***@gmail.com
Ohio,Beavercreek City School District,,Air Force JROTC,beav***@gmail.com
Ohio,Beavercreek City School District,Middle School,Ankeney Middle School,anke***@gmail.com
Ohio,Beavercreek City School District,Middle School,Coy Middle School,coyp***@gmail.com
Ohio,Beavercreek City School District,Elementary School,Fairbrook Elementary,pres***@fairbrookpto.org
Ohio,Beavercreek City School District,Elementary School,Main Elementary,main***@gmail.com
Ohio,Beavercreek City School District,Elementary School,Parkwood Elementary,park***@gmail.com
Ohio,Beavercreek City School District,Elementary School,Shaw Elementary,pto.***@gmail.com
Ohio,Beavercreek City School District,Elementary School,Trebein Elementary,Treb***@gmail.com
Ohio,Beavercreek City School District,Elementary School,Valley Elementary,vall***@gmail.com
Ohio,Bellbrook-Sugarcreek Local School District,Middle School,Bellbrook Middle School,bell***@gmail.com
Ohio,Bellevue City School District,Elementary School,Bellevue Elementary School,pto@***@bellevueschools.org
Ohio,Belpre City School District,Elementary School,Belpre Elementary School,belp***@gmail.com
Ohio,Berea City School District,Middle School,Berea-Midpark Middle School,pta.***@gmail.com
Ohio,Berea City School District,Elementary School,Brook Park Elementary School,Broo***@gmail.com
Ohio,Berkshire Local School District,Elementary School,Berkshire Elementary School,ptob***@gmail.com
Ohio,Bethel Local School District,Elementary School,Bethel Elementary School,beth***@gmail.com
Ohio,Bexley City School District,Elementary School,Cassingham Elementary,CSPT***@gmail.com
Ohio,Big Walnut Local School District,High School,Big Walnut High School,bigw***@gmail.com
Ohio,Big Walnut Local School District,Middle School,Big Walnut Middle School,ptob***@gmail.com
Ohio,Big Walnut Local School District,,Big Walnut Intermediate School,bwis***@gmail.com
Ohio,Bloom-Carroll Local School District,Elementary School,Elementary School (3-5),step***@yahoo.com
Ohio,Bloom-Carroll Local School District,Elementary School,Elementary School (K-2),step***@yahoo.com
Ohio,Bluffton Exempted Village School District,Elementary School,Bluffton Elementary School,pto@***@blufftonschools.org
Ohio,Boardman Local School District,Elementary School,Robinwood Lane Elementary School,robi***@boardmanschools.org
Ohio,Botkins Local School District,Elementary School,Botkins Elementary School ,botk***@hotmail.com
Ohio,Bowling Green City School District,High School,Bowling Green High School,bghs***@gmail.com
Ohio,Bowling Green City School District,Middle School,Bowling Green Middle School,bgms***@bgcs.k12.oh.us
Ohio,Brecksville-Broadview Heights City School District,High School,Brecksville-Broadview Heights High School,BBHH***@gmail.com
Ohio,Brecksville-Broadview Heights City School District,,Brecksville-Broadview Heights Intermediate School,bbhc***@gmail.com
Ohio,Brecksville-Broadview Heights City School District,,Brecksville-Broadview Heights Primary School,pres***@gmail.com
Ohio,Brown Local School District,Elementary School,Malvern Elementary ,malv***@gmail.com
Ohio,Brunswick City School District,Middle School,Brunswick Middle School,Brun***@gmail.com
Ohio,Brunswick City School District,Elementary School,Applewood Elementary,appl***@gmail.com
Ohio,Brunswick City School District,Elementary School,Crestview Elementary,cres***@gmail.com
Ohio,Brunswick City School District,Elementary School,Huntington Elementary,negr***@gmail.com
Ohio,Brunswick City School District,Elementary School,Kidder Elementary,Kidd***@bcsoh.org
Ohio,Brunswick City School District,Elementary School,Memorial Elementary,memo***@gmail.com
Ohio,Bryan City School District,Elementary School,Bryan Elementary School,gibs***@gmail.com
Ohio,Buckeye Central Local School District,Preschool,Bitty Bucks Preschool,BCPT***@bcbuck.org
Ohio,Buckeye Central Local School District,Elementary School,Buckeye Central Elementary School,BCPT***@bcbuck.org
Ohio,Buckeye Local School District,,Buckeye Primary School,pto@***@buckeyepto.com
Ohio,Buckeye Local School District,Elementary School,Buckeye Elementary,pto@***@buckeyepto.com
Ohio,Buckeye Valley Local School District,Elementary School,Buckeye Valley West Elementary,pto@***@bvwpto.org
Ohio,Buckeye Valley Local School District,Middle School,Buckeye Valley Middle School,bvat***@gmail.com
Ohio,Bucyrus City School District,Elementary School,Bucyrus Elementary School,besp***@bucyrusschools.org
Ohio,Canal Winchester Local School District,High School,Canal Winchester High School,cwls***@gmail.com
Ohio,Cardinal Local School District,Elementary School,Cardinal Elementary School,card***@cardinalschools.org
Ohio,Cardington-Lincoln Local School District,Elementary School,Cardington-Lincoln Elementary,pals***@gmail.com
Ohio,Carlisle Local School District,Elementary School,Carlisle Intermediate/Elementary School,Carl***@gmail.com
Ohio,Cedar Cliff Local School District,Elementary School,Cedarville Elementary School,ceda***@gmail.com
Ohio,Celina City School District,,I.C. School,hboh***@gmail.com
Ohio,Centerville City School District,,Primary Village North,pvn.***@gmail.com
Ohio,Centerville City School District,,Primary Village South,pvs.***@ gmail.com
Ohio,Centerville City School District,Elementary School,Cline Elementary,wocl***@gmail.com
Ohio,Centerville City School District,Elementary School,Driscoll Elementary,PTOD***@gmail.com
Ohio,Centerville City School District,Elementary School,John Hole Elementary,john***@gmail.com
Ohio,Centerville City School District,Elementary School,Stingley Elementary,stin***@gmail.com
Ohio,Centerville City School District,Elementary School,Weller Elementary,well***@gmail.com
Ohio,Centerville City School District,Middle School,Magsig Middle School,mags***@gmail.com
Ohio,Centerville City School District,Middle School,Tower Heights Middle School,towe***@gmail.com
Ohio,Centerville City School District,Middle School,Watts Middle School,watt***@gmail.com
Ohio,Centerville City School District,High School,Centerville High School,chse***@gmail.com
Ohio,Chagrin Falls Exempted Village School District,High School,Chagrin Falls High School,cfhs***@chagrinfallspto.org
Ohio,Chagrin Falls Exempted Village School District,Middle School,Chagrin Falls Middle School,cfms***@chagrinfallspto.org
Ohio,Chagrin Falls Exempted Village School District,,Chagrin Falls Intermediate School,cfis***@chagrinfallspto.org
Ohio,Chagrin Falls Exempted Village School District,Elementary School,Gurney Elementary School,gurn***@chagrinfallspto.org
Ohio,Chardon Local School District,Middle School,Chardon Middle School,char***@gmail.com
Ohio,Chardon Local School District,Elementary School,Munson Elementary School,muns***@gmail.com
Ohio,Chardon Local School District,Elementary School,Park Elementary School,park***@gmail.com
Ohio,Cincinnati Public Schools,Elementary School,Hyde Park School,pres***@hydeparkschoolpto.org
Ohio,Cincinnati Public Schools,Elementary School,James N. Gamble Montessori Elementary School,gamb***@gmail.com
Ohio,Cincinnati Public Schools,Elementary School,Parker Woods Montessori School,admi***@pwmpto.org
Ohio,Cincinnati Public Schools,Elementary School,SCPA - School for Creative and Performing Arts(),wear***@gmail.com
Ohio,Cincinnati Public Schools,High School,Hughes STEM High School,pooh***@gmail.com
Ohio,Claymont City School District,High School,Claymont High School,clay***@gmail.com
Ohio,Clear Fork Valley Local School District,Elementary School,Bellville Elementary School,bell***@gmail.com
Ohio,Clearview Local School District,Elementary School,Vincent Elementary School,Jenn***@clearviewschools.org
Ohio,Cleveland Heights-University Heights City School District,,Early Childhood,chuh***@gmail.com
Ohio,Cleveland Heights-University Heights City School District,Elementary School,Boulevard Elementary School,boul***@gmail.com
Ohio,Cleveland Heights-University Heights City School District,Elementary School,Canterbury Elementary School,chuh***@gmail.com
Ohio,Cleveland Heights-University Heights City School District,Elementary School,Fairfax Elementary School,fair***@gmail.com
Ohio,Cleveland Heights-University Heights City School District,Preschool,Gearity Professional Development School & Preschool,PTA_***@gearitypta.org
Ohio,Cleveland Heights-University Heights City School District,Elementary School,Noble Elementary School & Preschool,nobl***@gmail.com
Ohio,Cleveland Heights-University Heights City School District,Elementary School,Oxford Elementary School & Preschool,ptao***@gmail.com
Ohio,Cleveland Heights-University Heights City School District,Elementary School,Roxboro Elementary School,roxe***@gmail.com
Ohio,Cleveland Heights-University Heights City School District,Middle School,Roxboro Middle School,roxm***@gmail.com
Ohio,Cleveland Heights-University Heights City School District,High School,Heights High School,heig***@gmail.com
Ohio,Cleveland Heights-University Heights City School District,Middle School,Monticello Middle School,mont***@gmail.com
Ohio,Cleveland Municipal School District,Elementary School,Douglas MacArthur Girls' Leadership Academy,Doug***@gmail.com
Ohio,Cleveland Municipal School District,Elementary School,Riverside,Rive***@yahoo.com
Ohio,Clinton-Massie Local School District,Elementary School,Clinton-Massie Elementary School,CME.***@gmail.com
Ohio,Cloverleaf Local School District,Elementary School,Cloverleaf Elementary School,CEPT***@gmail.com
Ohio,Coldwater Exempted Village School District,Elementary School,Coldwater Elementary School,cold***@gmail.com
Ohio,Colonel Crawford Local School District,Elementary School,Hannah Crawford Elementary School,colo***@gmail.com
Ohio,Columbia Local School District,Elementary School,Copopa Elementary School,pto.***@gmail.com
Ohio,Columbia Local School District,Elementary School,Copopa Elementary School,colu***@gmail.com
Ohio,Columbus City School District,Elementary School,Ecole Kenwood French Immersion,kenw***@gmail.com
Ohio,Columbus City School District,Elementary School,Gables,gabl***@gmail.com
Ohio,Columbus City School District,Elementary School,Indian Springs,info***@gmail.com
Ohio,Columbus City School District,High School,Centennial,pres***@cbtpa.com
Ohio,Columbus City School District,High School,Columbus Alternative,chri***@gmail.com
Ohio,Columbus City School District,High School,Whetstone,whet***@gmail.com
Ohio,Columbus City School District,,,Whet***@gmail.com
Ohio,Covington Exempted Village School District,Elementary School,Covington Elementary,covi***@gmail.com
Ohio,Cuyahoga Heights Local School District,Elementary School,Cuyahoga Heights Elementary School,cont***@ptboard.com
Ohio,Dalton Local School District,Elementary School,Dalton Elementary School,Dalt***@gmail.com
Ohio,Dayton City School District,High School,Belmont High School (8th-12th),kema***@daytonpublic.com
Ohio,Dayton City School District,High School,Stivers School For The Arts (7th-12th),angi***@gmail.com
Ohio,Deer Park Community City School District,Elementary School,Amity Elementary,DPPT***@gmail.com
Ohio,Defiance City School District,Elementary School,Defiance Elementary School,ELEM***@defianceschools.net
Ohio,Delaware City School District,Elementary School,Conger Elementary,audr***@congerpto.org
Ohio,Delaware City School District,Elementary School,Schultz Elementary,schu***@gmail.com
Ohio,Delaware City School District,Elementary School,Smith Elementary,ptos***@gmail.com
Ohio,Delaware City School District,Elementary School,Woodward Elementary,wood***@gmail.com
Ohio,Dover City School District,High School,Dover High School,chri***@hotmail.com
Ohio,Dover City School District,Elementary School,Dover Avenue Elementary,dove***@gmail.com 
Ohio,Dublin City School District,Elementary School,Bishop Elementary,bish***@gmail.com
Ohio,Dublin City School District,Elementary School,Deer Run Elementary,drep***@gmail.com
Ohio,Dublin City School District,Elementary School,Glacier Ridge Elementary,glac***@gmail.com
Ohio,Dublin City School District,Elementary School,Hopewell Elementary,Hope***@gmail.com
Ohio,Dublin City School District,Elementary School,Olde Sawmill Elementary,osep***@gmail.com
Ohio,Dublin City School District,Elementary School,Pinney Elementary,erin***@gmail.com
Ohio,Dublin City School District,Elementary School,Riverside Elementary,dubl***@gmail.com
Ohio,Dublin City School District,Elementary School,Scottish Corners Elementary,boar***@scottishcornerspto.com
Ohio,Dublin City School District,Elementary School,Thomas Elementary,dcsg***@gmail.com
Ohio,Dublin City School District,Elementary School,Wright Elementary,dani***@gmail.com
Ohio,Dublin City School District,Elementary School,Wyandot Elementary,wyan***@gmail.com
Ohio,Dublin City School District,Middle School,Davis Middle School,ptod***@gmail.com 
Ohio,Dublin City School District,Middle School,Eversole Run Middle School,ever***@gmail.com
Ohio,Dublin City School District,Middle School,Grizzell Middle School,ptog***@gmail.com 
Ohio,Dublin City School District,Middle School,Karrer Middle School,karr***@gmail.com
Ohio,Dublin City School District,High School,Coffman High School,dchs***@gmail.com
Ohio,Dublin City School District,High School,Scioto High School,PTOD***@gmail.com
Ohio,East Cleveland City School District,Elementary School,Caledonia Elementary School,gill***@yahoo.com
Ohio,Eastern Local School District,Elementary School,Eastern Elementary School,east***@easternlocal.net
Ohio,East Guernsey Local School District,Elementary School,Buckeye Trail Elementary School,bt_p***@yahoo.com
Ohio,East Muskingum Local School District,Elementary School,Perry Elementary,perr***@mail.com
Ohio,East Palestine City School District,High School,East Palestine High School,EPBu***@gmail.com
Ohio,East Palestine City School District,Middle School,East Palestine Middle School,EPBu***@gmail.com
Ohio,East Palestine City School District,Elementary School,East Palestine Elementary/Preschool,EPBu***@gmail.com
Ohio,Eaton Community City School District,Elementary School,Hollingsworth East Elementary School,holl***@gmail.com
Ohio,Eaton Community City School District,Elementary School,William Bruce Elementary School,bruc***@gmail.com
Ohio,Edison Local (formerly Berlin-Milan) School District,Elementary School,Edison Elementary School (formerly Milan Elem),eesp***@edisonchargers.org
Ohio,Edison Local (formerly Berlin-Milan) School District,Middle School,Edison Middle School,emsp***@gmail.com
Ohio,Edon Northwest Local School District,Middle School,Edon Middle School,krum***@edon-nw.org 
Ohio,Edon Northwest Local School District,High School,Edon High School,krum***@edon-nw.org 
Ohio,Elgin Local School District,Elementary School,Elgin Elementary,elgi***@gmail.com
Ohio,Elida Local School District,Elementary School,Elida Elementary School,eesp***@gmail.com
Ohio,Elmwood Local School District,Elementary School,Elmwood Elementary School,elmw***@elmls.net
Ohio,Elyria City Schools,Elementary School,Hamilton Elementary,hami***@gmail.com
Ohio,Elyria City Schools,Elementary School,Northwood Elementary School,pta.***@gmail.com
Ohio,Euclid City School District,,Chardon Hills STEM School, lwi***@euclidschools.org
Ohio,Fairbanks Local School District,Elementary School,Fairbanks Elementary School,info***@fespto.com
Ohio,Fairbanks Local School District,High School,Fairbanks High School,fmsp***@gmail.com
Ohio,Fairbanks Local School District,Middle School,Fairbanks Middle School,fmsp***@gmail.com
Ohio,Fairborn City School District,,Fairborn Intermediate School,fisp***@gmail.com
Ohio,Fairfield City School District,Elementary School,Central Elementary,coll***@fairfieldcityschools.com
Ohio,Fairfield City School District,Elementary School,Compass Elementary,Fair***@gmail.com
Ohio,Fairfield City School District,Elementary School,East Elementary,fair***@gmail.com
Ohio,Fairfield City School District,Elementary School,North Elementary,nort***@gmail.com
Ohio,Fairfield City School District,Elementary School,South Elementary,ffso***@gmail.com
Ohio,Fairfield City School District,Elementary School,West Elementary,West***@gmail.com
Ohio,Fairfield City School District,Middle School,Creekside Middle,Cree***@gmail.com
Ohio,Fairfield City School District,Middle School,Crossroads Middle,ffcr***@gmail.com
Ohio,Fairlawn Local School District,High School,Copley High School,ptsa***@gmail.com
Ohio,Fairlawn Local School District,,Arrowhead Primary School,secr***@arrowheadpta.org
Ohio,Fairlawn Local School District,,Fort Island Primary School,trea***@fortislandpta.org
Ohio,Fairless Local School District,Elementary School,Fairless Elementary School,fes_***@fairless.sparcc.org
Ohio,Fairport Harbor Exempted Village School District,,Fairport Harding MS,jays***@gmail.com
Ohio,Fairport Harbor Exempted Village School District,Elementary School,McKinley Elementary School,Fair***@gmail.com 
Ohio,Fairview Park City School District,High School,Fairview High School,fair***@gmail.com
Ohio,Fairview Park City School District,Middle School,Lewis F. Mayer Middle School,fair***@gmail.com
Ohio,Fairview Park City School District,Elementary School,Gilles-Sweet Elementary School,gspt***@gmail.com
Ohio,Fairview Park City School District,,Parkview Early Education Center,Park***@gmail.com 
Ohio,Fayetteville-Perry Local School District,Elementary School,Fayetteville-Perry Elementary School,cand***@fpls.us
Ohio,Fayetteville-Perry Local School District,Middle School,Fayetteville Perry Middle School,faye***@gmail.com
Ohio,Felicity-Franklin Local School District,High School,Felicity Franklin High School ,feli***@gmail.com
Ohio,Felicity-Franklin Local School District,Elementary School,Felicity-Franklin Local Elementary School,feli***@gmail.com
Ohio,Felicity-Franklin Local School District,Middle School,Felicity Franklin Middle School,feli***@gmail.com
Ohio,Field Local School District,Elementary School,Brimfield Elementary School,brim***@gmail.com
Ohio,Field Local School District,Elementary School,Suffield Elementary School,Suff***@gmail.com
Ohio,Field Local School District,High School,Field High School,zack***@aol.com
Ohio,Field Local School District,High School,,fiel***@gmail.com
Ohio,Findlay City School District,Middle School,Donnell Middle School,donn***@gmail.com
Ohio,Findlay City School District,Middle School,Glenwood Middle School, rob***@yahoo.com
Ohio,Findlay City School District,,Northview Primary,find***@gmail.com
Ohio,Findlay City School District,,Whittier Primary,megh***@outlook.com
Ohio,Findlay City School District,,Wilson Vance Intermediate,trac***@yahoo.com
Ohio,Finneytown Local School District,Elementary School,Brent Elementary School,finn***@gmail.com
Ohio,Finneytown Local School District,Elementary School,Finneytown Elementary School,finn***@gmail.com
Ohio,Finneytown Local School District,Elementary School,Whitaker Elementary School,finn***@gmail.com
Ohio,Firelands Local School District,Middle School,Firelands Middle School,jduk***@hotmail.com  
Ohio,Forest Hills Local School District,High School,Anderson High School,Ande***@gmail.com
Ohio,Forest Hills Local School District,Elementary School,Ayer Elementary School,cont***@ptboard.com
Ohio,Forest Hills Local School District,Elementary School,Maddux Elementary School,madd***@foresthills.edu
Ohio,Forest Hills Local School District,Elementary School,Mercer Elementary School,merc***@gmail.com
Ohio,Forest Hills Local School District,Middle School,Nagel Middle School,nage***@gmail.com
Ohio,Forest Hills Local School District,Elementary School,Summit Elementary School,summ***@gmail.com
Ohio,Forest Hills Local School District,High School,Turpin High School,turp***@gmail.com
Ohio,Forest Hills Local School District,Elementary School,Wilson Elementary School,wear***@gmail.com
Ohio,Fostoria City School District,High School,Junior/Senior High School,Stac***@yahoo.com
Ohio,Franklin Local School District,Elementary School,Duncan Falls Elementary,webm***@franklinlocalschools.org
Ohio,Fremont City School District,High School,Fremont Ross High School,pres***@frathleticboosters.org
Ohio,Gahanna-Jefferson City School District,High School,Gahanna-Lincoln High School,glhs***@gmail.com
Ohio,Gahanna-Jefferson City School District,Middle School,Middle School East,Gaha***@gmail.com
Ohio,Gahanna-Jefferson City School District,Middle School,Middle School South,Sara***@gmail.com
Ohio,Gahanna-Jefferson City School District,Middle School,Middle School West,Gmsw***@gmail.com
Ohio,Gahanna-Jefferson City School District,Elementary School,Blacklick Elementary,PtoB***@gjps.org
Ohio,Gahanna-Jefferson City School District,Elementary School,Chapelfield Elementary,kmue***@ncusolutions.com
Ohio,Gahanna-Jefferson City School District,Elementary School,Goshen Lane Elementary,Gosh***@gmail.com
Ohio,Gahanna-Jefferson City School District,High School,High Point Elementary,hppt***@gmail.com
Ohio,Gahanna-Jefferson City School District,Elementary School,Jefferson Elementary,Gaha***@gmail.com
Ohio,Gahanna-Jefferson City School District,Elementary School,Lincoln Elementary,linc***@gmail.com
Ohio,Gahanna-Jefferson City School District,Elementary School,Royal Manor Elementary,roya***@gmail.com
Ohio,Gallia County Local School District,Elementary School,Hannan Trace Elementary,hann***@gmail.com
Ohio,Gallia County Local School District,Elementary School,Vinton Elementary,thef***@gmail.com
Ohio,Geneva Area City School District,Middle School,Geneva Middle School,gmsp***@gmail.com
Ohio,Gibsonburg Exempted Village School District,Elementary School,Hilfiker Elementary,hep@***@gibsonburgschools.org
Ohio,Global Ambassadors Language Academy,Academy,Global Ambassadors Language Academy ,PFA@***@GALACleveland.org
Ohio,Graham Local School District,Elementary School,Graham Elementary School,gesp***@grahamlocalschools.org
Ohio,Grandview Heights Schools,High School,Grandview Heights High School,gran***@gmail.com
Ohio,Grandview Heights Schools,Elementary School,Stevenson Elementary,gran***@gmail.com
Ohio,Grandview Heights Schools,Middle School,Larson Middle School,gran***@gmail.com
Ohio,Granville Exempted Village School District,Elementary School,Granville Elementary School,gran***@gmail.com
Ohio,Greeneview Local School District,Elementary School,Greeneview Elementary School,PTO@***@greeneview.org
Ohio,Greenon Local School District,,Enon Primary School,gree***@gmail.com
Ohio,Greenon Local School District,Elementary School,Greenon Elementary School,gwes***@greenonschools.org
Ohio,Hamilton City School District,Elementary School,Bridgeport Elementary,brid***@gmail.com
Ohio,Hamilton City School District,Elementary School,Brookwood Elementary,broo***@gmail.com
Ohio,Hamilton City School District,Elementary School,Crawford Woods Elementary,cwwc***@yahoo.com
Ohio,Hamilton City School District,Elementary School,Highland Elementary,high***@gmail.com
Ohio,Hamilton City School District,Elementary School,Ridgeway Elementary,ridg***@gmail.com
Ohio,Hamilton Local School District,Elementary School,Hamilton Elementary School,hami***@gmail.com
Ohio,Hamilton Local School District,Elementary School,,hami***@outlook.com
Ohio,Heath City School District,Middle School,Heath Middle School (6-8th),heat***@gmail.com
Ohio,Heath City School District,Elementary School,Stevenson Elementary (3-5th),stev***@gmail.com
Ohio,Heath City School District,Elementary School,Garfield Elementary (K-2nd),garf***@gmail.com
Ohio,Hicksville Exempted Village School District,Elementary School,Hicksville Elementary School,hick***@outlook.com
Ohio,Highland Local School District,Middle School,Highland Middle School,high***@gmail.com
Ohio,Highland Local School District,Elementary School,Granger Elementary,gran***@gmail.com
Ohio,Highland Local School District,Elementary School,Hinckley Elementary,pres***@hinckleypto.com
Ohio,Highland Local School District,Elementary School,Sharon Elementary,shar***@gmail.com
Ohio,Hilliard City School District,Elementary School,Avery Elementary,ptoa***@gmail.com
Ohio,Hilliard City School District,Elementary School,Beacon Elementary,beac***@gmail.com
Ohio,Hilliard City School District,,Britton-Norwich Learning Campus,bnlc***@gmail.com
Ohio,Hilliard City School District,Elementary School,Brown Elementary,brow***@gmail.com
Ohio,Hilliard City School District,Elementary School,Hoffman Trails Elementary,HTEP***@gmail.com
Ohio,Hilliard City School District,Elementary School,Horizon Elementary,hill***@gmail.com
Ohio,Hilliard City School District,Elementary School,J.W. Reason Elementary,PTO.***@gmail.com
Ohio,Hilliard City School District,Elementary School,Scioto Darby Elementary,sdep***@gmail.com
Ohio,Hilliard City School District,Elementary School,Washington Elementary,PTOw***@gmail.com
Ohio,Hilliard City School District,Middle School,Memorial Middle School,Hill***@yahoo.com
Ohio,Hilliard City School District,Middle School,Weaver Middle School,hill***@gmail.com
Ohio,Hilliard City School District,High School,Bradley High School,hill***@gmail.com
Ohio,Hilliard City School District,High School,Darby High School,darb***@gmail.com
Ohio,Hilliard City School District,High School,Davidson High School,HDVP***@gmail.com
Ohio,Hillsdale Local School District,,Hillsdale Athletics,Hill***@gmail.com
Ohio,Howland Local School District,High School,Howland High School,ptoh***@gmail.com
Ohio,Howland Local School District,High School,Howland Jr. High School,ptoh***@gmail.com
Ohio,Howland Local School District,,Howland Intermediate School,ptoh***@gmail.com
Ohio,Howland Local School District,Elementary School,H.C. Mines Elementary School,ptoh***@gmail.com
Ohio,Howland Local School District,,Glen Primary School,ptoh***@gmail.com
Ohio,Howland Local School District,,Howland Springs Primary School,ptoh***@gmail.com
Ohio,Hudson City School District,,McDowell Early Learning School, PTO***@HudsonPTO.org
Ohio,Hudson City School District,Elementary School,Ellsworth Hill Elementary, PTO***@HudsonPTO.org
Ohio,Hudson City School District,,East Woods Intermediate, PTO***@HudsonPTO.org
Ohio,Hudson City School District,Middle School,Hudson Middle, PTO***@HudsonPTO.org
Ohio,Hudson City School District,,Hudson High, PTO***@HudsonPTO.org
Ohio,Independence Local School District,,Independence Primary School,ipsp***@gmail.com
Ohio,Independence Local School District,Middle School,Independence Middle School,imsp***@gmail.com
Ohio,Independence Local School District,High School,Independence High School,ihsp***@independence.k12.oh.us
Ohio,Jackson Center Local,Elementary School,Elementary/Intermediate (PreK-5),jcti***@gmail.com
Ohio,Jackson City School District,Elementary School,Southview Elementary,sout***@jcs.k12.oh.us
Ohio,Jackson Local School District,Elementary School,Lake Cable Elementary School,ptol***@gmail.com
Ohio,Jackson Local School District,Elementary School,Sauder Elementary School,saud***@gmail.com
Ohio,Jackson Local School District,Elementary School,Strausser Elementary School,stra***@yahoo.com
Ohio,James A Garfield Local School District,Middle School,JAG Middle School,ptop***@jagschools.org
Ohio,Jefferson Area Local School District,Elementary School,Jefferson Elementary,jeff***@gmail.com
Ohio,Jefferson Area Local School District,Elementary School,Rock Creek Elementary,rock***@gmail.com
Ohio,Jefferson Local School District,Elementary School,Norwood Elementary,WJRP***@gmail.com
Ohio,Johnstown-Monroe Local School District,High School,Johnstown High School,PTOJ***@gmail.com
Ohio,Johnstown-Monroe Local School District,Middle School,Johnstown Middle School,PTOJ***@gmail.com
Ohio,Johnstown-Monroe Local School District,,Johnstown Intermediate School,PTOJ***@gmail.com
Ohio,Johnstown-Monroe Local School District,Elementary School,Johnstown Elementary School,PTOJ***@gmail.com
Ohio,Johnstown-Monroe Local School District,Elementary School,Oregon Elementary School,PTOJ***@gmail.com
Ohio,Jonathan Alder Local School District,High School,Jonathan Alder High School,lgut***@columbus.rr.com
Ohio,Jonathan Alder Local School District,High School,Jonathan Alder Junior High School,JAJH***@gmail.com
Ohio,Jonathan Alder Local School District,Middle School,Canaan Middle School,cana***@gmail.com
Ohio,Jonathan Alder Local School District,Elementary School,Plain City Elementary,ptoa***@gmail.com
Ohio,Kenston Local School District,High School,Kenston High School,ajti***@gmail.com
Ohio,Kenston Local School District,Middle School,Kenston Middle School,kati***@yahoo.com
Ohio,Kent City School District,Elementary School,Davey Elementary,Dave***@gmail.com
Ohio,Kent City School District,Elementary School,Walls Elementary,wall***@kentschools.net
Ohio,Kenton City School District,Elementary School,Kenton Elementary School,kesp***@kentoncityschools.org
Ohio,Kenton City School District,Middle School,Kenton Middle,kmsp***@kentoncityschools.org
Ohio,Keystone Local School District,Elementary School,Keystone Elementary School,secr***@kespta.org
Ohio,Keystone Local School District,,Wildcat Athletics,klsd***@gmail.com
Ohio,Kings Local School District,,Columbia Intermediate School,Cisp***@gmail.com
Ohio,Kings Local School District,High School,Kings Jr. High School,kjhp***@gmail.com
Ohio,Kings Local School District,Elementary School,Kings Mills Elementary School,king***@gmail.com
Ohio,Lake Local School District,Elementary School,Lake Elementary,unoa***@aol.com
Ohio,Lakeview Local School District,Elementary School,Lakeview Elementary School,lake***@gmail.com
Ohio,Lakewood City School District,Elementary School,Emerson Elementary School,emer***@gmail.com
Ohio,Lakewood City School District,Elementary School,Hayes Elementary School,haye***@gmail.com
Ohio,Lakewood City School District,Elementary School,Horace Mann Elementary School,ptah***@gmail.com
Ohio,Lakewood City School District,Elementary School,Lincoln Elementary School,lake***@gmail.com
Ohio,Lakewood City School District,Middle School,Garfield Middle School,garf***@gmail.com
Ohio,Lakewood City School District,Middle School,Harding Middle School,hard***@gmail.com
Ohio,Lakewood City School District,High School,Lakewood High School,heat***@gmail.com
Ohio,Lakewood Local School District,High School,Lakewood High School,lake***@gmail.com
Ohio,Lakota Local School District,Elementary School,Adena Elementary School,aden***@gmail.com
Ohio,Lakota Local School District,Elementary School,Cherokee Elementary School,cher***@gmail.com
Ohio,Lakota Local School District,Elementary School,Endeavor Elementary School,ende***@gmail.com
Ohio,Lakota Local School District,Elementary School,Freedom Elementary School,free***@gmail.com
Ohio,Lakota Local School District,Elementary School,Independence Elementary School,pres***@ptaindy.org
Ohio,Lakota Local School District,Elementary School,Union Elementary School,unio***@gmail.com
Ohio,Lakota Local School District,Elementary School,VanGorden Elementary School,vang***@gmail.com
Ohio,Lakota Local School District,Elementary School,Woodland Elementary School,wood***@gmail.com
Ohio,Lakota Local School District,,Creekside Early Childhood School,cecs***@gmail.com
Ohio,Lakota Local School District,,Heritage Early Childhood School,heri***@gmail.com
Ohio,Lakota Local School District,,Hopewell Early Childhood School,hope***@gmail.com
Ohio,Lakota Local School District,,Liberty Early Childhood School,ptol***@gmail.com
Ohio,Lakota Local School District,,Shawnee Early Childhood School,shaw***@gmail.com
Ohio,Lakota Local School District,,Wyandot Early Childhood School,wyan***@gmail.com
Ohio,Lakota Local School District,High School,Lakota East High School,lehs***@gmail.com
Ohio,Lakota Local School District,High School,Lakota West High School,lwhs***@gmail.com
Ohio,Lakota Local School District,,Hopewell Junior School,hjsp***@gmail.com
Ohio,Lakota Local School District,,Liberty Junior School,libe***@gmail.com
Ohio,Lakota Local School District,,Plains Junior School,lpjh***@gmail.com
Ohio,Lakota Local School District,,Ridge Junior School,Ridg***@gmail.com
Ohio,Lebanon City School District,Elementary School,Bowman Primary,bowm***@gmail.com
Ohio,Lexington Local School District,Elementary School,Central Elementary School,Lexi***@gmail.com
Ohio,Lexington Local School District,Elementary School,Eastern Elementary School,Lexi***@gmail.com
Ohio,Lexington Local School District,High School,Lexington High School,Lexi***@gmail.com
Ohio,Lexington Local School District,High School,Lexington Jr. High School,Lexi***@gmail.com
Ohio,Lexington Local School District,Preschool,Lexington Pre-School,Lexi***@gmail.com
Ohio,Lexington Local School District,Elementary School,Western Elementary School,Lexi***@gmail.com
Ohio,Liberty-Benton Local School District,High School,Liberty-Benton High School,lbpt***@gmail.com
Ohio,Liberty-Benton Local School District,Middle School,Liberty-Benton Middle School,lbpt***@gmail.com
Ohio,Liberty-Benton Local School District,Elementary School,Liberty-Benton Elementary School,lbpt***@gmail.com
Ohio,Licking Heights Local School District,High School,Licking Heights High School (9-12),lhpt***@gmail.com
Ohio,Licking Heights Local School District,Middle School,Licking Heights Middle School (7-8),lhpt***@gmail.com
Ohio,Licking Heights Local School District,,Summit Station Intermediate (5-6),lhpt***@gmail.com
Ohio,Licking Heights Local School District,Elementary School,Broad Peak Elementary (K-4),lhpt***@gmail.com
Ohio,Licking Heights Local School District,Elementary School,Everest Elementary (K-4),lhpt***@gmail.com
Ohio,Licking Heights Local School District,Elementary School,Lima Ridge Elementary (K-4),lhpt***@gmail.com
Ohio,Licking Heights Local School District,Preschool,Pathfinders Preschool,lhpt***@gmail.com
Ohio,Little Miami Local School District,High School,Little Miami High School,litt***@gmail.com
Ohio,Little Miami Local School District,Middle School,Little Miami Middle School,Litt***@gmail.com
Ohio,Little Miami Local School District,Elementary School,Little Miami Elementary School,lmel***@gmail.com
Ohio,Little Miami Local School District,Elementary School,Little Miami Primary,LMPr***@gmail.com
Ohio,Little Miami Local School District,,Early Childhood Center,lmec***@gmail.com
Ohio,Louisville City School District,Elementary School,Louisville Elementary School,lesp***@gmail.com
Ohio,Loveland City School District,Middle School,Loveland Middle School,love***@gmail.com
Ohio,Lynchburg-Clay Local School District,Elementary School,Lynchburg-Clay Elementary School,LCla***@gmail.com
Ohio,Madeira City School District,,Madeira Athletic,admi***@madeiraathleticbooster.com
Ohio,Madeira City School District,Elementary School,Madeira Elementary School,made***@gmail.com
Ohio,Madeira City School District,High School,Madeira High School,made***@gmail.com
Ohio,Madeira City School District,Middle School,Madeira Middle School,mmsp***@madeiracityschools.org
Ohio,Madison Local School District,Elementary School,Madison South Elementary,hear***@hotmail.com
Ohio,Madison Local School District,High School,Madison High School,mmab***@gmail.com
Ohio,Madison Local School District,Elementary School,Madison Elementary School,ambe***@madisonmohawks.org
Ohio,Madison-Plains Local School District,,Madison-Plains Intermediate School,madi***@gmail.com
Ohio,Mad River Local School District,Elementary School,Beverly Gardens Elementary School,berv***@gmail.com
Ohio,Maple Heights City School District,Elementary School,Mapleton Elementary School,mapl***@imountie.org
Ohio,Mariemont City School District,High School,Mariemont High School,mari***@gmail.com
Ohio,Mariemont City School District,High School,Mariemont Junior High,kyli***@gmail.com
Ohio,Mariemont City School District,Elementary School,Mariemont Elementary School,ptom***@gmail.com
Ohio,Mariemont City School District,Elementary School,Terrace Park Elementary School,terr***@gmail.com
Ohio,Marion Local School District,Elementary School,Lexington Elementary,kbyl***@gmail.com
Ohio,Marion Local School District,Elementary School,Marlboro Elementary,kgre***@gmail.com
Ohio,Marion Local School District,Elementary School,Washington Elementary,Kyle***@yahoo.com
Ohio,Marysville Exempted Village School District,Elementary School,Northwood Elementary School,nort***@gmail.com
Ohio,Mason City School District,,Mason Early Childhood Center,cont***@masonohioschools.com
Ohio,Mason City School District,Elementary School,Mason Elementary School,me_m***@masonohioschools.com
Ohio,Mason City School District,,Mason Intermediate School,me_m***@masonohioschools.com
Ohio,Mason City School District,Middle School,Mason Middle School,mmsp***@masonohioschools.com
Ohio,Mason City School District,High School,Mason High School,mhsp***@masonohioschools.com
Ohio,Massillon City School District,High School,Massillon Junior High School,mlhi***@gmail.com
Ohio,Massillon City School District,,Massillon Intermediate School,mlhi***@gmail.com
Ohio,Mayfield City School District,Elementary School,Gates Mills Elementary,gate***@gmail.com
Ohio,Mayfield City School District,Elementary School,Lander Elementary,land***@gmail.com
Ohio,Mayfield City School District,Elementary School,Millridge Elementary,kell***@millridgeptg.org 
Ohio,McComb Local School District,Elementary School,McComb Local Elementary School,cont***@mccombpto.org
Ohio,Mechanicsburg Exempted Village School District,Elementary School,Dohron Wilson Elementary,dohr***@gmail.com
Ohio,Medina City School District,Middle School,Claggett Middle School,Clag***@medinabees.org
Ohio,Medina City School District,Elementary School,Eliza Northrop Elementary,Nort***@medinabees.org
Ohio,Medina City School District,Elementary School,Ella Canavan Elementary,cana***@gmail.com
Ohio,Medina City School District,Elementary School,H.G. Blake Elementary,Blak***@medinabees.org
Ohio,Medina City School District,Preschool,Helping Hands Preschool,help***@medinabees.org 
Ohio,Medina City School District,Elementary School,Ralph E. Waite Elementary,Wait***@medinabees.org
Ohio,Medina City School District,Elementary School,Sidney Fenn Elementary,fenn***@medinabees.org
Ohio,Mentor Exempted Village School District,Elementary School,Bellflower Elementary School,Bell***@gmail.com
Ohio,Mentor Exempted Village School District,Elementary School,Fairfax Elementary School,Kell***@outlook.com
Ohio,Mentor Exempted Village School District,Elementary School,Hopkins Elementary School,hopk***@gmail.com
Ohio,Mentor Exempted Village School District,Elementary School,Lake Elementary School,Lake***@gmail.com
Ohio,Mentor Exempted Village School District,Elementary School,Orchard Hollow Elementary School,guar***@gmail.com
Ohio,Mentor Exempted Village School District,Elementary School,Sterling Morton Elementary School,ptas***@gmail.com
Ohio,Mentor Exempted Village School District,Middle School,Shore Middle School,Shor***@gmail.com
Ohio,Mentor Exempted Village School District,High School,Mentor High School,Ment***@gmail.com
Ohio,Miamisburg City School District,,LaVeta Bauer Primary,Baue***@gmail.com
Ohio,Miamisburg City School District,,Kinder Intermediate,kind***@gmail.com
Ohio,Miamisburg City School District,,Mark Twain Primary,mark***@gmail.com
Ohio,Miamisburg City School District,,Medlar View Primary,medl***@gmail.com
Ohio,Miami Trace Local School District,Elementary School,Miami Trace Elementary,mtes***@gmail.com
Ohio,Middletown City School District,Elementary School,Miller Ridge Elementary School,mill***@gmail.com
Ohio,Midview Local School District,High School,Midview High School,jwar***@midviewk12.org
Ohio,Midview Local School District,Elementary School,Midview West Elementary,midv***@gmail.com
Ohio,Midview Local School District,Elementary School,Midview North Elementary,midv***@gmail.com
Ohio,Milford Exempted Village School District,Middle School,Milford Middle School,pta.***@gmail.com
Ohio,Milford Exempted Village School District,Elementary School,Boyd E Smith Elementary,boyd***@gmail.com
Ohio,Milford Exempted Village School District,Elementary School,Charles L Seipelt Elementary,seip***@gmail.com
Ohio,Mount Gilead Exempted Village School District,Elementary School,Park Avenue Elementary School,park***@mgschools.org
Ohio,Mount Gilead Exempted Village School District,High School,Mount Gilead High School,athl***@mgschools.org
Ohio,Mount Healthy City School District,High School,Mt. Healthy High School,Mhsp***@gmail.com
Ohio,Mount Healthy City School District,High School,Mt. Healthy Junior High School,Mhsp***@gmail.com
Ohio,Mount Healthy City School District,Elementary School,Mt. Healthy North Elementary,Mhsp***@gmail.com
Ohio,Mount Healthy City School District,Elementary School,Mt. Healthy South Elementary,Mhsp***@gmail.com
Ohio,Mount Healthy City School District,,Mt. Healthy Early Learning Center,Mhsp***@gmail.com
Ohio,Mount Healthy City School District,,Mt. Healthy Fighting Owls Athletics,Mhsp***@gmail.com
Ohio,Mount Vernon City School District,Elementary School,Columbia,Alle***@gmail.com
Ohio,Mount Vernon City School District,Elementary School,Dan Emmett,ptod***@gmail.com
Ohio,Napoleon Area City School District,High School,Napoleon Jr./Sr. High School,pto@***@napoleonareaschools.org
Ohio,Napoleon Area City School District,Elementary School,Napoleon Elementary School PreK-6,pto@***@napoleonareaschools.org
Ohio,New Albany-Plain Local School District,,New Albany Early Learning Center,newa***@gmail.com
Ohio,New Albany-Plain Local School District,High School,New Albany High School,newa***@gmail.com
Ohio,New Albany-Plain Local School District,,New Albany Intermediate School,newa***@gmail.com
Ohio,New Albany-Plain Local School District,Middle School,New Albany Middle School,newa***@gmail.com
Ohio,New Albany-Plain Local School District,,New Albany Primary School,newa***@gmail.com
Ohio,Newark City School District,Elementary School,Hillview Elementary,ptah***@gmail.com
Ohio,New Richmond Exempted Village School District,Elementary School,Monroe Elementary School,monr***@nrschools.org
Ohio,New Richmond Exempted Village School District,Elementary School,Locust Corner Elementary School,LCEP***@nrschools.org
Ohio,Nordonia Hills City School District,High School,Nordonia High School,nord***@gmail.com
Ohio,Nordonia Hills City School District,,Lee Eaton Intermediate,nord***@gmail.com
Ohio,Nordonia Hills City School District,Elementary School,Rushwood Elementary,rw.p***@nordoniaschools.org
Ohio,Nordonia Hills City School District,Elementary School,Ledgeview Elementary,LV.P***@nordoniaschools.org
Ohio,North Canton City School District,,North Canton Intermediate School,ncis***@gmail.com
Ohio,Northeastern Local School District,Elementary School,Tinora Elementary,ajfa***@gmail.com
Ohio,Northeastern Local School District,Middle School,Tinora Middle School,ajfa***@gmail.com
Ohio,Northeastern Local School District,High School,Tinora High School,ajfa***@gmail.com
Ohio,North Fork Local School District,High School,High School,utic***@gmail.com
Ohio,North Fork Local School District,Elementary School,Newton Elementary,broo***@hotmail.com
Ohio,Northmor Local School District,Elementary School,Northmor Elementary School,pto@***@knightpride.org
Ohio,Northmor Local School District,High School,Northmor Jr. High School,nort***@gmail.com
Ohio,North Olmsted City School District,Elementary School,Chestnut Elementary School,Ches***@myyahoo.com
Ohio,North Olmsted City School District,Elementary School,Maple Elementary School,well***@gmail.com 
Ohio,North Olmsted City School District,High School,North Olmsted High School,eagl***@gmail.com
Ohio,North Olmsted City School District,Middle School,North Olmsted Middle School,eagl***@gmail.com
Ohio,North Olmsted City School District,,Pine Intermediate School,pine***@gmail.com
Ohio,North Ridgeville City School District,High School,North Ridgeville High School,nrhs***@gmail.com
Ohio,North Ridgeville City School District,,North Ridgeville Academic Center,bran***@gmail.com
Ohio,North Ridgeville City School District,Academy,Ranger High Tech Academy,RHTA***@gmail.com
Ohio,North Ridgeville City School District,Elementary School,Liberty Elementary,nrcs***@gmail.com
Ohio,North Ridgeville City School District,,Early Childhood Learning Community,simo***@gmail.com
Ohio,North Royalton City School District,,NR Early Childhood,pta.***@gmail.com
Ohio,North Union Local School District,Elementary School,North Union Elementary,nuep***@nu-district.org
Ohio,Northwest Local School District,High School,Colerain High School,CHSP***@gmail.com
Ohio,Northwest Local School District,High School,Northwest High School,shaw***@gmail.com
Ohio,Northwest Local School District,Middle School,White Oak Middle School,woms***@outlook.com
Ohio,Northwest Local School District,Elementary School,Colerain Elementary School,sund***@gmail.com
Ohio,Northwest Local School District,Elementary School,Monfort Heights Elementary School,pta4***@gmail.com
Ohio,Northwest Local School District,Elementary School,Pleasant Run Elementary School,prep***@gmail.com
Ohio,Northwest Local School District,Elementary School,Struble Elementary School,Stru***@gmail.com
Ohio,Northwest Local School District,Elementary School,Taylor Elementary School,ptat***@gmail.com
Ohio,Oak Hills Local School District,High School,Oak Hills High School,lori***@gmail.com
Ohio,Oak Hills Local School District,Middle School,Bridgetown Middle School,bmsp***@gmail.com
Ohio,Oak Hills Local School District,Elementary School,Delshire Elementary School,dels***@gmail.com
Ohio,Oak Hills Local School District,Elementary School,Springmyer Elementary School,spgp***@gmail.com
Ohio,Oberlin City Schools,Elementary School,Oberlin Elementary School,ober***@gmail.com
Ohio,Olentangy Local School District,Elementary School,Alum Creek Elementary School,aces***@gmail.com
Ohio,Olentangy Local School District,Elementary School,Cheshire Elementary,ches***@gmail.com
Ohio,Olentangy Local School District,Elementary School,Freedom Trail Elementary,ftpr***@gmail.com
Ohio,Olentangy Local School District,Elementary School,Glen Oak Elementary,goes***@gmail.com
Ohio,Olentangy Local School District,Elementary School,Liberty Tree Elementary,ltep***@gmail.com
Ohio,Olentangy Local School District,Elementary School,Shale Meadows Elementary,shal***@gmail.com
Ohio,Olentangy Local School District,Elementary School,Tyler Run Elementary,tres***@gmail.com
Ohio,Olentangy Local School District,Middle School,Hyatts Middle School,hyat***@gmail.com
Ohio,Olentangy Local School District,Middle School,Orange Middle School,olms***@gmail.com
Ohio,Olmsted Falls City School District,,Olmsted Falls Intermediate School,info***@ofathleticboosters.org
Ohio,Ontario Local School District,Elementary School,Stingel Elementary,ruhe***@gmail.com
Ohio,Orange City School District,,Moreland Hills School (K-5),oept***@orangecsd.org
Ohio,Orange City School District,Middle School,Brady Middle School (6-8),oept***@orangecsd.org
Ohio,Orange City School District,High School,Orange High School (9-12),ohsp***@orangecsd.org
Ohio,Orange City School District,Preschool,Orange Inclusive Preschool,oept***@orangecsd.org
Ohio,Oregon City School District,High School,Clay High School,Clay***@gmail.com
Ohio,Parma City School District,Elementary School,Pleasant Valley Elementary School,plea***@gmail.com
Ohio,Parma City School District,Elementary School,Ridge-Brook Elementary School,ridg***@gmail.com
Ohio,Parma City School District,High School,Normandy High School,norm***@gmail.com
Ohio,Parma City School District,High School,Valley Forge High School,vall***@gmail.com
Ohio,Parma City School District,,Parma Early Childhood ,parm***@gmail.com
Ohio,Paulding Exempted Village School District,Elementary School,Oakwood Elementary School,d_mi***@www.pauldingschools.org
Ohio,Paulding Exempted Village School District,Elementary School,Paulding Elementary School,d_mi***@www.pauldingschools.org
Ohio,Paulding Exempted Village School District,High School,Paulding Junior High School,d_mi***@www.pauldingschools.org
Ohio,Paulding Exempted Village School District,High School,Paulding High School,d_mi***@www.pauldingschools.org
Ohio,Perry Local School District,Elementary School,Perry Elementary School,Perr***@gmail.com
Ohio,Perry Local School District,Preschool,Perry Preschool,Perr***@gmail.com
Ohio,Perry Local School District,High School,Perry High School,Perr***@gmail.com
Ohio,Perry Local School District,Middle School,Perry Middle School,Perr***@gmail.com
Ohio,Perrysburg Exempted Village School District,High School,Perrysburg High School (Grades 9-12),perr***@gmail.com
Ohio,Perrysburg Exempted Village School District,Elementary School,Fort Meigs Elementary School (Grades K-4),ftme***@gmail.com
Ohio,Perrysburg Exempted Village School District,Elementary School,Frank Elementary School (Grades K-4),fran***@gmail.com
Ohio,Perrysburg Exempted Village School District,Elementary School,Toth Elementary School (Grades K-4),toth***@gmail.com
Ohio,Perrysburg Exempted Village School District,Elementary School,Woodland Elementary School (Grades K-4),nmas***@hotmail.com
Ohio,Pickerington Local School District,Middle School,Diley Middle School,dile***@gmail.com
Ohio,Pickerington Local School District,Elementary School,Fairfield Elementary,perr***@gmail.com
Ohio,Pickerington Local School District,Middle School,Harmon Middle School,aman***@plsd.us
Ohio,Pickerington Local School District,Elementary School,Heritage Elementary,heri***@gmail.com
Ohio,Pickerington Local School District,High School,Lakeview Junior High School,Lake***@gmail.com
Ohio,Pickerington Local School District,Academy,Pickerington Academy,pick***@gmail.com
Ohio,Pickerington Local School District,Elementary School,Pickerington Elementary,pick***@gmail.com
Ohio,Pickerington Local School District,High School,Pickerington High School Central,srgs***@gmail.com
Ohio,Pickerington Local School District,High School,Pickerington High School North,pick***@gmail.com
Ohio,Pickerington Local School District,High School,Ridgeview Junior High School,pick***@gmail.com
Ohio,Pickerington Local School District,Elementary School,Sycamore Creek Elementary,ptop***@gmail.com
Ohio,Pickerington Local School District,Elementary School,Toll Gate Elementary,tges***@gmail.com
Ohio,Pickerington Local School District,Middle School,Toll Gate Middle School,tgms***@gmail.com
Ohio,Pickerington Local School District,Elementary School,Tussing Elementary,ablo***@gmail.com
Ohio,Pickerington Local School District,Elementary School,Violet Elementary,Viol***@gmail.com
Ohio,Plain Local School District,Elementary School,Avondale Elementary,ptoa***@gmail.com
Ohio,Plain Local School District,Elementary School,Barr Elementary,barr***@gmail.com
Ohio,Plain Local School District,Elementary School,Frazer Elementary,Fraz***@gmail.com
Ohio,Plain Local School District,Elementary School,Middlebranch Elementary,ptom***@yahoo.com
Ohio,Plain Local School District,Elementary School,Taft Elementary,Taft***@gmail.com
Ohio,Plain Local School District,Elementary School,Warstler Elementary,Wars***@gmail.com
Ohio,Preble Shawnee Local School District,Elementary School,Preble Shawnee Elementary,camd***@yahoo.com
Ohio,Princeton City School District,Middle School,Princeton Community Middle School,PCMS***@gmail.com
Ohio,Princeton City School District,Elementary School,Evendale Elementary,chri***@gmail.com
Ohio,Princeton City School District,Elementary School,Glendale Elementary,glen***@gmail.com
Ohio,Princeton City School District,Elementary School,Lincoln Heights Elementary,she.***@gmail.com
Ohio,Princeton City School District,Elementary School,Springdale Elementary,prin***@gmail.com
Ohio,Princeton City School District,Elementary School,Stewart Elementary,stew***@gmail.com
Ohio,Princeton City School District,Elementary School,Woodlawn Elementary,wood***@gmail.com
Ohio,Ravenna City School District,Elementary School,Ravenna Elementary,rave***@gmail.com
Ohio,Reading Community City School District,Elementary School,Reading Elementary School,read***@gmail.com
Ohio,Revere Local School District,Elementary School,Richfield Elementary,rich***@gmail.com
Ohio,Reynoldsburg City School District,Elementary School,French Run Elementary School,fren***@gmail.com
Ohio,Reynoldsburg City School District,Elementary School,Herbert Mills STEAM Elementary School,ptoh***@gmail.com
Ohio,Reynoldsburg City School District,Elementary School,Rose Hill Elementary School,rose***@gmail.com
Ohio,Reynoldsburg City School District,Elementary School,Slate Ridge Elementary School,slat***@gmail.com
Ohio,Reynoldsburg City School District,Elementary School,Summit Road STEM Elementary School,summ***@gmail.com
Ohio,Reynoldsburg City School District,Elementary School,Taylor Road Elementary School,Tayl***@gmail.com
Ohio,Reynoldsburg City School District,Elementary School,Waggoner Road Elementary School,wres***@gmail.com
Ohio,Riverside Local School District,Elementary School,Buckeye Elementary School,buck***@gmail.com
Ohio,Riverside Local School District,Middle School,LaMUTH MIDDLE School,lamu***@gmail.com
Ohio,Riverside Local School District,Elementary School,Melridge Elementary School,melr***@gmail.com
Ohio,Riverside Local School District,Elementary School,Parkside Elementary School, Par***@gmail.com
Ohio,Riverside Local School District,Elementary School,Riverview Elementary School,rvpt***@gmail.com
Ohio,Riverside Local School District,Elementary School,Riverside Elementary School,pto@***@rlspirates.org
Ohio,Riverside Local School District,Middle School,Riverside Middle School,pto@***@rlspirates.org
Ohio,Riverside Local School District,High School,Riverside High School,pto@***@rlspirates.org
Ohio,Rocky River City School District,,Goldwood Primary School,gpsp***@gmail.com
Ohio,Rocky River City School District,,Kensington Intermediate School,kens***@gmail.com
Ohio,Rocky River City School District,High School,Rocky River High School,rrco***@gmail.com
Ohio,Rocky River City School District,,Rocky River Early Childhood,rock***@gmail.com
Ohio,Sciotoville Community Schools,,Superior School for the Performing Arts,gill***@yahoo.com
Ohio,Shaker Heights City School District,Elementary School,Boulevard Elementary School,blvd***@gmail.com
Ohio,Shaker Heights City School District,Elementary School,Fernway Elementary School,Fern***@gmail.com
Ohio,Shaker Heights City School District,Elementary School,Lomond Elementary School,Trea***@gmail.com
Ohio,Shaker Heights City School District,Elementary School,Mercer Elementary School,merc***@gmail.com
Ohio,Sheffield-Sheffield Lake City School District,High School,Brookside High School,vpbh***@gmail.com
Ohio,Sheffield-Sheffield Lake City School District,Middle School,Brookside Middle School,vpbh***@gmail.com
Ohio,Sheffield-Sheffield Lake City School District,,Brookside Intermediate School,vpbi***@gmail.com
Ohio,Sheffield-Sheffield Lake City School District,Elementary School,Knollwood Elementary School,Knol***@gmail.com
Ohio,Sheffield-Sheffield Lake City School District,,Forestlawn Early Learning Center,pres***@gmail.com
Ohio,Sidney City School District,High School,Sidney High School—9-12,SCSL***@gmail.com
Ohio,Sidney City School District,Middle School,Sidney Middle School—5-8,SCSL***@gmail.com
Ohio,Sidney City School District,,Northwood Intermediate—3-4,SCSL***@gmail.com
Ohio,Sidney City School District,,Emerson Primary—K-2,SCSL***@gmail.com
Ohio,Sidney City School District,,Longfellow Primary—K-2,SCSL***@gmail.com
Ohio,Sidney City School District,,Whittier Early Childhood Center—PK,SCSL***@gmail.com
Ohio,Solon City School District,High School,Solon High School,solo***@gmail.com
Ohio,Solon City School District,Middle School,Solon Middle School,solo***@gmail.com
Ohio,Solon City School District,Middle School,Orchard Middle School,solo***@gmail.com
Ohio,Solon City School District,Elementary School,Lewis Elementary School,solo***@gmail.com
Ohio,Solon City School District,Elementary School,Roxbury Elementary School,solo***@gmail.com
Ohio,Solon City School District,Elementary School,Parkside Elementary School,solo***@gmail.com
Ohio,Southeastern Local School District,High School,Southeastern Jr. High School,athl***@gmail.com
Ohio,Southeastern Local School District,High School,Southeastern Sr. High School,athl***@gmail.com
Ohio,South Euclid-Lyndhurst City School District,High School,Charles F. Brush High School,Brus***@gmail.com
Ohio,South Euclid-Lyndhurst City School District,High School,Memorial Junior High School,mjhs***@gmail.com
Ohio,South Euclid-Lyndhurst City School District,Elementary School,Greenview Upper Elementary School,selg***@gmail.com
Ohio,South Euclid-Lyndhurst City School District,Elementary School,Adrian Elementary School,s.n.***@gmail.com
Ohio,South Euclid-Lyndhurst City School District,Elementary School,Rowland Elementary School,mich***@gmail.com
Ohio,South Euclid-Lyndhurst City School District,Elementary School,Sunview Elementary School,sunv***@gmaill.com
Ohio,Southington Local School District,Elementary School,Southington Elementary Home,sout***@gmail.com
Ohio,South-Western City School District,Elementary School,Alton Hall Elementary,info***@altonhallpta.org
Ohio,South-Western City School District,Elementary School,Bolton Crossing Elementary,bolt***@gmail.com
Ohio,South-Western City School District,Preschool,South-Western Preschool Center,sout***@gmail.com
Ohio,South-Western City School District,Elementary School,Darby Woods Elementary,darb***@yahoo.com
Ohio,South-Western City School District,Elementary School,East Franklin Elementary,east***@outlook.com
Ohio,South-Western City School District,Elementary School,Harmon Elementary,harm***@yahoo.com
Ohio,South-Western City School District,Elementary School,Highland Park Elementary,hpep***@gmail.com
Ohio,South-Western City School District,Elementary School,Monterey Elementary,mont***@gmail.com
Ohio,South-Western City School District,Elementary School,Richard Avenue Elementary,raes***@gmail.com
Ohio,South-Western City School District,Elementary School,Stiles Elementary,swcs***@gmail.com
Ohio,South-Western City School District,,Galloway Ridge Intermediate,ptag***@gmail.com
Ohio,South-Western City School District,,Park Street Intermediate,qabt***@gmail.com
Ohio,South-Western City School District,Middle School,Finland Middle,tyle***@swcsd.us
Ohio,South-Western City School District,,Central Crossing High,Cent***@gmail.com
Ohio,South-Western City School District,,Grove City High,Grov***@gmail.com
Ohio,Southwest Licking Local School District,Elementary School,Etna Elementary(),swle***@gmail.com
Ohio,Southwest Licking Local School District,Elementary School,Kirkersville Elementary,swle***@gmail.com
Ohio,Southwest Licking Local School District,Academy,Pataskala BRIDGE Academy,swle***@gmail.com
Ohio,Southwest Licking Local School District,Elementary School,Pataskala South Fork Elementary,swle***@gmail.com
Ohio,Southwest Licking Local School District,,Watkins Intermediate School,swle***@gmail.com
Ohio,Southwest Licking Local School District,Middle School,Watkins Middle School,swle***@gmail.com
Ohio,Southwest Licking Local School District,High School,Watkins Memorial High School,swle***@gmail.com
Ohio,Southwest Licking Local School District,Academy,SWL Digital Academy,swle***@gmail.com
Ohio,Spencerville Local School District,High School,Spencerville High School,Jeni***@gmail.com
Ohio,Spencerville Local School District,Middle School,Spencerville Middle School,Jeni***@gmail.com
Ohio,Spencerville Local School District,Elementary School,Spencerville Elementary School,Jeni***@gmail.com
Ohio,Springfield Local School District,Elementary School,Crissey Elementary School,cris***@gmail.com
Ohio,Springfield Local School District,Elementary School,Dorr Street Elementary School,dorr***@gmail.com
Ohio,Springfield Local School District,,Holland Intermediate,hpci***@gmail.com
Ohio,Springfield Local School District,Elementary School,Holloway Elementary School,Holl***@gmail.com
Ohio,Stow-Munroe Falls City School District,Elementary School,Fishcreek Elementary School,fish***@gmail.com
Ohio,Stow-Munroe Falls City School District,Elementary School,Riverview Elementary School,st_m***@smfcsd.org
Ohio,Strasburg-Franklin Local School District,Elementary School,STRASBURG ELEMENTARY SCHOOL,star***@gmail.com
Ohio,Strongsville City School District,Elementary School,Kinsner Elementary School,Kins***@gmail.com
Ohio,Strongsville City School District,Elementary School,Muraski Elementary School,ccif***@yahoo.com
Ohio,Strongsville City School District,Elementary School,Whitney Elementary School,Whit***@scsmustangs.org
Ohio,Sycamore Community City School District,Elementary School,Blue Ash Elementary,BAPT***@sycamoreschools.org
Ohio,Sycamore Community City School District,Elementary School,Maple Dale Elementary,mdpt***@sycamoreschools.org
Ohio,Sycamore Community City School District,Elementary School,Montgomery Elementary,mdpt***@sycamoreschools.org
Ohio,Sycamore Community City School District,Elementary School,Symmes Elementary,sypt***@sycamoreschools.org
Ohio,Sycamore Community City School District,,E.H. Greene Intermediate School,grpt***@sycamoreschools.org
Ohio,Sycamore Community City School District,High School,Sycamore Junior High School,jhpt***@sycamoreschools.org
Ohio,Sycamore Community City School District,High School,Sycamore High School,hspt***@sycamoreschools.org
Ohio,Sylvania Schools,High School,Southview High School,svpa***@gmail.com
Ohio,Sylvania Schools,,Arbor Hills Junior High,ahpa***@gmail.com
Ohio,Sylvania Schools,,McCord Junior High,tart***@gmail.com
Ohio,Sylvania Schools,,Timberstone Junior High,timb***@gmail.com
Ohio,Sylvania Schools,Elementary School,Central Trail Elementary,Cent***@gmail.com
Ohio,Sylvania Schools,Elementary School,Highland Elementary,sylv***@gmail.com
Ohio,Sylvania Schools,Elementary School,Hill View Elementary,hill***@sylvaniaschools.org
Ohio,Sylvania Schools,Elementary School,Maplewood Elementary,mapl***@sylvaniaschools.org
Ohio,Sylvania Schools,Elementary School,Stranahan Elementary,stra***@gmail.com
Ohio,Sylvania Schools,Elementary School,Sylvan Elementary,jenn***@gmail.com
Ohio,Sylvania Schools,Elementary School,Whiteford Elementary, whi***@gmail.com
Ohio,Talawanda City School District,Elementary School,Bogan Elementary School,boga***@gmail.com
Ohio,Talawanda City School District,Elementary School,Kramer Elementary School,Kram***@gmail.com
Ohio,Talawanda City School District,Elementary School,Marshall Elementary School,Mars***@gmail.com
Ohio,Tallmadge City School District,Middle School,Tallmadge Middle School,tish***@gmail.com
Ohio,Tallmadge City School District,Elementary School,Tallmadge Elementary School,tall***@gmail.com
Ohio,Teays Valley Local School District,Elementary School,Ashville Elementary,ashv***@gmail.com
Ohio,Teays Valley Local School District,Elementary School,Scioto Elementary,scio***@gmail.com
Ohio,Teays Valley Local School District,Elementary School,South Bloomfield Elementary,sslo***@gmail.com
Ohio,Teays Valley Local School District,Elementary School,Walnut Elementary,tv.w***@gmail.com
Ohio,ecumseh Local School District,High School,Tecumseh High School, pto***@tecumsehlocal.org
Ohio,Three Rivers Local School District,Elementary School,Three Rivers Elementary School,thre***@gmail.com
Ohio,Tipp City Exempted Village School District,,LT Ball Intermediate School,LTPA***@gmail.com
Ohio,Triad Local School District,High School,Triad High School,PTA@***@triad.k12.oh.us
Ohio,Triad Local School District,Middle School,Triad Middle School,PTA@***@triad.k12.oh.us
Ohio,Triad Local School District,Elementary School,Triad Elementary School,PTA@***@triad.k12.oh.us
Ohio,Tri-Valley Local School District,Elementary School,Dresden Elementary,dres***@gmail.com
Ohio,Tri-Valley Local School District,Elementary School,Nashport Elementary,cpet***@gmail.com
Ohio,Troy City School District,Elementary School,Concord Elementary,conc***@gmail.com
Ohio,Troy City School District,Elementary School,Hook Elementary,hook***@gmail.com
Ohio,Troy City School District,Elementary School,Kyle Elementary,kyle***@gmail.com
Ohio,Twinsburg City School District,High School,Twinsburg High School,rbc.***@gmail.com
Ohio,Twinsburg City School District,Middle School,R. B. Chamberlin Middle School,rbc.***@gmail.com
Ohio,Twinsburg City School District,,George G. Dodge Intermediate School,ggdo***@gmail.com
Ohio,Twinsburg City School District,Elementary School,Samuel Bissell Elementary School,biss***@gmail.com
Ohio,Twinsburg City School District,Primary,Wilcox Primary School,wilc***@gmail.com
Ohio,Union-Scioto Local School District,Elementary School,Unioto Elementary,unio***@gmail.com
Ohio,Upper Arlington City School District,,Burbank Early Childhood School,burb***@gmail.com
Ohio,Upper Arlington City School District,Elementary School,Barrington Elementary School,Barr***@gmail.com
Ohio,Upper Arlington City School District,Elementary School,Greensview Elementary School,gree***@gmail.com
Ohio,Upper Arlington City School District,Elementary School,Tremont Elementary School,trem***@gmail.com
Ohio,Upper Arlington City School District,Elementary School,Wickliffe Progressive Elementary School,wick***@gmail.com
Ohio,Upper Arlington City School District,Elementary School,Windermere Elementary School,uawi***@gmail.com
Ohio,Upper Arlington City School District,Middle School,Jones Middle School,jone***@gmail.com
Ohio,Vandalia-Butler City School District,Middle School,Morton Middle School,Mort***@gmail.com
Ohio,Vandalia-Butler City School District,Middle School,,geor***@gmail.com
Ohio,Vandalia-Butler City School District,Elementary School,Demmitt Elementary School,demm***@gmail.com
Ohio,Versailles Exempted Village School District,Elementary School,Versailles Elementary School,vers***@gmail.com
Ohio,Wadsworth City School District,High School,Wadsworth High School,whsp***@gmail.com
Ohio,Wadsworth City School District,Middle School,Wadsworth Middle School,urba***@gmail.com
Ohio,Wadsworth City School District,,Wadsworth Intermediate School,wads***@gmail.com
Ohio,Wadsworth City School District,Elementary School,Franklin Elementary School,pto.***@gmail.com
Ohio,Wadsworth City School District,Elementary School,Lincoln Elementary School,PTOL***@gmail.com
Ohio,Wadsworth City School District,Elementary School,Isham Elementary School,isha***@gmail.com
Ohio,Wadsworth City School District,Elementary School,Valley View Elementary School,wads***@gmail.com
Ohio,Wadsworth City School District,Elementary School,Overlook Elementary School,over***@gmail.com
Ohio,Wapakoneta City School District,Middle School,Wapakoneta Middle School,wapa***@gmail.com
Ohio,Warrensville Heights City School District,High School,Warrensville Heights High School,Kimb***@gmail.com
Ohio,Waterloo Local School District,High School,JR/SR High School,wate***@gmail.com
Ohio,Waterloo Local School District,Elementary School,Elementary School,wate***@gmail.com
Ohio,Wayne Local School District,Elementary School,Waynesville Elementary School,wesp***@waynelocal.net
Ohio,Weathersfield Local School District,Elementary School,Seaborn Elementary School,seab***@gmail.com
Ohio,Western Reserve Local School District,Elementary School,Western Reserve Elementary School,West***@gmail.com
Ohio,Western Reserve Local School District,High School,Western Reserve High School,West***@gmail.com
Ohio,Western Reserve Local School District,Middle School,Western Reserve Middle School,West***@gmail.com
Ohio,Westerville City School District,Elementary School,Alcott Elementary,west***@gmail.com
Ohio,Westerville City School District,Elementary School,Fouse Elementary,Fous***@gmail.com
Ohio,Westerville City School District,Elementary School,Minerva France Elementary,mine***@gmail.com
Ohio,Westfall Local School District,High School,Westfall High School,lesl***@westfallschools.com
Ohio,Westfall Local School District,Middle School,Westfall Middle School,lesl***@westfallschools.com
Ohio,Westfall Local School District,Elementary School,Westfall Elementary School,lesl***@westfallschools.com
Ohio,Westfall Local School District,Preschool,Westfall Preschool,lesl***@westfallschools.com
Ohio,West Geauga Local School District,Elementary School,Westwood Elementary School,boar***@westwood-pto.org
Ohio,West Geauga Local School District,Elementary School,Lindsey Elementary School,lind***@gmail.com
Ohio,West Geauga Local School District,High School,West Geauga High School,wgab***@westg.org
Ohio,Westlake City School District,High School,Westlake High School (9-12),WHSP***@gmail.com
Ohio,Westlake City School District,Middle School,Lee Burneson Middle School (7-8),LBMS***@gmail.com
Ohio,Westlake City School District,,Dover Intermediate School (5-6),DISP***@gmail.com
Ohio,Westlake City School District,Elementary School,Westlake Elementary School (PK-4),ptaw***@gmail.com
Ohio,Westlake City School District,Elementary School,West Liberty-Salem Elementary School,wlsb***@gmail.com
Ohio,West Liberty-Salem Local School District,High School,West Liberty Salem High School,wlsb***@gmail.com
Ohio,West Liberty-Salem Local School District,Middle School,West Liberty Salem Middle School,wlsb***@gmail.com
Ohio,Wickliffe City School District,,Wickliffe Lower School,wcsd***@gmail.com
Ohio,Willoughby-Eastlake City School District,Elementary School,Grant Elementary School,gran***@gmail.com
Ohio,Willoughby-Eastlake City School District,Elementary School,Jefferson Elementary,jeff***@gmail.com
Ohio,Willoughby-Eastlake City School District,Elementary School,Longfellow Elementary School,long***@gmail.com
Ohio,Willoughby-Eastlake City School District,Elementary School,Royalview Elementary School,Roya***@gmail.com
Ohio,Willoughby-Eastlake City School District,,W-E School of Innovation,help***@wesoipto.org
Ohio,Willoughby-Eastlake City School District,Middle School,Willoughby Middle School,warr***@gmail.com
Ohio,Willoughby-Eastlake City School District,High School,South High School,wsre***@gmail.com
Ohio,Winton Woods City School District,High School,High***@ North Campus (Grades 9-12),lato***@gmail.com
Ohio,Winton Woods City School District,Preschool,Early Childhood Central Campus (Preschool and Kindergarten),lato***@gmail.com
Ohio,Winton Woods City School District,Elementary School,Elem***@ South Campus (Grades 3-4),lato***@gmail.com
Ohio,Winton Woods City School District,High School,High***@ North Campus (Grades 9-12),lato***@gmail.com
Ohio,Winton Woods City School District,,Inte***@ South Campus (Grades 5-6),lato***@gmail.com
Ohio,Winton Woods City School District,,Prim***@ South Campus (Grades 1-2),lato***@gmail.com
Ohio,Winton Woods City School District,Middle School,Winton Woods Middle School,lato***@gmail.com
Ohio,Wolf Creek Local School District,High School,Waterford High School,wolf***@gmail.com
Ohio,Woodridge Local School District,Elementary School,Woodridge Elementary School,illa***@woodridgepto.com
Ohio,Wooster City School District,Elementary School,Cornerstone Elementary School,corn***@gmail.com
Ohio,Wooster City School District,Elementary School,Kean Elementary School,woos***@gmail.com
Ohio,Worthington City School District,High School,Thomas Worthington High School,TWHS***@gmail.com
Ohio,Worthington City School District,High School,Worthington Kilbourne High School,wkhs***@gmail.com
Ohio,Worthington City School District,Middle School,McCord Middle School,mcco***@gmail.com
Ohio,Worthington City School District,Middle School,Perry Middle School,Secr***@gmail.com
Ohio,Worthington City School District,Middle School,Worthingway Middle School,Wort***@gmail.com
Ohio,Worthington City School District,Elementary School,Brookside Elementary School,pres***@brooksidepta.com
Ohio,Worthington City School District,Elementary School,Colonial Hills Elementary School,lesl***@gmail.com
Ohio,Worthington City School District,Elementary School,Granby Elementary School,Gran***@gmail.com
Ohio,Worthington City School District,Elementary School,Liberty Elementary School,pres***@libertypta.com
Ohio,Worthington City School District,Elementary School,Slate Hill Elementary School,slat***@gmail.com
Ohio,Worthington City School District,Elementary School,Wilson Hill Elementary School,wils***@gmail.com
Ohio,Worthington City School District,Elementary School,Worthington Estates Elementary School,hell***@wesowlspta.org
Ohio,Worthington City School District,Elementary School,Worthington Hills Elementary School,wort***@gmail.com
Ohio,Worthington City School District,Elementary School,Worthington Park Elementary School,wort***@gmail.com
Ohio,Worthington City School District,Preschool,Sutter Park Preschool,sutt***@gmail.com
Ohio,Wyoming City School District,High School,Wyoming High School,wpsa***@gmail.com
Ohio,Wyoming City School District,Middle School,Wyoming Middle School,wpsa***@gmail.com
Ohio,Wyoming City School District,,Wyoming Primary Schools,wpsa***@gmail.com
Michigan,Adrian Public Schools,Elementary School,Michener Elementary,clan***@adrian.k12.mi.us
Michigan,Airport Community Schools,Elementary School,Eyler Elementary School,eyle***@airportschools.com
Michigan,Airport Community Schools,Elementary School,Niedermeier Elementary School,nesp***@airportschools.com
Michigan,Airport Community Schools,High School,Wagar Middle & Junior High School,waga***@gmail.com
Michigan,Allendale Public Schools,,Allendale Early Childhood Center,alle***@gmail.com
Michigan,Allendale Public Schools,Preschool,Preschool,alle***@gmail.com
Michigan,Allendale Public Schools,Elementary School,Evergreen Elementary,alle***@gmail.com
Michigan,Allendale Public Schools,,Oakwood Intermediate School,alle***@gmail.com
Michigan,Allendale Public Schools,Middle School,Allendale Middle School,alle***@gmail.com
Michigan,Allendale Public Schools,High School,Allendale High School,alle***@gmail.com
Michigan,Allendale Public Schools,Academy,Allendale Virtual Academy,alle***@gmail.com
Michigan,Allen Park Public Schools,Elementary School,Bennie Elementary,alle***@gmail.com
Michigan,Allen Park Public Schools,Elementary School,Lindemann Elementary,alle***@gmail.com
Michigan,Allen Park Public Schools,Middle School,Allen Park Middle School,appt***@aol.com
Michigan,Allen Park Public Schools,,Center for Early Childhood Education,appt***@aol.com
Michigan,Alma Public Schools,,Luce Road Early Childhood Learning Center,aept***@gmail.com 
Michigan,Alma Public Schools,Elementary School,Hillcrest Elementary School,aept***@gmail.com 
Michigan,Almont Community Schools,,Orchard Primary School,almo***@gmail.com
Michigan,Almont Community Schools,Middle School,,almo***@gmail.com
Michigan,Almont Community Schools,High School,Almont High School,almo***@gmail.com
Michigan,Alpena Public Schools,Elementary School,Ella White Elementary,ella***@gmail.com
Michigan,Ann Arbor Public Schools,Elementary School,Abbot Elementary,abbo***@gmail.com
Michigan,Ann Arbor Public Schools,Elementary School,Allen Elementary,alle***@gmail.com
Michigan,Ann Arbor Public Schools,Elementary School,Angell Elementary,pres***@angellpto.org
Michigan,Ann Arbor Public Schools,,Ann Arbor STEAM,pres***@a2steampto.org
Michigan,Ann Arbor Public Schools,Elementary School,Bach Elementary,ptoc***@bachpto.org
Michigan,Ann Arbor Public Schools,Elementary School,Bryant Elementary,boar***@bryantpattengill.org
Michigan,Ann Arbor Public Schools,Elementary School,Burns Park Elementary,info***@bpepto.org / 
Michigan,Ann Arbor Public Schools,Elementary School,Burns Park Elementary,volu***@burnsparkpto.org
Michigan,Ann Arbor Public Schools,Elementary School,Carpenter Elementary,pto_***@googlegroups.com
Michigan,Ann Arbor Public Schools,Middle School,Clague Middle School,Clag***@gmail.com
Michigan,Ann Arbor Public Schools,High School,Community High School,a2ch***@gmail.com
Michigan,Ann Arbor Public Schools,Elementary School,Dicken Elementary,dick***@gmail.com
Michigan,Ann Arbor Public Schools,Elementary School,Eberwhite Elementary,eber***@gmail.com
Michigan,Ann Arbor Public Schools,Middle School,Forsythe Middle School,fors***@gmail.com  
Michigan,Ann Arbor Public Schools,Elementary School,Haisley Elementary,hais***@gmail.com
Michigan,Ann Arbor Public Schools,High School,Huron High School,pres***@huronptso.org
Michigan,Ann Arbor Public Schools,Elementary School,King Elementary,aaki***@gmail.com
Michigan,Ann Arbor Public Schools,Elementary School,Lakewood Elementary,Brya***@gmail.com
Michigan,Ann Arbor Public Schools,Elementary School,Lawton Elementary,Pres***@lawtonpto.org
Michigan,Ann Arbor Public Schools,Elementary School,Logan Elementary,loga***@gmail.com
Michigan,Ann Arbor Public Schools,Elementary School,Mitchell Elementary,pres***@mitchellptoannarbor.com
Michigan,Ann Arbor Public Schools,Elementary School,Pattengill Elementary,boar***@bryantpattengill.org
Michigan,Ann Arbor Public Schools,High School,Pioneer High School,info***@pioneerptso.org
Michigan,Ann Arbor Public Schools,Elementary School,Pittsfield Elementary,pres***@pittsfieldpto.com
Michigan,Ann Arbor Public Schools,Middle School,Scarlett Middle School,scar***@gmail.com
Michigan,Ann Arbor Public Schools,High School,Skyline High School,pend***@gmail.com
Michigan,Ann Arbor Public Schools,Middle School,Slauson Middle School,slau***@gmail.com
Michigan,Ann Arbor Public Schools,Elementary School,Wines Elementary,WINE***@ GMAIL.COM
Michigan,Avondale School District,Middle School,Avondale Middle School,Avon***@gmail.com
Michigan,Bangor Public Schools (Van Buren) School District,Elementary School,Bangor South Walnut Elementary School,ksha***@bangorvikings.org
Michigan,Bangor Township Schools,High School,John Glenn HS,john***@gmail.com
Michigan,Bay City Academy,Academy,Bay City Academy,star***@baycityacademy.com
Michigan,Bay City School District,High School,Central High School,bccb***@bcschools.net
Michigan,Beaverton Schools,Elementary School,Beaverton Elementary School,step***@hotmail.com
Michigan,Beaverton Schools,Elementary School,Beaverton Elementary School,Beav***@gmail.com
Michigan,Bedford Public Schools,High School,Bedford Junior High School,bedf***@gmail.com
Michigan,Bedford Public Schools,Elementary School,Douglas Road Elementary,doug***@gmail.com
Michigan,Bedford Public Schools,Elementary School,Jackman Road Elementary,jack***@gmail.com
Michigan,Benzie County Central Schools,Elementary School,Betsie Valley Elementary,BVPT***@benzieschools.net
Michigan,Benzie County Central Schools,Elementary School,Homestead Hills Elementary,husk***@gmail.com
Michigan,Berkley School District,Elementary School,Angell Elementary,ange***@gmail.com
Michigan,Berkley School District,Elementary School,Burton Elementary,nata***@gmail.com
Michigan,Berkley School District,Elementary School,Pattengill Elementary,Patt***@gmail.com
Michigan,Berkley School District,Elementary School,Rogers Elementary,roge***@gmail.com
Michigan,Berkley School District,Middle School,Anderson Middle,Ande***@gmail.com
Michigan,Berkley School District,High School,Berkley High,heat***@hotmail.com
Michigan,Big Bay De Noc School District,High School,Big Bay de Noc HS,jdal***@bigbayschool.com
Michigan,Big Rapids Public Schools,Elementary School,Riverview Elementary,rive***@gmail.com
Michigan,Birch Run Area Schools,Elementary School,North Elementary School,JTLo***@gmail.com
Michigan,Birch Run Area Schools,Elementary School,North Elementary School,tmag***@birchrunschools.org
Michigan,Birch Run Area Schools,Elementary School,Beverly Elementary,mama***@hotmail.com
Michigan,Birmingham Public Schools,Elementary School,Greenfield Elementary,PTAg***@gmail.com
Michigan,Birmingham Public Schools,Elementary School,Pierce Elementary,pier***@gmail.com
Michigan,Birmingham Public Schools,Elementary School,West Maple Elementary,hefa***@yahoo.com
Michigan,Birmingham Public Schools,,Birmingham Covington School,bcsp***@gmail.com
Michigan,Birmingham Public Schools,Middle School,Berkshire Middle School,Berk***@gmail.com
Michigan,Birmingham Public Schools,Middle School,Derby Middle School,lima***@yahoo.com
Michigan,Birmingham Public Schools,High School,Seaholm High School,drar***@yahoo.com
Michigan,Black River Public Schools,High School,Black River HS ,HSbl***@brpsk12.org
Michigan,Black River Public Schools,Elementary School,Black River Public Elementary School,ELbl***@brpsk12.org
Michigan,Black River Public Schools,Middle School,Black River Middle School,MSbl***@brpsk12.org
Michigan,Black River Public Schools,Elementary School,Black River Public Elementary School,athl***@brpsk12.org
Michigan,Bloomfield Hills Schools,Elementary School,Conant Elementary,info***@conantcubspto.org
Michigan,Bloomfield Hills Schools,Elementary School,Eastover Elementary,east***@gmail.com
Michigan,Bloomfield Hills Schools,Elementary School,Lone Pine Elementary,Lone***@gmail.com
Michigan,Bloomfield Hills Schools,Elementary School,Way Elementary,wayp***@gmail.com
Michigan,Bloomfield Hills Schools,Middle School,North Hills Middle,nort***@gmail.com
Michigan,Bloomfield Hills Schools,,Kidz Zone,bhsp***@gmail.com
Michigan,Boyne City Public Schools,Elementary School,Boyne City Elementary School,sfit***@boyne.k12.mi.us
Michigan,Boyne City Public Schools,Middle School,Boyne City Middle School,sfit***@boyne.k12.mi.us
Michigan,Brandon School District in the Counties of Oakland and Lapee,Elementary School,Harvey-Swanson Elementary,hsep***@brandon.k12.mi.us
Michigan,Brighton Area Schools,High School,Brighton High School,BHSP***@yahoo.com
Michigan,Brighton Area Schools,,Maltby Intermediate,Malt***@yahoo.com
Michigan,Brighton Area Schools,Elementary School,Hawkins Elementary,hawk***@gmail.com
Michigan,Brighton Area Schools,Elementary School,Hilton Elementary,hilt***@gmail.com
Michigan,Brighton Area Schools,Elementary School,Hornung Elementary,horn***@gmail.com
Michigan,Brighton Area Schools,Elementary School,Spencer Elementary,spen***@gmail.com
Michigan,Brimley Area Schools,High School,Brimley Area High School,basp***@eupschools.org
Michigan,Brimley Area Schools,High School,Brimley Area High School,hcou***@eupschools.org
Michigan,Buchanan Community Schools,Elementary School,Ottawa Elementary,otta***@buchananschools.com
Michigan,Bullock Creek School District,High School,Bullock Creek High School,Floy***@gmail.com
Michigan,Byron Area Schools,High School,Byron High School,byro***@gmail.com
Michigan,Caledonia Community Schools,High School,Caledonia High School, cal***@gmail.com
Michigan,Caledonia Community Schools,Middle School,Duncan Lake Middle,dunc***@gmail.com
Michigan,Caledonia Community Schools,,Kraft Meadows Intermediate,Kraf***@calschools.org
Michigan,Caledonia Community Schools,Elementary School,Dutton Elementary,dutt***@calschools.org
Michigan,Caledonia Community Schools,Elementary School,Emmons Lake Elementary,emmo***@calschools.org
Michigan,Caledonia Community Schools,Elementary School,Paris Ridge Elementary,pari***@calschools.org
Michigan,Cedar Springs Public Schools,Elementary School,Cedar Springs Elementary Schools,cspt***@gmail.com
Michigan,Center Line Public Schools,High School,Center Line High School,madc***@clps.org
Michigan,Center Line Public Schools,Elementary School,Crothers Elementary,crot***@clps.org
Michigan,Center Line Public Schools,Elementary School,Peck Elementary,Peck***@clps.org
Michigan,Center Line Public Schools,Elementary School,Roose Elementary,Roos***@clps.org
Michigan,Center Line Public Schools,Middle School,Wolfe Middle School,Wolf***@clps.org
Michigan,Charlotte Public Schools,Elementary School,Washington Elementary,wash***@gmail.com
Michigan,Charlotte Public Schools,Elementary School,Charlotte Upper Elementary,orio***@gmail.com
Michigan,Charlotte Public Schools,Elementary School,Galewood Early Elementary,gale***@gmail.com
Michigan,Chassell Township School District,Elementary School,Chassell Elementary School,vale***@cts.k12.mi.us
Michigan,Chassell Township School District,,Chassell HS,vale***@cts.k12.mi.us
Michigan,Chelsea School District,Elementary School,North Creek Elementary,PTO.***@gmail.com
Michigan,Chelsea School District,Elementary School,South Meadows Elementary,PTO.***@gmail.com
Michigan,Chippewa Hills School District,,Chippewa Hills Athletics,chip***@gmail.com
Michigan,Chippewa Valley Schools,High School,Chippewa Valley,CVHS***@cvs.k12.mi.us
Michigan,Chippewa Valley Schools,Elementary School,Cherokee,35pt***@cvs.k12.mi.us
Michigan,Chippewa Valley Schools,Elementary School,Cheyenne,45PT***@cvs.k12.mi.us
Michigan,Chippewa Valley Schools,Elementary School,Clinton Valley,10pt***@cvs.k12.mi.us
Michigan,Chippewa Valley Schools,Elementary School,Erie,12pt***@cvs.k12.mi.us
Michigan,Chippewa Valley Schools,Elementary School,Fox,14pt***@cvs.k12.mi.us
Michigan,Chippewa Valley Schools,Elementary School,Huron,20PT***@cvs.k12.mi.us
Michigan,Chippewa Valley Schools,Elementary School,Miami,49PT***@cvs.k12.mi.us
Michigan,Chippewa Valley Schools,Elementary School,Mohawk,25pt***@cvs.k12.mi.us
Michigan,Chippewa Valley Schools,Elementary School,Ojibwa,30pt***@cvs.k12.mi.us
Michigan,Chippewa Valley Schools,Elementary School,Ottawa,Otta***@gmail.com
Michigan,Chippewa Valley Schools,Elementary School,Sequoyah,Sequ***@cvs.k12.mi.us
Michigan,Chippewa Valley Schools,Elementary School,Shawnee,shaw***@gmail.com
Michigan,Clarenceville School District,Elementary School,Grandview Elementary School,fogv***@gmail.com
Michigan,Clarkston Community School District,Elementary School,Andersonville Elementary, and***@gmail.com
Michigan,Clarkston Community School District,Elementary School,Bailey Lake Elementary,blep***@hotmail.com
Michigan,Clarkston Community School District,Elementary School,Clarkston Elementary School,pto.***@gmail.com
Michigan,Clarkston Community School District,Elementary School,Independence Elementary School,PTOI***@yahoo.com
Michigan,Clarkston Community School District,Elementary School,North Sashabaw Elementary School,pton***@gmail.com
Michigan,Clarkston Community School District,Elementary School,Springfield Plains Elementary,Spri***@gmail.com
Michigan,Clarkston Community School District,Middle School,Sashabaw Middle School,Clar***@gmail.com
Michigan,Clarkston Community School District,High School,Clarkston Junior High School,klob***@gmail.com
Michigan,Clarkston Community School District,High School,Clarkston High School,chsp***@clarkston.k12.mi.us
Michigan,Clawson Public Schools,High School,Clawson High School,claw***@gmail.com
Michigan,Clawson Public Schools,Middle School,Clawson Middle School,claw***@gmail.com
Michigan,Clawson Public Schools,Elementary School,Clawson Elementary School,claw***@gmail.com
Michigan,Clawson Public Schools,Preschool,Clawson Preschool,claw***@gmail.com
Michigan,Clinton Community Schools,Elementary School,Clinton Elementary School,clin***@clinton.k12.mi.us
Michigan,Clinton Community Schools,Elementary School,Clinton Upper Elementary,clin***@clinton.k12.mi.us
Michigan,Coldwater Community Schools,High School,Coldwater High School,card***@gmail.com
Michigan,Coloma Community Schools,Elementary School,Coloma Elementary,colo***@gmail.com
Michigan,Concord Community Schools,Middle School,Concord Middle School,Conc***@Gmail.com
Michigan,Countryside Academy,Elementary School,Countryside Academy Elementary,pto@***@countrysideacademy.org
Michigan,Countryside Academy,Academy,Countryside Academy Junior High,pto@***@countrysideacademy.org
Michigan,Countryside Academy,High School,Countryside Academy High School,pto@***@countrysideacademy.org
Michigan,Countryside Academy,,Countryside Agricultural Resource Center (ARC),pto@***@countrysideacademy.org
Michigan,Countryside Academy,,Aviation,pto@***@countrysideacademy.org
Michigan,Creative Montessori Academy,Academy,Creative Montessori Academy,cmap***@choiceschools.com
Michigan,Croswell-Lexington Community Schools,Elementary School,Meyer Elementary,jenn***@gmail.com
Michigan,Croswell-Lexington Community Schools,Elementary School,Frostick Elementary,fros***@gmail.com
Michigan,Dearborn City School District,Elementary School,DuVall,duva***@gmail.com
Michigan,Dearborn City School District,Elementary School,Howe,howe***@yahoo.com
Michigan,Dearborn City School District,Elementary School,Lindbergh,ptac***@gmail.com
Michigan,Dearborn City School District,Elementary School,Nowlin,ptan***@dearbornschools.org
Michigan,Dearborn City School District,Elementary School,Whitmore-Bolles,wbol***@gmail.com
Michigan,Dearborn City School District,Elementary School,William Ford,assa***@dearbornschools.org
Michigan,Dearborn City School District,Middle School,O.L. Smith,Lgau***@gmail.com
Michigan,Dearborn City School District,High School,Dearborn,pfsa***@gmail.com
Michigan,Dearborn Heights School District #7,,Annapolis HS,jord***@dhsd7.net
Michigan,Dearborn Heights School District #7,,Bedford School,simm***@dhsd7.net
Michigan,Dearborn Heights School District #7,Middle School,Best Middle School,swov***@dhsd7.net
Michigan,Dearborn Heights School District #7,,Pardee School,benn***@dhsd7.net
Michigan,Dearborn Heights School District #7,Elementary School,Polk Elementary School,virg***@dhsd7.net
Michigan,Detroit Public Schools Community District School District,High School,Cody High School,char***@detroitk12.org
Michigan,Detroit Public Schools Community District School District,High School,Communication and Media Arts High School,cmap***@gmail.com
Michigan,Detroit Public Schools Community District School District,,DPSCD Virtual School,flor***@detroitk12.org
Michigan,Detroit Public Schools Community District School District,Elementary School,Hamilton Elementary-Middle School,pame***@detroitk12.org
Michigan,Detroit Public Schools Community District School District,,Moses Field Center,ebon***@gmail.com
Michigan,Detroit Public Schools Community District School District,High School,Renaissance High School,rhsp***@gmail.com
Michigan,DeWitt Public Schools,Elementary School,DeWitt Elementary,info***@ptadewitt.org
Michigan,Dryden Community Schools,Elementary School,Dryden Elementary School,dryd***@gmail.com
Michigan,East China School District,Elementary School,Pine River Elementary School,Pine***@gmail.com
Michigan,East Grand Rapids Public Schools,Elementary School,Breton Downs Elementary,Bret***@gmail.com
Michigan,East Grand Rapids Public Schools,Middle School,East Grand Rapids Middle School,mspt***@egrps.org
Michigan,East Grand Rapids Public Schools,High School,East Grand Rapids High School,egrh***@gmail.com
Michigan,East Lansing School District,Elementary School,Donley Elementary School,donl***@gmail.com
Michigan,East Lansing School District,Elementary School,Glencairn Elementary School,glen***@gmail.com
Michigan,East Lansing School District,Elementary School,Marble Elementary School,marb***@gmail.com
Michigan,East Lansing School District,Elementary School,Whitehills Elementary School,whit***@gmail.com
Michigan,East Lansing School District,Middle School,MacDonald Middle School,macd***@gmail.com
Michigan,Eaton Rapids Public Schools,Elementary School,Lockwood Elementary,grey***@gmail.com
Michigan,Eaton Rapids Public Schools,Elementary School,Greyhound Central Elementary,grey***@gmail.com
Michigan,Elk Rapids Schools,Elementary School,Lakeland Elementary,lake***@gmail.com
Michigan,Elk Rapids Schools,Academy,Mill Creek Academy,cori***@hotmail.com
Michigan,Elkton-Pigeon-Bay Port Laker Schools,Elementary School,Laker Elementary,ptoc***@lakerschools.org
Michigan,Farmington Public School District,Elementary School,Forest Elementary,lind***@gmail.com
Michigan,Farmington Public School District,Elementary School,,katg***@gmail.com
Michigan,Farmington Public School District,Elementary School,Gill Elementary,gill***@gmail.com﻿
Michigan,Farmington Public School District,Elementary School,Lanigan Elementary,lani***@gmail.com
Michigan,Farmington Public School District,Elementary School,Longacre Elementary,long***@gmail.com
Michigan,Farmington Public School District,,North Farmington High,laur***@gmail.com
Michigan,Farmington Public School District,Middle School,Power Middle,pwrp***@gmail.com
Michigan,Farmington Public School District,Middle School,Warner Middle,warn***@gmail.com
Michigan,Fennville Public Schools,Middle School,Fennville Middle School,fenn***@gmail.com
Michigan,Fennville Public Schools,High School,Fennville High School,fpsb***@gmail.com
Michigan,Fenton Area Public Schools,Elementary School,North Road Elementary School,nort***@gmail.com
Michigan,Fenton Area Public Schools,Elementary School,State Road Elementary School,Stat***@gmail.com
Michigan,Fenton Area Public Schools,Elementary School,Tomek-Eastern Elementary School,tome***@gmail.com
Michigan,Ferndale Public Schools,Preschool,Early Childhood Center (Preschool),fern***@gmail.com
Michigan,Ferndale Public Schools,Elementary School,Ferndale Lower Elementary (K-2),fern***@gmail.com
Michigan,Ferndale Public Schools,Elementary School,Ferndale Upper Elementary (3-5 and Montessori),fern***@gmail.com
Michigan,Ferndale Public Schools,Middle School,Ferndale Middle School (6-8),fern***@gmail.com
Michigan,Ferndale Public Schools,High School,Ferndale High School (9-12),fern***@gmail.com
Michigan,Flushing Community Schools,Elementary School,Springview Elementary School,spri***@gmail.com
Michigan,Forest Hills Public Schools,Elementary School,Ada Elementary,ptoa***@gmail.com
Michigan,Forest Hills Public Schools,Elementary School,Ada Vista Elementary School,adav***@gmail.com
Michigan,Forest Hills Public Schools,Elementary School,Meadow Brook Elementary,pres***@meadowbrookpto.org
Michigan,Forest Hills Public Schools,Elementary School,Thornapple Elementary,Thor***@gmail.com.
Michigan,Fraser Public Schools,Elementary School,Disney Elementary,disn***@gmail.com
Michigan,Fraser Public Schools,Elementary School,Edison Elementary,Edis***@gmail.com
Michigan,Fraser Public Schools,Elementary School,Eisenhower Elementary,Fras***@gmail.com
Michigan,Fraser Public Schools,Elementary School,Emerson Elementary,PTOe***@gmail.com
Michigan,Fraser Public Schools,Elementary School,Salk Elementary,PTOS***@gmail.com
Michigan,Fraser Public Schools,Elementary School,Twain Elementary,mtpa***@gmail.com
Michigan,Freeland Community School District,Elementary School,Freeland Elementary School,free***@gmail.com
Michigan,Freeland Community School District,,Freeland Learning Center,free***@gmail.com
Michigan,Galesburg-Augusta Community Schools,,Galesburg-Augusta Primary School,laur***@garams.org
Michigan,Gibraltar School District,Elementary School,Chapman Elementary School,chap***@gmail.com
Michigan,Gibraltar School District,,Downriver STEM at Weiss,Weis***@gmail.com
Michigan,Gibraltar School District,Elementary School,Parsons Elementary School,efgr***@gmail.com
Michigan,Gladstone Area Schools,Elementary School,Jones Elementary,jone***@gladstone.k12.mi.us
Michigan,Glen Lake Community Schools,Elementary School,Glen Lake Elementary School,emil***@gmail.com
Michigan,Glen Lake Community Schools,Middle School,Middle School,emil***@gmail.com
Michigan,Glen Lake Community Schools,High School,High School,emil***@gmail.com
Michigan,Grand Blanc Community Schools,Elementary School,Brendel Elementary,kapp***@gbcs.org
Michigan,Grand Blanc Community Schools,,Children’s Garden,chil***@gbcs.org
Michigan,Grand Blanc Community Schools,Elementary School,Cook Elementary,cook***@gmail.com
Michigan,Grand Blanc Community Schools,Middle School,East Middle School,emsp***@gmail.com
Michigan,Grand Blanc Community Schools,Elementary School,Reid Elementary,reid***@yahoo.com
Michigan,Grand Haven Area Public Schools,Elementary School,Ferry Elementary,ferr***@gmail.com
Michigan,Grand Haven Area Public Schools,Elementary School,Griffin Elementary,grif***@gmail.com
Michigan,Grand Haven Area Public Schools,Elementary School,Lake Hills Elementary,lake***@gmail.com
Michigan,Grand Haven Area Public Schools,Elementary School,Peach Plains Elementary,peac***@gmail.com
Michigan,Grand Haven Area Public Schools,Elementary School,Robinson Elementary,Robi***@gmail.com
Michigan,Grand Haven Area Public Schools,,White Pines Intermediate (5-6),whit***@gmail.com
Michigan,Grand Haven Area Public Schools,Middle School,Lakeshore Middle School (7-8),lake***@gmail.com
Michigan,Grand Ledge Public Schools,Elementary School,Delta Center Elementary,gldc***@gmail.com
Michigan,Grand Ledge Public Schools,Elementary School,Willow Ridge Elementary,ptaw***@gmail.com
Michigan,Grass Lake Community Schools,Elementary School,George Long Elementary School,ptog***@gmail.com.
Michigan,Greenville Public Schools,Elementary School,Baldwin Heights Elementary,bald***@gmail.com
Michigan,Greenville Public Schools,Elementary School,Walnut Hills Elementary,waln***@gmail.com
Michigan,Grosse Ile Township Schools,High School,High School,gros***@gmail.com
Michigan,Grosse Ile Township Schools,Middle School,Middle School,gros***@gmail.com
Michigan,Grosse Ile Township Schools,Elementary School,Grosse Ile Elementary School,gros***@gmail.com
Michigan,Grosse Pointe Public Schools,Elementary School,Defer Elementary School,pres***@deferpto.org
Michigan,Grosse Pointe Public Schools,Elementary School,Ferry Elementary School,ferr***@gmail.com
Michigan,Grosse Pointe Public Schools,Elementary School,Kerby Elementary School,Kerb***@gmail.com
Michigan,Grosse Pointe Public Schools,Elementary School,Maire Elementary School,pres***@mairepto.org
Michigan,Grosse Pointe Public Schools,Middle School,Brownell Middle School,Brow***@gmail.com
Michigan,Grosse Pointe Public Schools,Middle School,Parcells Middle School,ptop***@gmail.com
Michigan,Grosse Pointe Public Schools,Middle School,Pierce Middle School,trea***@piercepto.org
Michigan,Gull Lake Community Schools,Middle School,Gull Lake Middle School,glms***@gulllakecs.org
Michigan,Gull Lake Community Schools,,Thomas M. Ryan Intermediate,ryan***@gmail.com 
Michigan,Gull Lake Community Schools,Elementary School,Richland Elementary,rich***@gmail.com
Michigan,Gull Lake Community Schools,Elementary School,Kellogg Elementary,kell***@gmail.com
Michigan,Hale Area Schools,,Hale HS,hesb***@haleschools.net
Michigan,Hancock Public Schools,Elementary School,Barkell Elementary School,dean***@ymail.com
Michigan,Harbor Springs School District,High School,Harbor Springs High School,swar***@gmail.com
Michigan,Hartford Public Schools,Elementary School,Redwood Elementary School,redw***@hpsmi.org
Michigan,Hartland Consolidated Schools,Elementary School,Creekside Elementary School,cree***@gmail.com
Michigan,Henry Ford Academy,Academy,Henry Ford Academy ,hfap***@gmail.com
Michigan,Henry Ford Academy,Academy,,navi***@gmail.com
Michigan,Hesperia Community Schools,Elementary School,Patricia St. Clair Elementary,Hesp***@gmail.com
Michigan,Hillman Community Schools,Elementary School,Hillman Elementary School,ptsg***@hillmanschools.com
Michigan,Holly Area School District,Elementary School,Davisburg Elementary,dptc***@gmail.com    
Michigan,Holly Area School District,Middle School,Holly Middle School,holl***@gmail.com 
Michigan,Holton Public Schools,Elementary School,Holton Elementary,ptoh***@gmail.com
Michigan,Holt Public Schools,Elementary School,Elliott Elementary School,elli***@gmail.com
Michigan,Houghton Lake Community Schools,Elementary School,Houghton Lake Collins Elementary,frie***@gmail.com
Michigan,Houghton-Portage Township School District,Elementary School,Houghton Elementary,grem***@gmail.com
Michigan,Howell Public Schools,Elementary School,Challenger Elementary School,chpt***@gmail.com
Michigan,Howell Public Schools,Middle School,Highlander Way Middle School,High***@gmail.com 
Michigan,Howell Public Schools,Elementary School,Northwest Elementary School,nort***@gmail.com
Michigan,Howell Public Schools,Elementary School,Ruahmah J Hutchings Elementary School,ashl***@gmail.com
Michigan,Howell Public Schools,Elementary School,Three Fires Elementary School,tfep***@gmail.com
Michigan,Howell Public Schools,Elementary School,Voyager Elementary School,voya***@gmail.com
Michigan,Hudsonville Public School District,Elementary School,Alward Elementary,alwa***@gmail.com
Michigan,Huron School District,Elementary School,Miller Elementary,mill***@gmail.com 
Michigan,Huron Valley Schools,Elementary School,Country Oaks Elementary,COEL***@gmail.com
Michigan,Huron Valley Schools,Elementary School,Heritage Elementary,PTOP***@gmail.com
Michigan,Huron Valley Schools,Elementary School,Highland Elementary,high***@gmail.com
Michigan,Huron Valley Schools,Elementary School,Johnson Elementary,ptaj***@gmail.com
Michigan,Huron Valley Schools,Elementary School,Kurtz Elementary,Kurt***@gmail.com
Michigan,Huron Valley Schools,Elementary School,Lakewood Elementary,lake***@gmail.com
Michigan,Huron Valley Schools,Elementary School,Oxbow Elementary,oxbo***@gmail.com
Michigan,Huron Valley Schools,Elementary School,Spring Mills Elementary,spri***@gmail.com
Michigan,Huron Valley Schools,Middle School,Muir Middle,ptom***@gmail.com
Michigan,Huron Valley Schools,Middle School,White Lake Middle,PTSA***@gmail.com
Michigan,Huron Valley Schools,,Lakeland High,lake***@gmail.com
Michigan,Ionia Public Schools,Elementary School,Jefferson Elementary School,ptgl***@gmail.com
Michigan,Ionia Public Schools,Elementary School,Rather Elementary School,trac***@gmail.com
Michigan,Iron Mountain Public Schools,Elementary School,G N Sleight Elementary School,boos***@ironwood.k12.mi.us
Michigan,Ironwood Area Schools of Gogebic County School District,,Gogebic County Community Education School,pto@***@ironwood.k12.mi.us
Michigan,Island City Academy,Academy,Island City Academy,isla***@gmail.com
Michigan,Ithaca Public Schools,Elementary School,Ithaca North Elementary,pto@***@ithacaschools.net
Michigan,Jenison Public Schools,Elementary School,Bauerwood Elementary,bwfa***@gmail.com
Michigan,Jenison Public Schools,Elementary School,Bursley Elementary,burs***@gmail.com
Michigan,Jenison Public Schools,Elementary School,Pinewood Elementary,Pine***@gmail.com
Michigan,Jenison Public Schools,Elementary School,Sandy Hill Elementary,sand***@gmail.com
Michigan,Kalamazoo Public Schools,,Northglade Montessori Magnet School,nort***@gmail.com
Michigan,Kalamazoo Public Schools,Elementary School,Prairie Ridge Elementary,PTO@***@PrairieRidgePTO.org   
Michigan,Kalamazoo Public Schools,Elementary School,Winchell Elementary,bryn***@aol.com
Michigan,Kalamazoo Public Schools,,Maple Street Magnet School for the Arts,mapl***@gmail.com
Michigan,Kalkaska Public Schools,Elementary School,Rapid City Elementary,kalk***@gmail.com
Michigan,Kearsley Community School District,Elementary School,Fiedler Elementary,kear***@gmail.com
Michigan,Kearsley Community School District,Elementary School,Dowdall Elementary,kear***@gmail.com
Michigan,Kearsley Community School District,Elementary School,Weston Elementary School,kear***@gmail.com
Michigan,Kenowa Hills Public Schools,Elementary School,ALPINE ELEMENTARY,khps***@gmail.com
Michigan,Kent City Community Schools,High School,Kent City High School,ptco***@kentcityschools.org
Michigan,Kent City Community Schools,Middle School,Kent City Middle School,ptco***@kentcityschools.org
Michigan,Kent City Community Schools,Elementary School,Kent City Elementary,ptco***@kentcityschools.org
Michigan,Kent City Community Schools,Academy,Virtual Academy,ptco***@kentcityschools.org
Michigan,Kentwood Public Schools,Middle School,Pinewood Middle School,Kent***@gmail.com
Michigan,Kentwood Public Schools,Middle School,Valleywood Middle School,robi***@kentwoodps.org
Michigan,Kentwood Public Schools,Elementary School,Explorer Elementary,Kent***@gmail.com
Michigan,Lake City Area School District,Elementary School,Lake City Elementary School,lake***@gmail.com
Michigan,Lake Fenton Community Schools,,Torrey Hill Intermediate School,ptol***@gmail.com
Michigan,Lake Fenton Community Schools,Elementary School,West Shore Elementary School,ptol***@gmail.com
Michigan,Lake Linden-Hubbell School District,Elementary School,Elementary School,jkum***@lakelinden.k12.mi.us
Michigan,Lake Orion Community Schools,Middle School,Scripps Middle School,Scri***@gmail.com
Michigan,Lake Orion Community Schools,Middle School,Waldon Middle School,ptow***@gmail.com
Michigan,Lake Orion Community Schools,Elementary School,Blanche Sims Elementary School,comm***@blanchesimspto.org
Michigan,Lake Orion Community Schools,Elementary School,Carpenter Elementary School,carp***@gmail.com
Michigan,Lake Orion Community Schools,Elementary School,Orion Oaks Elementary School,orio***@gmail.com
Michigan,Lake Orion Community Schools,Elementary School,Paint Creek Elementary School,pain***@gmail.com
Michigan,Lake Orion Community Schools,Elementary School,Stadium Drive Elementary School,stad***@gmail.com
Michigan,Lake Orion Community Schools,Elementary School,Webber Elementary School,Webb***@gmail.com
Michigan,Lake Shore Public Schools (Macomb) School District,Elementary School,Masonic Heights Elementary,mhpt***@lsps.org
Michigan,Lake Shore Public Schools (Macomb) School District,Elementary School,Rodgers Elementary,rodg***@lsps.org
Michigan,Lake Shore Public Schools (Macomb) School District,Elementary School,Violet Elementary,viol***@lsps.org
Michigan,Lakeview Community Schools (Montcalm) School District,Elementary School,Lakeview Elementary School,lake***@gmail.com
Michigan,Lakeview Community Schools (Montcalm) School District,Middle School,Lakeview Middle School,lake***@gmail.com
Michigan,Lakeview Community Schools (Montcalm) School District,High School,Lakeview High School,lake***@gmail.com
Michigan,Lakeview Public Schools (Macomb) School District,Elementary School,Princeton Elementary School,Prin***@gmail.com
Michigan,Lakeview Public Schools (Macomb) School District,Middle School,Jefferson Middle School,Jmsp***@gmail.com
Michigan,Lakewood Public Schools,Elementary School,Lakewood Elementary,Lake***@yahoo.com
Michigan,L'Anse Area Schools,Elementary School,C.J. Sullivan Elementary,PTOl***@gmail.com
Michigan,L'Anse Creuse Public Schools,Elementary School,Atwood Elementary,atwo***@gmail.com
Michigan,L'Anse Creuse Public Schools,Elementary School,Carkenord Elementary,coyo***@gmail.com
Michigan,L'Anse Creuse Public Schools,Elementary School,Graham Elementary,grah***@gmail.com 
Michigan,L'Anse Creuse Public Schools,Elementary School,Green Elementary,gree***@yahoo.com
Michigan,L'Anse Creuse Public Schools,Elementary School,Higgins Elementary,Higg***@outlook.com
Michigan,L'Anse Creuse Public Schools,Elementary School,Yacks Elementary,yack***@gmail.com
Michigan,Lapeer Community Schools,Elementary School,Turrill Elementary,ashl***@hotmail.com
Michigan,Lawton Community School District,High School,Lawton High School,lawt***@yahoo.com
Michigan,Leland Public School District,,Leland HS,ptol***@gmail.com
Michigan,Leslie Public Schools,Elementary School,Woodworth Elementary School,wwpt***@gmail.com
Michigan,Lincoln Consolidated School District,Elementary School,Childs Elementary,chil***@gmail.com
Michigan,Lincoln Park School District,Elementary School,Carr Elementary,Carr***@gmail.com
Michigan,Lincoln Park School District,High School,Linden High School,boar***@lindenathleticboosters.com
Michigan,Linden Community Schools,Middle School,Linden Middle School,boar***@lindenathleticboosters.com
Michigan,Linden Community Schools,,LCS Early Childhood Center,boar***@lindenathleticboosters.com
Michigan,Linden Community Schools,Elementary School,Central Elementary School,boar***@lindenathleticboosters.com
Michigan,Linden Community Schools,Elementary School,Hyatt Elementary School,boar***@lindenathleticboosters.com
Michigan,Linden Community Schools,Elementary School,Linden Elementary School,boar***@lindenathleticboosters.com
Michigan,Linden Community Schools,,Linden Athletics,boar***@lindenathleticboosters.com
Michigan,Linden Community Schools,,Community Education,boar***@lindenathleticboosters.com
Michigan,Livonia Public Schools School District,High School,Churchill High School,livo***@gmail.com
Michigan,Livonia Public Schools School District,Elementary School,Cleveland Elementary School,Clev***@gmail.com
Michigan,Livonia Public Schools School District,Middle School,Emerson Middle School,Engl***@hotmail.com
Michigan,Livonia Public Schools School District,High School,Franklin High School,Livo***@gmail.com
Michigan,Livonia Public Schools School District,Middle School,Frost Middle School,livo***@gmail.com
Michigan,Livonia Public Schools School District,Elementary School,Hayes Elementary School,haye***@yahoo.com
Michigan,Livonia Public Schools School District,Middle School,Holmes Middle School,dstr***@yahoo.com
Michigan,Livonia Public Schools School District,Elementary School,Hoover Elementary School,livo***@gmail.com
Michigan,Livonia Public Schools School District,Elementary School,Johnson Upper Elementary School,john***@gmail.com
Michigan,Livonia Public Schools School District,Elementary School,Kennedy Elementary School,andr***@hotmail.com
Michigan,Livonia Public Schools School District,Elementary School,,ptaj***@gmail.com
Michigan,Livonia Public Schools School District,,Livonia Early Childhood Center,jack***@gmail.com
Michigan,Livonia Public Schools School District,Elementary School,Randolph Elementary School,rand***@gmail.com
Michigan,Livonia Public Schools School District,Elementary School,Riley Upper Elementary School,nalq***@mi.rr.com
Michigan,Livonia Public Schools School District,Elementary School,,jenn***@gmail.com
Michigan,Livonia Public Schools School District,Elementary School,Rosedale Elementary School,livo***@gmail.com
Michigan,Livonia Public Schools School District,High School,Stevenson High School,dawn***@detroitk12.org
Michigan,Livonia Public Schools School District,High School,,dmor***@gmail.com
Michigan,Livonia Public Schools School District,High School,,boos***@gmail.com
Michigan,Livonia Public Schools School District,Elementary School,Webster Elementary School,webs***@gmail.com
Michigan,Lowell Area Schools,Elementary School,Alto Elementary,alto***@gmail.com
Michigan,Lowell Area Schools,Elementary School,Murray Lake Elementary,Fami***@lowellschools.com
Michigan,Ludington Area School District,Elementary School,Ludington Elementary School,lesp***@lasd.net
Michigan,Madison School District (Lenawee),Elementary School,Madison Elementary School,PATT***@madisonk12.us
Michigan,Manistee Area Public Schools,Middle School,Manistee Middle,maps***@gmail.com
Michigan,Manistee Area Public Schools,High School,Manistee High School,maps***@gmail.com
Michigan,Manistee Area Public Schools,Elementary School,MANISTEE ELEMENTARY SCHOOL,maps***@gmail.com
Michigan,Manton Consolidated Schools,Elementary School,Manton Elementary School,Mant***@gmail.com
Michigan,Marlette Community Schools,Elementary School,Marlette Elementary School,marl***@gmail.com
Michigan,Marlette Community Schools,,Marlette HS,marl***@gmail.com
Michigan,Marysville Public Schools,Elementary School,Gardens Elementary,gard***@gmail.com
Michigan,Mason County Central Schools,Elementary School,Scottville Elementary School,scot***@gmail.com
Michigan,Mason County Central Schools,Elementary School,,rosa***@yahoo.com
Michigan,Mason County Central Schools,,MCC Educational Foundation,scot***@gmail.com
Michigan,Mason County Central Schools,,,rosa***@yahoo.com
Michigan,Mattawan Consolidated Schools,High School,Mattawan High School,mhsp***@gmail.com
Michigan,Melvindale-Northern Allen Park Schools,Elementary School,Allendale Elementary,desa***@melnapschools.com
Michigan,Melvindale-Northern Allen Park Schools,Elementary School,,beri***@melnapschools.com
Michigan,Mendon Community School District,Elementary School,Mendon Elementary,mend***@gmail.com
Michigan,Menominee Area Public Schools,Elementary School,Menominee Elementary School,boos***@gomaroons.org
Michigan,Menominee Area Public Schools,High School,Menominee Jr/Sr High School,boos***@gomaroons.org
Michigan,Midland Public Schools,Elementary School,Adams Elementary School,PTOP***@gmail.com
Michigan,Midland Public Schools,Elementary School,Central Park Elementary,ptoc***@gmail.com
Michigan,Midland Public Schools,Elementary School,Chestnut Hill Elementary,Kait***@ieuter.com
Michigan,Midland Public Schools,Elementary School,Woodcrest Elementary School,wood***@gmail.com
Michigan,Midland Public Schools,Middle School,Northeast Middle School,kirs***@gmail.com
Michigan,Milan Area Schools,Elementary School,Symons Elementary School,elem***@milanareaschools.org
Michigan,Mona Shores Public School District,Elementary School,Churchill Elementary,msch***@gmail.com
Michigan,Mona Shores Public School District,Elementary School,Lincoln Park Elementary,linc***@gmail.com
Michigan,Mona Shores Public School District,Elementary School,Ross Park Elementary,ross***@gmail.com
Michigan,Monroe Public Schools,Elementary School,Raisinville Elementary School,rais***@gmail.com
Michigan,Montague Area Public Schools,Elementary School,R.R. Oehrli Elementary School,rrop***@mapsk12.org
Michigan,Montrose Community Schools,Middle School,Kuehn-Haven Middle School,khms***@montroseschools.org.
Michigan,Morenci Area Schools,Elementary School,Morenci Elementary School,More***@gmail.com
Michigan,Morenci Area Schools,,Morenci Athletics,more***@gmail.com
Michigan,Morley Stanwood Community Schools,Elementary School,Morley Stanwood Elementary,Pto@***@morleystanwood.org
Michigan,Mount Pleasant City School District,Elementary School,Ganiard Elementary,kmor***@mp.edzone.net
Michigan,Mount Pleasant City School District,Elementary School,Pullen Elementary,pull***@hotmail.com
Michigan,Napoleon Community Schools,,Napoleon Athletics,lizh***@outlook.com
Michigan,Napoleon Community Schools,Middle School,Napoleon Middle School,lizh***@outlook.com
Michigan,Newaygo Public School District,High School,Newaygo High School,newa***@gmail.com
Michigan,New Buffalo Area Schools,Elementary School,New Buffalo Elementary School,pto@***@nbas.org
Michigan,New Haven Community Schools,Elementary School,Endeavour Elementary,lind***@yahoo.com
Michigan,New Haven Community Schools,Middle School,Endeavour Middle School,dwoh***@hotmail.com
Michigan,New Lothrop Area Public Schools,Elementary School,New Lothrop Elementary School,newl***@gmail.com
Michigan,New Lothrop Area Public Schools,High School,New Lothrop Junior High /High School,nlat***@gmail.com
Michigan,Niles Community Schools,Elementary School,Ballard Elementary School,ball***@nilesschools.org
Michigan,Niles Community Schools,Elementary School,Howard-Ellis Elementary School,howa***@nilesschools.org
Michigan,North Branch Area Schools,,Early Childhood Learning Center,nort***@gmail.com
Michigan,Northview Public Schools,Middle School,Crossroads Middle School,NVCr***@gmail.com
Michigan,Northview Public Schools,Middle School,Highlands Middle School,ptch***@gmail.com
Michigan,Northview Public Schools,Middle School,,karl***@hotmail.com
Michigan,Northview Public Schools,Elementary School,East Oakview Elementary,east***@gmail.com
Michigan,Northview Public Schools,Elementary School,North Oakview Elementary,Nort***@gmail.com
Michigan,Northview Public Schools,Elementary School,West Oakview Elementary,west***@gmail.com
Michigan,Northville Public Schools,High School,Northville High School,LLen***@yahoo.com
Michigan,Northville Public Schools,Middle School,Meads Mill Middle School,mead***@gmail.com
Michigan,Northville Public Schools,Elementary School,Amerman Elementary,boar***@amermanpta.com
Michigan,Northville Public Schools,Elementary School,Moraine Elementary,ptam***@gmail.com
Michigan,Northville Public Schools,Elementary School,Ridge Wood Elementary,ridg***@gmail.com
Michigan,Northville Public Schools,Elementary School,Silver Springs Elementary,bsil***@gmail.com
Michigan,Northville Public Schools,Elementary School,Thornton Creek Elementary,thor***@gmail.com
Michigan,Northville Public Schools,Elementary School,Winchester Elementary,winc***@gmail.com
Michigan,Northville Public Schools,,Cooke School,cook***@gmail.com
Michigan,Novi Community School District,Elementary School,Deerfield Elementary,novi***@gmail.com
Michigan,Novi Community School District,Elementary School,Novi Woods Elementary,pton***@gmail.com
Michigan,Novi Community School District,Elementary School,Orchard Hills Elementary,volu***@gmail.com
Michigan,Novi Community School District,Elementary School,Parkview Elementary,renj***@hotmail.com
Michigan,Novi Community School District,Elementary School,Village Oaks Elementary,Vill***@gmail.com
Michigan,Novi Community School District,Elementary School,Novi Meadows Elementary,novi***@gmail.com
Michigan,Novi Community School District,Middle School,Novi Middle School,novi***@gmail.com
Michigan,Novi Community School District,High School,Novi High School,pres***@noviathleticboosters.com
Michigan,Okemos Public Schools,High School,Okemos High School,ohsp***@gmail.com
Michigan,Olivet Community Schools,Elementary School,Fern Persons Elementary,Oliv***@gmail.com
Michigan,Olivet Community Schools,Middle School,Middle School,Oliv***@gmail.com
Michigan,Onsted Community Schools,Elementary School,Onsted Elementary School,oesp***@onstedschools.us
Michigan,Otsego Public Schools,High School,Otsego High School,otse***@gmail.com
Michigan,Otsego Public Schools,Middle School,Otsego Middle School,otse***@gmail.com
Michigan,Otsego Public Schools,Elementary School,Alamo Elementary,Alam***@gmail.com
Michigan,Otsego Public Schools,High School,West Campus High School,otse***@gmail.com
Michigan,Oxford Community Schools,Elementary School,Clear Lake Elementary,jess***@gmail.com
Michigan,Oxford Community Schools,Middle School,Oxford Middle School,oxfo***@gmail.com
Michigan,Pansophia Academy,Academy,Pansophia Academy,pto@***@pansophia.us
Michigan,Parchment School District,High School,Parchment High School,jenn***@gmail.com
Michigan,Parchment School District,Elementary School,North Elementary School,julp***@aol.com
Michigan,Paw Paw Public School District,,Paw Paw Early Childhood,shei***@gmail.com
Michigan,Paw Paw Public School District,Elementary School,Paw Paw Early Elementary,pawp***@gmail.com
Michigan,Paw Paw Public School District,Middle School,Paw Paw Middle School,ppms***@ppps.org
Michigan,Pentwater Public School District,,Pentwater HS,alic***@gmail.com
Michigan,Pickford Public Schools,,Pickford HS,pick***@gmail.com
Michigan,Pinconning Area Schools,Middle School,Pinconning Middle School,aasa***@gmail.com
Michigan,Pinconning Area Schools,Middle School,,pinc***@gmail.com
Michigan,Pittsford Area Schools,Elementary School,Pittsford Area Elementary School,pitt***@outlook.com
Michigan,Plainwell Community Schools,Elementary School,Cooper Elementary School,coop***@gmail.com
Michigan,Plainwell Community Schools,Elementary School,Gilkey Elementary School,Gilk***@gmail.com
Michigan,Plymouth-Canton Community Schools,Elementary School,Bentley Elementary School,bent***@gmail.com
Michigan,Plymouth-Canton Community Schools,Elementary School,Dodson Elementary School,dods***@gmail.com
Michigan,Plymouth-Canton Community Schools,Elementary School,Eriksson Elementary School,erik***@gmail.com
Michigan,Plymouth-Canton Community Schools,Elementary School,Field Elementary School,fiel***@gmail.com
Michigan,Plymouth-Canton Community Schools,Elementary School,Gallimore Elementary School,pres***@taggallimorepfo.org
Michigan,Plymouth-Canton Community Schools,Elementary School,Hoben Elementary School,Hobe***@gmail.com
Michigan,Plymouth-Canton Community Schools,Elementary School,Miller Elementary School,ptom***@gmail.com
Michigan,Plymouth-Canton Community Schools,Elementary School,Tonda Elementary School,tond***@gmail.com
Michigan,Plymouth-Canton Community Schools,Elementary School,Workman Elementary School,cori***@pccsk12.com
Michigan,Plymouth-Canton Community Schools,Elementary School,,ptow***@gmail.com
Michigan,Plymouth-Canton Community Schools,Middle School,East Middle School,east***@gmail.com
Michigan,Plymouth-Canton Community Schools,Middle School,,rock***@eastmsptc.org
Michigan,Portage Public Schools,Elementary School,Angling Road Elementary,Angl***@gmail.com
Michigan,Portage Public Schools,Middle School,Central Middle School,port***@gmail.com
Michigan,Port Huron Area School District,Elementary School,Thomas Edison Elementary School,ptot***@gmail.com
Michigan,Reese Public Schools,Elementary School,Reese Elementary,refa***@reese.k12.mi.us
Michigan,Reeths-Puffer Schools,,Reeths-Puffer Intermediate School,rpin***@gmail.com
Michigan,Reeths-Puffer Schools,Elementary School,Central Elementary,RPce***@gmail.com
Michigan,Reeths-Puffer Schools,Elementary School,Reeths-Puffer Elementary,lisa***@yahoo.com
Michigan,Reeths-Puffer Schools,Elementary School,Twin Lake Elementary,RPtw***@gmail.com
Michigan,Richmond Community Schools,Middle School,Richmond Middle School,mrsj***@gmail.com
Michigan,River Valley School District,Elementary School,River Valley Elementary School,rvep***@gmail.com
Michigan,Rochester Community School District,Elementary School,Baldwin,Bald***@gmail.com
Michigan,Riverview Community School District,Elementary School,Brewster,brew***@gmail.com
Michigan,Riverview Community School District,Elementary School,Brooklands,ptab***@brooklandspta.org
Michigan,Riverview Community School District,Elementary School,Delta Kelly,delt***@gmail.com
Michigan,Riverview Community School District,Elementary School,Hamlin,leig***@gmail.com
Michigan,Riverview Community School District,Elementary School,Hugger,Hugg***@gmail.com
Michigan,Riverview Community School District,Elementary School,Long Meadow,info***@longmeadowpta.org
Michigan,Riverview Community School District,Elementary School,Long Meadow,long***@gmail.com
Michigan,Riverview Community School District,Elementary School,McGregor,mcgr***@gmail.com
Michigan,Riverview Community School District,Elementary School,Meadow Brook,ptam***@gmail.com
Michigan,Riverview Community School District,Elementary School,Meadow Brook,lind***@gmail.com
Michigan,Riverview Community School District,Elementary School,Musson,PTAM***@gmail.com
Michigan,Riverview Community School District,Elementary School,University Hills,uhil***@gmail.com
Michigan,Riverview Community School District,Middle School,Hart,Hart***@gmail.com
Michigan,Riverview Community School District,Middle School,Reuther,nesr***@yahoo.com
Michigan,Riverview Community School District,Middle School,Van Hoosen,vhpt***@gmail.com
Michigan,Riverview Community School District,Middle School,West,west***@gmail.com
Michigan,Riverview Community School District,High School,Adams,adam***@gmail.com
Michigan,Riverview Community School District,High School,Stoney Creek,ston***@gmail.com
Michigan,Riverview Community School District,High School,Rochester,rhsp***@gmail.com
Michigan,Rockford Public Schools,Elementary School,Crestwood,Cres***@gmail.com
Michigan,Rockford Public Schools,Elementary School,Lakes,lake***@gmail.com
Michigan,Rockford Public Schools,Elementary School,Meadow Ridge,mdrm***@gmail.com
Michigan,Rockford Public Schools,Elementary School,Roguewood,rogu***@gmail.com
Michigan,Rockford Public Schools,Elementary School,Valley View,Rock***@gmail.com
Michigan,Rogers City Area Schools,Elementary School,Rogers City Elementary School,rces***@gmail.com
Michigan,Romeo Community Schools,Elementary School,Washington Elementary,wash***@gmail.com
Michigan,Roseville Community Schools,High School,Roseville High School,rhsb***@gmail.com
Michigan,Royal Oak Schools,Elementary School,Addams Elementary,pres***@addamspta.com
Michigan,Royal Oak Schools,Elementary School,Keller Elementary,pres***@helenkellerpta.net
Michigan,Royal Oak Schools,Elementary School,Northwood Elementary,admi***@neropta.com
Michigan,Royal Oak Schools,Elementary School,Oakland Elementary,oakl***@gmail.com
Michigan,Royal Oak Schools,Elementary School,Upton Elementary,Upto***@gmail.com
Michigan,Saginaw Township Community Schools,Elementary School,Hemmeter Elementary School,hptc***@gmail.com
Michigan,Saginaw Township Community Schools,Elementary School,Sherwood Elementary School,STCS***@gmail.com
Michigan,Saginaw Township Community Schools,Elementary School,Weiss Elementary School,jmch***@stcs.org
Michigan,Saginaw Township Community Schools,Middle School,White Pine Middle School,whit***@gmail.com
Michigan,Saline Area Schools,Elementary School,Harvest Elementary School,harv***@gmail.com
Michigan,Saline Area Schools,Elementary School,Pleasant Ridge Elementary School,pres***@prpta.org
Michigan,Saline Area Schools,Elementary School,Woodland Meadows Elementary School,WMPT***@salineschools.org
Michigan,Saline Area Schools,Intermediate,Heritage School,heri***@gmail.com
Michigan,Saline Area Schools,Middle School,Saline Middle School,mspt***@salineschools.org
Michigan,Saline Area Schools,High School,Saline High School,shsp***@salineschools.org
Michigan,Saline Area Schools,High School,Saline High School,sali***@gmail.com
Michigan,Sand Creek Community Schools,Elementary School,Ruth McGregor Elementary School ,PTO@***@sc-aggies.us
Michigan,Saranac Community Schools,Elementary School,Saranac Elementary School,sara***@gmail.com
Michigan,Saugatuck Public Schools,Preschool,Trailblazer ECC Preschool,aboo***@saugatuckps.com
Michigan,Saugatuck Public Schools,Elementary School,Douglas Elementary,rhar***@gmail.com
Michigan,Saugatuck Public Schools,Middle School,Saugatuck Middle School,rhar***@gmail.com
Michigan,Shepherd Public Schools,Elementary School,Winn Elementary School,winn***@gmail.com
Michigan,Southfield Public School District,,Kennedy Learning Center,kenn***@gmail.com
Michigan,Southfield Public School District,Elementary School,Stevenson Elementary School,Stev***@gmail.com
Michigan,Southgate Community School District,Middle School,Davidson Middle School,dmsp***@sgate.k12.mi.us
Michigan,Southgate Community School District,Elementary School,Allen Elementary School,alle***@gmail.com
Michigan,Southgate Community School District,Elementary School,Fordline Elementary School,ford***@gmail.com
Michigan,Southgate Community School District,Elementary School,Grogan Elementary School,pres***@gmail.com
Michigan,Southgate Community School District,Elementary School,North Pointe IB Elementary School,nort***@gmail.com
Michigan,South Lake Schools,,Koepsell Early Childhood Center,Elem***@solake.org
Michigan,South Redford School District,Elementary School,Fisher Elementary School,info***@gmail.com
Michigan,South Redford School District,Elementary School,Jefferson Elementary School,Jeff***@gmail.com
Michigan,Sparta Area Schools,High School,High School (9th - 12th),ptc@***@spartaschools.org
Michigan,Sparta Area Schools,Middle School,Middle School (6th - 8th),ptc@***@spartaschools.org
Michigan,Sparta Area Schools,,Appleview (3rd - 5th),ptc@***@spartaschools.org
Michigan,Sparta Area Schools,,Ridgeview (K - 2nd),ptc@***@spartaschools.org
Michigan,Sparta Area Schools,,Early Childhood Center,ptc@***@spartaschools.org
Michigan,Spring Lake Public Schools,Elementary School,Holmes Elementary (PreK-4),hpar***@gmail.com
Michigan,Spring Lake Public Schools,Elementary School,Jeffers Elementary (PreK-4),jeff***@gmail.com
Michigan,Standish-Sterling Community Schools,Elementary School,Standish-Sterling Central Elementary School,ptos***@gmail.com
Michigan,Standish-Sterling Community Schools,Elementary School,Sterling Elementary,ptos***@gmail.com
Michigan,St. Johns Public Schools,Elementary School,Eureka Elementary,sgro***@gmail.com
Michigan,St. Johns Public Schools,Elementary School,Gateway North Elementary,oakv***@gmail.com
Michigan,St. Johns Public Schools,Elementary School,Oakview South Elementary,oakv***@gmail.com
Michigan,St. Johns Public Schools,Elementary School,Riley Elementary,SJPS***@gmail.com
Michigan,St. Joseph Public Schools,Elementary School,Brown Elementary School,brow***@gmail.com
Michigan,St. Joseph Public Schools,Elementary School,E.P. Clarke Elementary School,Clar***@gmail.com
Michigan,St. Joseph Public Schools,Elementary School,Lincoln Elementary School,cath***@gmail.com
Michigan,St. Joseph Public Schools,Elementary School,Lincoln Elementary School,warr***@gmail.com
Michigan,St. Joseph Public Schools,Middle School,Upton Middle School,upto***@gmail.com
Michigan,St. Joseph Public Schools,High School,St. Joseph High School,stjo***@gmail.com
Michigan,St. Joseph Public Schools,Elementary School,Nikkari Elementary School,amyl***@gmail.com
Michigan,Summerfield Schools,Elementary School,Summerfield Elementary School,summ***@gmail.com
Michigan,Summerfield Schools,High School,Summerfield Jr/Sr High School,summ***@gmail.com
Michigan,Superior Central School District,,Superior Central HS,spor***@superiorcentralschools.org
Michigan,Swartz Creek Community Schools,Middle School,Swartz Creek Middle School,swcr***@gmail.com
Michigan,Swartz Creek Community Schools,Elementary School,Syring Elementary School,sjac***@swcrk.org
Michigan,Thornapple Kellogg School District,Elementary School,Lee Elementary School,tkpt***@gmail.com
Michigan,Thornapple Kellogg School District,Elementary School,McFall Elementary School,tkpt***@gmail.com
Michigan,Thornapple Kellogg School District,Elementary School,Page Elementary School,tkpt***@gmail.com
Michigan,Thornapple Kellogg School District,High School,Thornapple Kellogg HS,thet***@gmail.com
Michigan,Traverse City Area Public Schools,Elementary School,Blair Elementary School,blai***@gmail.com
Michigan,Traverse City Area Public Schools,,Central Grade School,cgpt***@gmail.com
Michigan,Traverse City Area Public Schools,Elementary School,Cherry Knoll Elementary School,ptoc***@gmail.com
Michigan,Traverse City Area Public Schools,Elementary School,Courtade Elementary School,ptoc***@gmail.com
Michigan,Traverse City Area Public Schools,Elementary School,Eastern Elementary School,east***@gmail.com
Michigan,Traverse City Area Public Schools,Elementary School,Long Lake Elementary School,long***@gmail.com
Michigan,Traverse City Area Public Schools,Elementary School,Silver Lake Elementary School,step***@gmail.com
Michigan,Traverse City Area Public Schools,,TCAPS Montessori,tcap***@gmail.com
Michigan,Traverse City Area Public Schools,Elementary School,Westwoods Elementary School,west***@gmail.com
Michigan,Traverse City Area Public Schools,Elementary School,Willow Hill Elementary School,w.hi***@gmail.com
Michigan,Traverse City Area Public Schools,,TCAPS Montessori,tcap***@gmail.com
Michigan,Trenton Public Schools,Elementary School,Anderson Elementary School,jlan***@gmail.com
Michigan,Troy School District,Elementary School,Barnard Elementary,barn***@gmail.com
Michigan,Troy School District,Elementary School,Bemis Elementary,bemi***@gmail.com
Michigan,Troy School District,Elementary School,Hamilton Elementary,hami***@gmail.com
Michigan,Troy School District,Elementary School,Hill Elementary,hill***@gmail.com
Michigan,Troy School District,Elementary School,Hill Elementary,hill***@gmail.com
Michigan,Troy School District,Elementary School,Leonard Elementary,leon***@gmail.com
Michigan,Troy School District,Elementary School,Martell Elementary,mart***@gmail.com 
Michigan,Troy School District,Elementary School,Morse Elementary,mors***@gmail.com
Michigan,Troy School District,Elementary School,Troy Union Elementary,troy***@yahoo.com
Michigan,Troy School District,Elementary School,Wass Elementary,wass***@gmail.com
Michigan,Troy School District,Middle School,Baker Middle School,Bake***@gmail.com
Michigan,Troy School District,Middle School,Boulan Park Middle School,boul***@gmaikl.com
Michigan,Troy School District,Middle School,Larson Middle School,kris***@gmail.com
Michigan,Troy School District,Middle School,Larson Middle School,cruz***@hotmail.com
Michigan,Troy School District,Middle School,Larson Middle School,kris***@gmail.com
Michigan,Troy School District,Middle School,Smith Middle School,scot***@gmail.com
Michigan,Troy School District,High School,Athens High School,athe***@gmail.com
Michigan,Troy School District,High School,Athens High School,athe***@gmail.com
Michigan,Troy School District,High School,Troy High School,troy***@gmail.com
Michigan,Utica Community Schools,Elementary School,Graebner Elementary,gpto***@gmail.com
Michigan,Utica Community Schools,Elementary School,Monfort Elementary,monf***@gmail.com
Michigan,Utica Community Schools,High School,Stevenson High School,stev***@gmail.com
Michigan,Walled Lake Consolidated Schools,Elementary School,Commerce Elementary,comm***@gmail.com
Michigan,Walled Lake Consolidated Schools,Elementary School,Dublin Elementary,pta@***@dublinpta.com
Michigan,Walled Lake Consolidated Schools,Elementary School,Glengary Elementary,glen***@gmail.com
Michigan,Walled Lake Consolidated Schools,Elementary School,Glengary Elementary,regr***@gmail.com
Michigan,Walled Lake Consolidated Schools,Elementary School,Hickory Woods Elementary,hwep***@gmail.com
Michigan,Walled Lake Consolidated Schools,Elementary School,Keith Elementary,K8To***@yahoo.com
Michigan,Walled Lake Consolidated Schools,Elementary School,Keith Elementary,azit***@hotmail.com
Michigan,Walled Lake Consolidated Schools,Elementary School,Loon Lake Elementary,loon***@gmail.com
Michigan,Walled Lake Consolidated Schools,Elementary School,Mary Helen Guest Elementary,mhgu***@gmail.com
Michigan,Walled Lake Consolidated Schools,Elementary School,Meadowbrook Elementary,mead***@gmail.com
Michigan,Walled Lake Consolidated Schools,Elementary School,Oakley Park Elementary,Oakl***@gmail.com
Michigan,Walled Lake Consolidated Schools,Elementary School,Pleasant Lake Elementary,PLE1***@gmail.com
Michigan,Walled Lake Consolidated Schools,Elementary School,Walled Lake Elementary,WLEP***@gmail.com
Michigan,Walled Lake Consolidated Schools,Middle School,Clifford H. Smart Middle School,Smar***@gmail.com
Michigan,Walled Lake Consolidated Schools,Middle School,Sarah G. Banks Middle School,joli***@gmail.com
Michigan,Walled Lake Consolidated Schools,Middle School,Sarah G. Banks Middle School,drba***@comcast.net
Michigan,Walled Lake Consolidated Schools,Middle School,Walnut Creek Middle School,waln***@gmail.com
Michigan,Walled Lake Consolidated Schools,,Walled Lake Central,feny***@yahoo.com
Michigan,Walled Lake Consolidated Schools,,Walled Lake Central,kgas***@gmail.com
Michigan,Walled Lake Consolidated Schools,,Walled Lake Northern,step***@me.com
Michigan,Walled Lake Consolidated Schools,,Walled Lake Western,spig***@gmail.com
Michigan,Warren Consolidated Schools,Elementary School,Black,blac***@gmail.com
Michigan,Warren Consolidated Schools,Elementary School,Wilde,boar***@wildepto.com
Michigan,Warren Consolidated Schools,Elementary School,Wilde,secr***@wildepto.com
Michigan,Warren Consolidated Schools,Elementary School,Wilkerson,wilk***@gmail.com
Michigan,Warren Consolidated Schools,Elementary School,Willow Woods,will***@gmail.com
Michigan,Warren Consolidated Schools,Middle School,Beer,beer***@wcskids.net
Michigan,Warren Consolidated Schools,Middle School,Grissom,gris***@gmail.com 
Michigan,Warren Consolidated Schools,High School,Cousino,cous***@gmail.com
Michigan,Warren Consolidated Schools,High School,Warren Mott,WMBO***@GMAIL.COM
Michigan,Warren Consolidated Schools,High School,WCS School of Performing Arts,info***@wcspaboosterclub.org
Michigan,Waterford School District,Elementary School,Haviland,ptah***@gmail.com
Michigan,Watervliet School District,Elementary School,South Elementary School,pto@***@watervlietps.org
Michigan,Watervliet School District,Elementary School,North Elementary School,pto@***@watervlietps.org
Michigan,Watervliet School District,Middle School,Watervliet Middle School,pto@***@watervlietps.org
Michigan,Watervliet School District,High School,Watervliet High School,pto@***@watervlietps.org
Michigan,Watervliet School District,,WAY Program,pto@***@watervlietps.org
Michigan,Wayland Union Schools,Middle School,Wayland Union Middle School,wayl***@gmail.com
Michigan,Wayland Union Schools,Elementary School,Pine Street Elementary,wayl***@gmail.com
Michigan,Wayland Union Schools,Elementary School,Steeby Elementary,wepa***@gmail.com
Michigan,Wayland Union Schools,Elementary School,Dorr Elementary,dorr***@gmail.com
Michigan,Wayland Union Schools,Elementary School,Baker Elementary,wepa***@gmail.com
Michigan,Wayne-Westland Community School District,Elementary School,Graham Elementary School,grah***@gmail.com
Michigan,Wayne-Westland Community School District,Elementary School,Roosevelt-McGrath Elementary School,RMEP***@gmail.com
Michigan,Wayne-Westland Community School District,Elementary School,Walker-Winter Elementary School,wwpt***@gmail.com
Michigan,Webberville Community Schools,Elementary School,Webberville Elementary School,elem***@webbervilleschools.org
Michigan,West Bloomfield School District,Elementary School,Doherty Elementary,dohe***@gmail.com
Michigan,West Bloomfield School District,Elementary School,Gretchko Elementary,pto.***@gmail.com
Michigan,West Bloomfield School District,Elementary School,Scotch Elementary,ptos***@gmail.com
Michigan,West Bloomfield School District,Elementary School,Sheiko Elementary,Shei***@gmail.com
Michigan,West Bloomfield School District,Middle School,West Bloomfield Middle School,wbms***@gmail.com
Michigan,West Iron County Public Schools,Elementary School,Stambaugh Elementary,raob***@gmail.com
Michigan,West Iron County Public Schools,Elementary School,Stambaugh Elementary,lind***@uhc.com
Michigan,West Ottawa Public School District,Elementary School,Waukazoo Elementary,bolh***@westottawa.net
Michigan,West Ottawa Public School District,Elementary School,Waukazoo Elementary,wauk***@gmail.com
Michigan,White Cloud Public Schools,High School,White Cloud Junior/Senior High School,foon***@whitecloud.net
Michigan,White Pigeon Community Schools,Elementary School,Central Elementary,whit***@gmail.com
Michigan,Williamston Community Schools,Elementary School,Discovery Elementary,ptsa***@gmail.com
Michigan,Woodhaven-Brownstown School District,Elementary School,Gudith Elementary School,gudi***@wbsdweb.com
Michigan,Woodhaven-Brownstown School District,Elementary School,Wegienka Elementary School,wegp***@wbsdweb.com
Michigan,Woodhaven-Brownstown School District,Middle School,Brownstown Middle School,bmsp***@wbsdweb.com
Michigan,Ypsilanti Community Schools,Middle School,Washtenaw International Middle Academy,PTO@***@WIPTO.org
Michigan,Zeeland Public Schools,Elementary School,Adams Elementary,adam***@gmail.com
Michigan,Zeeland Public Schools,Elementary School,Lincoln Elementary,ndsh***@gmail.com
Idaho,Basin District #72,Elementary School,Basin Elementary School,basi***@gmail.com
Idaho,Blaine County District #61,Elementary School,Alturas Elementary School,altu***@blaineschools.org
Idaho,Blaine County District #61,Elementary School,Bellevue Elementary School,bell***@gmail.com
Idaho,Blaine County District #61,Elementary School,Hailey Elementary School,Hail***@gmail.com
Idaho,Blaine County District #61,High School,Wood River High School,ptsa***@blaineschools.org
Idaho,Blaine County District #61,Middle School,Wood River Middle School,wrms***@gmail.com
Idaho,Boise District #1,Elementary School,Amity Elementary School,amit***@gmail.com
Idaho,Boise District #1,Elementary School,Collister Elementary School,coll***@gmail.com
Idaho,Boise District #1,Elementary School,Cynthia Mann Elementary School,Cynt***@gmail.com
Idaho,Boise District #1,Elementary School,Hawthorne Elementary Schools,Hawt***@gmail.com
Idaho,Boise District #1,Elementary School,Hidden Springs Elementary School,pfa.***@gmail.com
Idaho,Boise District #1,Elementary School,Liberty Elementary School,libe***@gmail.com
Idaho,Boise District #1,Elementary School,Lowell Elementary School,lowe***@gmail.com
Idaho,Boise District #1,Elementary School,Maple Grove Elementary School,pto.***@gmail.com
Idaho,Boise District #1,Elementary School,Morley Nelson Elementary School,Liz.***@boiseschools.org
Idaho,Boise District #1,Elementary School,Pierce Park Elementary School,pier***@gmail.com
Idaho,Boise District #1,Elementary School,Riverside Elementary School,Brow***@Icloud.com
Idaho,Boise District #1,Elementary School,Riverside Elementary School,Laur***@Gmail.com
Idaho,Boise District #1,Elementary School,Roosevelt Elementary School,pta@***@rooseveltraiders.com
Idaho,Boise District #1,Elementary School,Trail Wind Elementary School,PTOT***@gmail.com
Idaho,Boise District #1,Elementary School,Valley View Elementary School,vall***@gmail.com
Idaho,Boise District #1,Elementary School,Whittier Elementary School,ptow***@gmail.com
Idaho,Boise District #1,High School,Timberline High School,timb***@gmail.com
Idaho,Boise District #1,High School,Timberline High School,thsw***@gmail.com
Idaho,Boise District #1,High School,East Junior High School,East***@gmail.com
Idaho,Boise District #1,High School,Fairmont Junior High School,fair***@gmail.com
Idaho,Boise District #1,High School,Les Bois Junior High School,lbpt***@gmail.com
Idaho,Bonneville Joint District #93,Academy,Ammon Honors Academy,prax***@gmail.com
Idaho,Bonneville Joint District #93,Elementary School,Mountain Valley Elementary,moun***@gmail.com
Idaho,Bonneville Joint District #93,Elementary School,Rimrock Elementary,rimr***@yahoo.com
Idaho,Bonneville Joint District #93,Elementary School,Rimrock Elementary,dvsm***@cableone.net
Idaho,Boundary County District #101,Elementary School,Mount Hall Elementary,mhwi***@gmail.com
Idaho,Boundary County District #101,Elementary School,Valley View Elementary,vall***@gmail.com
Idaho,Caldwell District #132,Elementary School,Lewis and Clark Elementary,Lewi***@gmail.com
Idaho,Caldwell District #132,Elementary School,Wilson Elementary,wils***@gmail.com
Idaho,Cascade District #422,Preschool,PreSchool,casc***@gmail.com
Idaho,Cascade District #422,Elementary School,Elementary School,casc***@gmail.com
Idaho,Cascade District #422,High School,Junior High School,casc***@gmail.com
Idaho,Cascade District #422,High School,High School,casc***@gmail.com
Idaho,Cassia Joint District #151,Elementary School,Dworshak Elementary,dwor***@icloud.com
Idaho,Cassia Joint District #151,High School,Declo Junior High School,decl***@gmail.com
Idaho,Cassia Joint District #151,Elementary School,Mountain View Elementary,kyri***@gmail.com
Idaho,Coeur d’Alene District #271,Elementary School,Atlas Elementary,Atla***@gmail.com
Idaho,Coeur d’Alene District #271,Elementary School,Dalton Elementary,pres***@daltonpta.org
Idaho,Coeur d’Alene District #271,Elementary School,Dalton Elementary,secr***@daltonpta.org
Idaho,Coeur d’Alene District #271,Academy,Fernan STEM Academy,fern***@gmail.com
Idaho,Coeur d’Alene District #271,Academy,Northwest Expedition Academy,nexa***@gmail.com
Idaho,Coeur d’Alene District #271,Elementary School,Skyway Elementary,skyw***@gmail.com
Idaho,Coeur d’Alene District #271,,Sorensen Magnet School of the Arts and Humanities,myri***@gmail.com
Idaho,Coeur d’Alene District #271,,Sorensen Magnet School of the Arts and Humanities,sanj***@hotmail.com
Idaho,Coeur d’Alene District #271,Elementary School,Winton Elementary,wint***@gmail.com
Idaho,Coeur d’Alene District #271,Middle School,Canfield Middle School,canf***@gmail.com
Idaho,Coeur d’Alene District #271,High School,Lake City High School,lake***@gmail.com
Idaho,Culdesac Joint District #342,,Culdesac School,PTSA***@culsch.org
Idaho,Emmett Independent District #221,Elementary School,Butte View Elementary,jdee***@isd221.net
Idaho,Emmett Independent District #221,Elementary School,Kenneth J Carberry Elementary School,carb***@gmail.com
Idaho,Fremont County Joint District #215,Elementary School,Ashton Elementary,ptpa***@gmail.com
Idaho,Fruitland District #373,High School,Fruitland High School,ptof***@gmail.com
Idaho,Fruitland District #373,Middle School,Fruitland Middle School,ptof***@gmail.com
Idaho,Fruitland District #373,Elementary School,Fruitland Elementary School,ptof***@gmail.com
Idaho,Fruitland District #373,Academy,Fruitland Preparatory Academy,ptof***@gmail.com
Idaho,Genesee Joint District #282,,Genesee School (K-12),Gene***@sd282.org
Idaho,Grace District #148,Elementary School,Black Canyon Elementary School,Blac***@gmail.com
Idaho,Idaho Falls District #91,Elementary School,Edgemont Elementary School,edge***@gmail.com
Idaho,Idaho Falls District #91,Elementary School,Fox Hollow Elementary School,shel***@cableone.net
Idaho,Idaho Falls District #91,Elementary School,Longfellow Elementary School,long***@gmail.com
Idaho,Idaho Falls District #91,Elementary School,Sunnyside Elementary School,sunn***@gmail.com
Idaho,Idaho Falls District #91,Elementary School,Theresa Bunker Elementary School,ther***@gmail.com
Idaho,Jefferson County Joint District #251,Elementary School,South Fork Elementary,sout***@gmail.com
Idaho,Kimberly District #414,High School,Kimberly High School,kimb***@gmail.com
Idaho,Kimberly District #414,Elementary School,Kimberly Elementary,kimb***@gmail.com
Idaho,Kimberly District #414,Preschool,Kimberly Pre-Kindergarten,kimb***@gmail.com
Idaho,Kootenai District #274,Elementary School,Crimson Point Elementary School,Crim***@gmail.com
Idaho,Kootenai District #274,Elementary School,Reed Elementary School,reed***@gmail.com
Idaho,Lakeland Joint District #272,Elementary School,Betty Kiefer Elementary,bke.***@lakeland272.org
Idaho,Lakeland Joint District #272,Elementary School,John Brown Elementary,jbep***@lakeland272.org
Idaho,Lakeland Joint District #272,,Lakeland Senior High,lake***@gmail.com
Idaho,Lakeland Joint District #272,,Lakeland Senior High,info***@lakelandboosterclub.com
Idaho,Lewiston Independent District #340,Elementary School,Camelot Elementary,came***@gmail.com
Idaho,Lewiston Independent District #340,Elementary School,McGhee Elementary,mcgh***@gmail.com
Idaho,Marsing District #363,High School,Marsing High School,mars***@gmail.com
Idaho,McCall-Donnelly District #421,Elementary School,Barbara R. Morgan Elementary School,brme***@gmail.com
Idaho,McCall-Donnelly District #421,Elementary School,Donnelly Elementary School,donn***@gmail.com
Idaho,McCall-Donnelly District #421,High School,McCall-Donnelly High School,boos***@mdsd.org
Idaho,McCall-Donnelly District #421,High School,McCall-Donnelly High School,ssor***@mdsd.org
Idaho,Meadows Valley District #11,,Meadows Valley School,kbay***@mvsd11.org
Idaho,Middleton District #134,Middle School,Middleton Middle School,mmsp***@msd134.org
Idaho,Middleton District #134,Elementary School,Heights Elementary,midd***@gmail.com
Idaho,Middleton District #134,Elementary School,Mill Creek Elementary,midd***@gmail.com
Idaho,Middleton District #134,Elementary School,Purple Sage Elementary,purp***@gmail.com
Idaho,Moscow District #281,Elementary School,A.B. McDonald Elementary School,PTOm***@gmail.com
Idaho,Nampa District #131,High School,Nampa High School,nhsb***@gmail.com
Idaho,Nampa District #131,Elementary School,Owyhee Elementary School,owyh***@gmail.com
Idaho,Nampa District #131,Elementary School,Ronald Reagan Elementary School,reag***@gmail.com
Idaho,Nampa District #131,Elementary School,Willow Creek Elementary School,will***@gmail.com
Idaho,Nampa District #131,Elementary School,Willow Creek Elementary School,will***@gmail.com
Idaho,New Plymouth School District #372,High School,New Plymouth High School,npbo***@gmail.com
Idaho,New Plymouth School District #372,Elementary School,New Plymouth Elementary School,npbo***@gmail.com
Idaho,Oneida County District #351,Elementary School,Malad Elementary,mesp***@gmail.com
Idaho,Orofino Joint District #171,Elementary School,Orofino Elementary School,knud***@jsd171.org
Idaho,Pocatello/Chubbuck District #25,Elementary School,Ellis Elementary School,elli***@gmail.com
Idaho,Pocatello/Chubbuck District #25,Elementary School,Gate City Elementary School,gate***@gmail.com
Idaho,Pocatello/Chubbuck District #25,Elementary School,Greenacres Elementary School,gree***@gmail.com
Idaho,Pocatello/Chubbuck District #25,Middle School,Alameda Middle School,Heid***@gmail.com
Idaho,Pocatello/Chubbuck District #25,Middle School,Hawthorne Middle School,regi***@hotmail.com
Idaho,Pocatello/Chubbuck District #25,High School,Century High School,pctu***@gmail.com
Idaho,Potlatch District #285,Elementary School,Potlatch Elementary School,potl***@gmail.com
Idaho,Troy District #287,Elementary School,Troy Elementary School,tesp***@gmail.com
Idaho,Twin Falls District #411,Elementary School,Lincoln Elementary School,linc***@gmail.com
Idaho,Twin Falls District #411,Elementary School,Rock Creek Elementary School,rock***@gmail.com
Idaho,Twin Falls District #411,Elementary School,Sawtooth Elementary School,sawt***@gmail.com
Idaho,Twin Falls District #411,Middle School,O’Leary Middle School,Olea***@gmail.com
Idaho,Twin Falls District #411,Middle School,South Hills Middle School,tf.s***@gmail.com
Idaho,Vallivue District #139,Elementary School,Birch Elementary,birc***@gmail.com
Idaho,Vallivue District #139,Elementary School,East Canyon Elementary,East***@gmail.com
Idaho,Vallivue District #139,Elementary School,Skyway Elementary,skyw***@gmail.com
Idaho,West Ada School District #2,Elementary School,Chaparral Elementary,IDCh***@gmail.com
Idaho,West Ada School District #2,,Chief Joseph School of the Arts,chie***@gmail.com
Idaho,West Ada School District #2,,Christine Donnell School of the Arts,cdsa***@gmail.com
Idaho,West Ada School District #2,Elementary School,Desert Sage Elementary,dese***@gmail.com
Idaho,West Ada School District #2,Elementary School,Discovery Elementary,disc***@gmail.com
Idaho,West Ada School District #2,Elementary School,Eagle Elementary School,eesa***@gmail.com
Idaho,West Ada School District #2,Elementary School,Eagle Hills Elementary,eagl***@gmail.com
Idaho,West Ada School District #2,Elementary School,Frontier Elementary,pto.***@gmail.com
Idaho,West Ada School District #2,Academy,Galileo STEM Academy,gali***@gmail.com
Idaho,West Ada School District #2,Elementary School,Hillsdale Elementary School,Hill***@gmail.com
Idaho,West Ada School District #2,Elementary School,Mary McPherson Elementary,mary***@gmail.com
Idaho,West Ada School District #2,Elementary School,McMillan Elementary School,mcmi***@gmail.com
Idaho,West Ada School District #2,Elementary School,Paramount Elementary,para***@gmail.com
Idaho,West Ada School District #2,Elementary School,Pepper Ridge Elementary,pepp***@gmail.com
Idaho,West Ada School District #2,Elementary School,Peregrine Elementary,Dent***@westada.org
Idaho,West Ada School District #2,Elementary School,Pleasant View Elementary,Plea***@gmail.com
Idaho,West Ada School District #2,Elementary School,Pleasant View Elementary,Plea***@gmail.com
Idaho,West Ada School District #2,Elementary School,River Valley Elementary,rvep***@gmail.com
Idaho,West Ada School District #2,Elementary School,Seven Oaks Elementary,seve***@gmail.com
Idaho,West Ada School District #2,Elementary School,Siena Elementary,PTAS***@gmail.com
Idaho,West Ada School District #2,Elementary School,Silver Sage Elementary,Silv***@gmail.com
Idaho,West Ada School District #2,Academy,Spalding STEM Academy,pto.***@gmail.com
Idaho,West Ada School District #2,Elementary School,Star Elementary,star***@gmail.com
Idaho,West Ada School District #2,Elementary School,Ustick Elementary,Usti***@gmail.com
Idaho,West Ada School District #2,Elementary School,Willow Creek Elementary,will***@gmail.com
Idaho,West Ada School District #2,Middle School,Eagle Middle School,eagl***@gmail.com
Idaho,West Ada School District #2,Middle School,Heritage Middle School,heri***@gmail.com
Idaho,West Ada School District #2,Middle School,Lewis and Clark Middle School,PTSA***@gmail.com
Idaho,West Ada School District #2,Middle School,Lowell Scott Middle School,lsms***@gmail.com
Idaho,West Ada School District #2,Middle School,Lowell Scott Middle School,pres***@lsmspta.org
Idaho,West Ada School District #2,Middle School,Sawtooth Middle School,sawt***@gmail.com
Idaho,West Ada School District #2,Middle School,Star Middle School,star***@gmail.com
Idaho,West Ada School District #2,Middle School,Victory Middle School,vmsp***@gmail.com
Idaho,West Ada School District #2,High School,Centennial High School,chsp***@gmail.com
Idaho,West Ada School District #2,High School,Eagle High School,eagl***@gmail.com
Idaho,West Bonner County District #83,High School,Priest River Lamanna Jr/Sr High School,prsp***@gmail.com
Arizona,Amphitheater Public Schools,Elementary School,Donaldson Elementary,pesc***@yahoo.com
Arizona,Amphitheater Public Schools,Elementary School,Holaway Elementary,f.o.***@gmail.com
Arizona,Amphitheater Public Schools,Academy,Innovation Academy,Inno***@gmail.com
Arizona,Amphitheater Public Schools,Elementary School,Painted Sky Elementary School,pain***@gmail.com
Arizona,Apache Junction Unified School District,Elementary School,Desert Vista Elementary,dena***@goaj.org
Arizona,Ash Fork Joint Unified School District,Elementary School,Ash Fork Elementary School,ashf***@gmail.com
Arizona,Ash Fork Joint Unified School District,High School,Ash Fork High School,ashf***@gmail.com
Arizona,Ash Fork Joint Unified School District,Middle School,Ash Fork Middle School,ashf***@gmail.com
Arizona,Avondale Elementary School District,,Desert Thunder School,dtpt***@gmail.com
Arizona,Avondale Elementary School District,,Copper Trails School,anna***@westusa.com
Arizona,Bagdad Unified School District,Elementary School,Bagdad Elementary School,bagd***@yahoo.com
Arizona,Bagdad Unified School District,High School,Bagdad Middle and High School,bagd***@yahoo.com
Arizona,Bagdad Unified School District,,Sultan Virtual Academ,bagd***@yahoo.com
Arizona,Benson Unified School District,High School,Benson High School,bens***@gmail.com
Arizona,Bowie Unified School District,Elementary School,Bowie Elementary School,bowi***@gmail.com
Arizona,Bowie Unified School District,High School,Bowie High School,bowi***@gmail.com
Arizona,Casa Grande Elementary School District,Elementary School,Cholla Elementary School,Chol***@gmail.com
Arizona,Casa Grande Elementary School District,Elementary School,Desert Willow Elementary School,ptso***@gmail.com
Arizona,Casa Grande Elementary School District,Elementary School,McCartney Ranch Elementary School,McCa***@gmail.com
Arizona,Catalina Foothills Unified School District,Elementary School,Canyon View Elementary School,cany***@gmail.com
Arizona,Catalina Foothills Unified School District,Middle School,Esperero Canyon Middle School,ecms***@gmail.com
Arizona,Catalina Foothills Unified School District,Middle School,Orange Grove Middle School,oran***@gmail.com
Arizona,Catalina Foothills Unified School District,Elementary School,Sunrise Drive Elementary School,mtk@***@sunriseffo.org
Arizona,Catalina Foothills Unified School District,,Valley View Early Learning Center,vvpf***@gmail.com
Arizona,Catalina Foothills Unified School District,Elementary School,Ventana Vista Elementary School,Pres***@vvffo.org
Arizona,Cave Creek Unified School District,High School,Cactus Shadows High School,cshs***@gmail.com
Arizona,Cave Creek Unified School District,Middle School,Sonoran Trails Middle School,STMS***@gmail.com
Arizona,Cave Creek Unified School District,Elementary School,Black Mountain Elementary School,bmes***@ccusd93.net
Arizona,Cave Creek Unified School District,Elementary School,Desert Willow Elementary School,dwes***@gmail.com
Arizona,Cave Creek Unified School District,Elementary School,Horseshoe Trails Elementary School,htes***@gmail.com
Arizona,Chandler Unified School District,Elementary School,Andersen Elementary,ande***@gmail.com
Arizona,Chandler Unified School District,Elementary School,Auxier Elementary,auxi***@gmail.com
Arizona,Chandler Unified School District,Elementary School,Basha Elementary,Bash***@gmail.com
Arizona,Chandler Unified School District,Elementary School,Bologna Elementary,bolo***@gmail.com
Arizona,Chandler Unified School District,Elementary School,Carlson Elementary,admi***@carlsonpto.com
Arizona,Chandler Unified School District,Elementary School,Conley Elementary,Conl***@gmail.com
Arizona,Chandler Unified School District,Academy,Chandler Traditional Academy - Freedom Campus,ctaf***@gmail.com
Arizona,Chandler Unified School District,Academy,Chandler Traditional Academy - Goodman Campus,Ctag***@gmail.com
Arizona,Chandler Unified School District,Academy,Chandler Traditional Academy - Humphrey Campus,hump***@gmail.com
Arizona,Chandler Unified School District,Academy,Chandler Traditional Academy - Independence Campus,ctap***@gmail.com
Arizona,Chandler Unified School District,Academy,Chandler Traditional Academy - Liberty Campus,ctal***@ctalibertypto.org
Arizona,Chandler Unified School District,Academy,Elite Performance Academy,hump***@gmail.com
Arizona,Chandler Unified School District,Elementary School,Frye Elementary,frye***@gmail.com
Arizona,Chandler Unified School District,Elementary School,Fulton Elementary,fult***@gmail.com
Arizona,Chandler Unified School District,Elementary School,Haley Elementary,Hale***@gmail.com
Arizona,Chandler Unified School District,Elementary School,Hartford Sylvia Encinas Elementary,hart***@gmail.com
Arizona,Chandler Unified School District,Elementary School,Hull Elementary,csb@***@csbap.org
Arizona,Chandler Unified School District,Elementary School,Jacobson Elementary,jaco***@gmail.com
Arizona,Chandler Unified School District,Academy,Knox Gifted Academy,kgap***@gmail.com
Arizona,Chandler Unified School District,Elementary School,Navarrete Elementary,nava***@gmail.com
Arizona,Chandler Unified School District,Elementary School,Patterson Elementary,ptop***@gmail.com
Arizona,Chandler Unified School District,Elementary School,Rice Elementary,Rice***@gmail.com
Arizona,Chandler Unified School District,Elementary School,Riggs Elementary,rigg***@gmail.com
Arizona,Chandler Unified School District,Elementary School,Ryan Elementary,ryan***@gmail.com
Arizona,Chandler Unified School District,Elementary School,San Marcos Elementary,csb@***@csbap.org
Arizona,Chandler Unified School District,Elementary School,Sanborn Elementary,info***@sanbornsunspto.org
Arizona,Chandler Unified School District,Elementary School,Santan Elementary,Sant***@gmail.com
Arizona,Chandler Unified School District,Academy,Shumway Leadership Academy,cont***@shumwaystarspto.org
Arizona,Chandler Unified School District,Elementary School,Tarwater Elementary,tarw***@gmail.com
Arizona,Chandler Unified School District,Academy,Weinberg Gifted Academy,wgap***@gmail.com
Arizona,Chandler Unified School District,,Andersen Junior High,csb@***@csbap.org
Arizona,Chandler Unified School District,Middle School,Arizona College Prep Middle School,csb@***@csbap.org
Arizona,Chandler Unified School District,Middle School,Basha Accelerated Middle School,csb@***@csbap.org
Arizona,Chandler Unified School District,,Bogle Junior High,bogl***@gmail.com
Arizona,Chandler Unified School District,,Casteel Junior High,csb@***@csbap.org
Arizona,Chandler Unified School District,Academy,Chandler Online Academy,csb@***@csbap.org
Arizona,Chandler Unified School District,,Payne Junior High,csb@***@csbap.org
Arizona,Chandler Unified School District,,Santan Junior High,sant***@gmail.com
Arizona,Chandler Unified School District,High School,Arizona College Prep High School,TheP***@gmail.com
Arizona,Chandler Unified School District,,Basha High,csb@***@csbap.org
Arizona,Chandler Unified School District,,Casteel High,csb@***@csbap.org
Arizona,Chandler Unified School District,,Chandler Early College,csb@***@csbap.org
Arizona,Chandler Unified School District,Academy,Chandler Online Academy,csb@***@csbap.org
Arizona,Chandler Unified School District,Academy,Chief Hill Learning Academy,csb@***@csbap.org
Arizona,Chandler Unified School District,,Hamilton High,csb@***@csbap.org
Arizona,Chandler Unified School District,Academy,Hill***@ ICAN,csb@***@csbap.org
Arizona,Chino Valley Unified School District,Elementary School,Del Rio Elementary School,ptod***@gmail.com
Arizona,Clarkdale-Jerome Elementary School District,Elementary School,Clarkdale-Jerome Elementary School,cjpt***@cjsd3.net
Arizona,Clarkdale-Jerome Elementary School District,Academy,Clarkdale-Jerome Online Learning Academy,cjpt***@cjsd3.net
Arizona,Cochise Elementary School District,Elementary School,Cochise Elementary School,PTO@***@cochiseschool.org 
Arizona,Colorado City Unified School District,High School,Colorado City High School,tric***@gmail.com
Arizona,Colorado City Unified School District,Elementary School,Cottonwood Elementary,tric***@gmail.com
Arizona,Colorado City Unified School District,,El Capitan Public School,tric***@gmail.com
Arizona,Continental Elementary School District,Elementary School,Continental Elementary School,cont***@gmail.com
Arizona,Continental Elementary School District,,Continental On-Line Learning Technology School,cont***@gmail.com
Arizona,Cottonwood-Oak Creek Elementary School District,,Cottonwood Educational Services,jrol***@cocsd.k12.az.us
Arizona,Cottonwood-Oak Creek Elementary School District,Preschool,Mountain View Preparatory,mvpp***@gmail.com
Arizona,Crane Elementary School District,Academy,Gowan Science Academy,gowa***@gmail.com
Arizona,Crane Elementary School District,Elementary School,H.L. Suverkrup Elementary School,CPau***@craneschools.org
Arizona,Crane Elementary School District,Elementary School,H.L. Suverkrup Elementary School,APar***@craneschools.org
Arizona,Deer Valley Unified School District,Elementary School,Arrowhead Elementary School,arro***@gmail.com
Arizona,Deer Valley Unified School District,High School,Boulder Creek High School,bcja***@gmail.com
Arizona,Deer Valley Unified School District,Academy,Canyon Springs STEM Academy,cswo***@gmail.com
Arizona,Deer Valley Unified School District,Elementary School,Constitution Elementary School,cons***@gmail.com
Arizona,Deer Valley Unified School District,Elementary School,Copper Creek Elementary School,pres***@ccptsa.com
Arizona,Deer Valley Unified School District,Elementary School,Copper Creek Elementary School,secr***@ccptsa.com 
Arizona,Deer Valley Unified School District,,Desert Mountain School,dese***@gmail.com
Arizona,Deer Valley Unified School District,Elementary School,Desert Sage Elementary School,dese***@gmail.com
Arizona,Deer Valley Unified School District,,Diamond Canyon School,Diam***@DCPTA.net
Arizona,Deer Valley Unified School District,,Gavilan Peak School,gavi***@gmail.com
Arizona,Deer Valley Unified School District,Elementary School,Greenbrier Elementary School,gree***@gmail.com
Arizona,Deer Valley Unified School District,,Highland Lakes School,high***@gmail.com
Arizona,Deer Valley Unified School District,,Inspiration Mountain School,insp***@gmail.com
Arizona,Deer Valley Unified School District,Elementary School,Las Brisas Elementary School,lasb***@gmail.com
Arizona,Deer Valley Unified School District,Elementary School,Legend Springs Elementary School,lege***@gmail.com
Arizona,Deer Valley Unified School District,High School,Mountain Ridge High School,prid***@gmail.com
Arizona,Deer Valley Unified School District,Elementary School,Mountain Shadows Elementary School,mspt***@gmail.com
Arizona,Deer Valley Unified School District,Academy,Sierra Verde STEAM Academy,sier***@gmail.com
Arizona,Deer Valley Unified School District,,Sonoran Foothills School,Sfpt***@gmail.com
Arizona,Deer Valley Unified School District,,Stetson Hills School,info***@stetsonhillsptsa.org
Arizona,Deer Valley Unified School District,Academy,Terramar Academy of the Arts,ptsa***@gmail.com
Arizona,Deer Valley Unified School District,,Union Park School,Boar***@upptsa.org
Arizona,Deer Valley Unified School District,,Union Park School,pres***@upptsa.org
Arizona,Deer Valley Unified School District,,Union Park School,Secr***@upptsa.org
Arizona,Deer Valley Unified School District,,West Wing School,exec***@westwingptsa.com
Arizona,Dysart Unified School District,Middle School,Ashton Ranch Middle School,asht***@gmail.com
Arizona,Dysart Unified School District,,Canyon Ridge School,crpt***@gmail.com
Arizona,Dysart Unified School District,Elementary School,Countryside Elementary School,Coyo***@gmail.com
Arizona,Dysart Unified School District,Elementary School,El Mirage Elementary School,dysa***@dysart.org
Arizona,Dysart Unified School District,Academy,Freedom Traditional Academy,free***@gmail.com
Arizona,Dysart Unified School District,Elementary School,Luke Elementary School,luke***@gmail.com
Arizona,Dysart Unified School District,Elementary School,Marley Park Elementary School,marl***@gmail.com
Arizona,Dysart Unified School District,,Mountain View School,moun***@gmail.com
Arizona,Dysart Unified School District,Elementary School,Rancho Gabriela Elementary School,Ranc***@gmail.com
Arizona,Dysart Unified School District,Elementary School,Sunset Hills Elementary School,azsu***@gmail.com
Arizona,Dysart Unified School District,Elementary School,Surprise Elementary School,dccs***@gmail.com
Arizona,Dysart Unified School District,Elementary School,Thompson Ranch Elementary School,Scot***@dysart.org
Arizona,Dysart Unified School District,Elementary School,Thompson Ranch Elementary School,az12***@gmail.com
Arizona,Dysart Unified School District,High School,Valley Vista High School,pres***@gmail.com
Arizona,Dysart Unified School District,High School,Valley Vista High School,vp.v***@gmail.com
Arizona,Dysart Unified School District,Elementary School,West Point Elementary School,West***@gmail.com
Arizona,Dysart Unified School District,Elementary School,Western Peaks Elementary School,west***@gmail.com
Arizona,Dysart Unified School District,High School,Willow Canyon High School,wchs***@gmail.com
Arizona,Flagstaff Unified School District,Elementary School,Knoles Elementary School,PTO.***@gmail.com
Arizona,Flagstaff Unified School District,Middle School,Mount Elden Middle School,tnel***@fusd1.org
Arizona,Flagstaff Unified School District,Elementary School,Puente de Hozho Elementary School,flag***@gmail.com
Arizona,Flagstaff Unified School District,Middle School,Sinagua Middle School,smsm***@gmail.com
Arizona,Flowing Wells Unified School District,Elementary School,Douglas Elementary,walt***@gmail.com
Arizona,Flowing Wells Unified School District,Elementary School,J. Robert Hendricks Elementary,hend***@gmail.com
Arizona,Flowing Wells Unified School District,Elementary School,Richardson Elementary,rich***@gmail.com
Arizona,Fort Huachuca Accommodation School District,Elementary School,Colonel Johnston Elementary,colj***@gmail.com
Arizona,Fort Huachuca Accommodation School District,Elementary School,General Myer Elementary,gene***@gmail.com
Arizona,Fort Huachuca Accommodation School District,Middle School,Colonel Smith Middle School,smit***@gmail.com
Arizona,Fountain Hills Unified School District,High School,Fountain Hills High School,info***@fhusdpto.org
Arizona,Fountain Hills Unified School District,Middle School,Fountain Hills Middle School,info***@fhusdpto.org
Arizona,Fountain Hills Unified School District,Academy,Fountain Hills Virtual Academy,info***@fhusdpto.org
Arizona,Fountain Hills Unified School District,Preschool,Little Falcons Preschool,info***@fhusdpto.org
Arizona,Fountain Hills Unified School District,Elementary School,Mcdowell Mountain Elementary School,info***@fhusdpto.org
Arizona,Fredonia-Moccasin Unified School District,High School,Fredonia High School,utte***@gmail.com
Arizona,Fredonia-Moccasin Unified School District,High School,Fredonia High School,alic***@yahoo.com
Arizona,Gilbert Public Schools,Elementary School,Ashland Ranch Elementary,megh***@ashlandranchptso.com
Arizona,Gilbert Public Schools,Elementary School,Boulder Creek Elementary,bcpt***@gmail.com
Arizona,Gilbert Public Schools,Elementary School,Burk Elementary,burk***@gmail.com
Arizona,Gilbert Public Schools,Elementary School,Canyon Rim Elementary,pres***@canyonrimpta.org
Arizona,Gilbert Public Schools,Elementary School,Canyon Rim Elementary,secr***@canyonrimpta.org
Arizona,Gilbert Public Schools,Elementary School,Gilbert Elementary,tige***@gmail.com
Arizona,Gilbert Public Schools,Elementary School,Greenfield Elementary,kath***@greenfieldptso.org
Arizona,Gilbert Public Schools,Elementary School,Greenfield Elementary,bri@***@greenfieldptso.org
Arizona,Gilbert Public Schools,Elementary School,Harris Elementary,gilb***@gmail.com
Arizona,Gilbert Public Schools,Elementary School,Highland Park Elementary,ptso***@hpeptso.org
Arizona,Gilbert Public Schools,Elementary School,Mesquite Elementary,Mesq***@gmail.com
Arizona,Gilbert Public Schools,Elementary School,Pioneer Elementary,info***@pioneerptso.com
Arizona,Gilbert Public Schools,Elementary School,Playa del Rey Elementary,ptso***@gmail.com
Arizona,Gilbert Public Schools,Elementary School,Sonoma Ranch Elementary,srep***@gmail.com
Arizona,Gilbert Public Schools,Elementary School,Spectrum Elementary,ptso***@gmail.com
Arizona,Gilbert Public Schools,Elementary School,Val Vista Lakes Elementary,valv***@gmail.com
Arizona,Gilbert Public Schools,,Mesquite Junior High,mesq***@gmail.com
Arizona,Gilbert Public Schools,,Gilbert High,ghsp***@gmail.com
Arizona,Glendale Union High School District,High School,Moon Valley High School,mvhs***@gmail.com
Arizona,Globe Unified School District,Elementary School,Copper Rim Elementary School,cres***@globeschools.org
Arizona,Grand Canyon Unified School District,Elementary School,Grand Canyon Elementary,pres***@grandcanyonschoolpta.org
Arizona,Grand Canyon Unified School District,High School,Grand Canyon High School,secr***@grandcanyonschoolpta.org
Arizona,Higley Unified School District,Elementary School,Chaparral Elementary,Pres***@chaparralPTO.com
Arizona,Higley Unified School District,Elementary School,Chaparral Elementary,Secr***@chaparralPTO.com
Arizona,Higley Unified School District,Middle School,Cooley Middle School,cool***@gmail.com
Arizona,Higley Unified School District,Elementary School,Cortina Elementary,jen@***@cortinapto.com
Arizona,Higley Unified School District,Elementary School,Cortina Elementary,aubr***@cortinapto.com
Arizona,Higley Unified School District,Elementary School,Gateway Pointe Elementary,co.p***@gatewaypto.com
Arizona,Higley Unified School District,Elementary School,Gateway Pointe Elementary,vice***@gatewaypto.com
Arizona,Higley Unified School District,Academy,Higley Traditional Academy,pto.***@gmail.com
Arizona,Higley Unified School District,Elementary School,Power Ranch Elementary,powe***@gmail.com
Arizona,Higley Unified School District,Elementary School,San Tan Elementary,sant***@gmail.com
Arizona,Higley Unified School District,Middle School,Sossaman Middle School,spar***@gmail.com
Arizona,Higley Unified School District,,Cooley Early Childhood Development Center,ecdc***@gmail.com
Arizona,Higley Unified School District,,Sossaman Early Childhood Development Center,ecdc***@gmail.com
Arizona,Humboldt Unified School District,Elementary School,Coyote Springs Elementary School,coyo***@gmail.com
Arizona,Humboldt Unified School District,Elementary School,Granville Elementary School,Gran***@gmail.com
Arizona,Humboldt Unified School District,Elementary School,Lake Valley Elementary School,Lake***@gmail.com
Arizona,Humboldt Unified School District,,Liberty Traditional School,LTSP***@gmail.com
Arizona,J. O. Combs Unified School District,Elementary School,Ellsworth Elementary School, ell***@gmail.com
Arizona,J. O. Combs Unified School District,Elementary School,Ellsworth Elementary School,plaj***@gmail.com
Arizona,J. O. Combs Unified School District,Elementary School,Ellsworth Elementary School,jmcg***@jocombs.org
Arizona,J. O. Combs Unified School District,Elementary School,Harmon Elementary School,harm***@gmail.com
Arizona,J. O. Combs Unified School District,Elementary School,Ranch Elementary School,ranc***@gmail.com
Arizona,J. O. Combs Unified School District,Elementary School,Simonton Elementary School,simo***@gmail.com
Arizona,J. O. Combs Unified School District,Middle School,Combs Middle School,lrid***@jocombs.org
Arizona,J. O. Combs Unified School District,Middle School,Combs Middle School,lrid***@jocombs.org
Arizona,J. O. Combs Unified School District,High School,Combs High School,aflo***@jocombs.org
Arizona,Kyrene Elementary School District,Elementary School,Kyrene de las Brisas,bris***@outlook.com
Arizona,Kyrene Elementary School District,Academy,Kyrene de los Cerritos Leadership Academy,pres***@cerritosPTO.org
Arizona,Kyrene Elementary School District,Academy,Kyrene de los Cerritos Leadership Academy,secr***@cerritosPTO.org
Arizona,Kyrene Elementary School District,,Kyrene del Cielo,carn***@cielopto.org
Arizona,Kyrene Elementary School District,,Kyrene de la Colina,coli***@outlook.com
Arizona,Kyrene Elementary School District,,Kyrene de la Esperanza,rach***@gmail.com
Arizona,Kyrene Elementary School District,,Kyrene de la Esperanza,emil***@gmail.com
Arizona,Kyrene Elementary School District,,Kyrene de las Lomas,ptol***@gmail.com
Arizona,Kyrene Elementary School District,Academy,Kyrene de la Mariposa Computer Science Academy,kyre***@gmail.com
Arizona,Kyrene Elementary School District,Academy,Kyrene de la Mirada Leadership Academy,hell***@miradapto.org
Arizona,Kyrene Elementary School District,,Kyrene del Milenio,mile***@gmail.com
Arizona,Kyrene Elementary School District,,Kyrene Monte Vista,mvpt***@mvpto.org
Arizona,Kyrene Elementary School District,Academy,Kyrene del Norte Dual Language Academy,info***@nortepto.org
Arizona,Kyrene Elementary School District,,Kyrene de la Sierra,Pres***@sierrapto.org
Arizona,Kyrene Elementary School District,,C.I. Waggoner,ptow***@gmail.com
Arizona,Kyrene Elementary School District,,Kyrene Akimel A-al,ptso***@gmail.com
Arizona,Kyrene Elementary School District,,Kyrene Akimel A-al, PTS***@gmail.com
Arizona,Kyrene Elementary School District,,Kyrene Altadeña,pres***@altadenaptso.org
Arizona,Kyrene Elementary School District,Preschool,Kyrene Aprende,admi***@aprendeptso.org
Arizona,Kyrene Elementary School District,Middle School,Kyrene Middle School,pto4***@gmail.com/
Arizona,Kyrene Elementary School District,Academy,Kyrene de las Manitas Innovation Academy,Mani***@gmail.com
Arizona,Kyrene Elementary School District,Academy,Kyrene Traditional Academy,ktap***@gmail.com
Arizona,Lake Havasu Unified School District,Elementary School,Jamaica Elementary School,jama***@gmail.com
Arizona,Lake Havasu Unified School District,Elementary School,Smoketree Elementary School,smok***@gmail.com
Arizona,Lake Havasu Unified School District,Elementary School,Starline Elementary School,star***@gmail.com
Arizona,Laveen Elementary School District,Elementary School,Laveen Elementary School,Lave***@gmail.com
Arizona,Laveen Elementary School District,Academy,Vista del Sur Accelerate Academy,tige***@vistadelsurpto.com
Arizona,Liberty Elementary School District,Elementary School,Blue Horizons Elementary School,Blue***@gmail.com
Arizona,Liberty Elementary School District,Elementary School,Estrella Mountain Elementary School,emes***@gmail.com
Arizona,Liberty Elementary School District,Elementary School,Estrella Mountain Elementary School,emes***@gmail.com
Arizona,Liberty Elementary School District,Elementary School,Freedom Elementary School,vleo***@gmail.com
Arizona,Liberty Elementary School District,Academy,Las Brisas Academy,lasb***@gmail.com
Arizona,Liberty Elementary School District,Academy,Las Brisas Academy,Vict***@jbazmc.maricopa.gov
Arizona,Liberty Elementary School District,Elementary School,Liberty Elementary School,libe***@gmail.com
Arizona,Liberty Elementary School District,Elementary School,Rainbow Valley Elementary School,jess***@yahoo.com
Arizona,Liberty Elementary School District,Elementary School,Westar Elementary School,West***@gmail.com
Arizona,Litchfield Elementary School District,Elementary School,Barbara B. Robey Elementary School,ptsa***@gmail.com
Arizona,Litchfield Elementary School District,Elementary School,Corte Sierra Elementary School,pres***@gmail.com
Arizona,Litchfield Elementary School District,Elementary School,Corte Sierra Elementary School,secr***@gmail.com
Arizona,Litchfield Elementary School District,Elementary School,Dreaming Summit Elementary School,dspt***@gmail.com
Arizona,Litchfield Elementary School District,Elementary School,Litchfield Elementary School,lesp***@gmail.com
Arizona,Litchfield Elementary School District,Elementary School,Mabel Padgett Elementary School,mabe***@gmail.com
Arizona,Litchfield Elementary School District,Elementary School,Rancho Santa Fe Elementary School,ptsa***@gmail.com
Arizona,Litchfield Elementary School District,Elementary School,Scott L. Libby Elementary School,sle.***@gmail.com
Arizona,Litchfield Elementary School District,Elementary School,Scott L. Libby Elementary School,sle.***@gmail.com
Arizona,Litchfield Elementary School District,Elementary School,Verrado Elementary School,info***@superstarpta.org
Arizona,Litchfield Elementary School District,Elementary School,Belen Soto Elementary School,soto***@gmail.com
Arizona,Litchfield Elementary School District,,L. Thomas Heck / Troy Gilbert,tgep***@gmail.com
Arizona,Litchfield Elementary School District,Elementary School,Palm Valley Elementary School,pres***@gmail.com
Arizona,Litchfield Elementary School District,Elementary School,Palm Valley Elementary School,secr***@gmail.com
Arizona,Litchfield Elementary School District,Elementary School,Verrado Heritage Elementary School,pres***@heritageheroesptsa.org
Arizona,Litchfield Elementary School District,Middle School,Western Sky Middle School,wswi***@gmail.com
Arizona,Litchfield Elementary School District,Middle School,Western Sky Middle School,wsms***@gmail.com
Arizona,Litchfield Elementary School District,Middle School,Wigwam Creek Middle School,pres***@gmail.com
Arizona,Litchfield Elementary School District,Middle School,Verrado Middle School,verr***@gmail.com
Arizona,Littleton Elementary School District,Elementary School,Estrella Vista Elementary School,ptsa***@gmail.com
Arizona,Littleton Elementary School District,Academy,Fine Arts Academy,ptsa***@yahoo.com
Arizona,Littleton Elementary School District,Academy,Lakin Prep Academy,Unit***@LakinPrepPTA.org
Arizona,Madison Elementary School District,Elementary School,Madison Camelview Elementary,pto.***@gmail.com
Arizona,Madison Elementary School District,Elementary School,Madison Heights Elementary,comm***@heightspto.com
Arizona,Madison Elementary School District,Elementary School,Madison Rose Lane Elementary,secr***@roselaneteam.org
Arizona,Madison Elementary School District,Elementary School,Madison Simis Elementary,webm***@simispats.org
Arizona,Madison Elementary School District,Elementary School,Madison Simis Elementary,info***@simispats.org
Arizona,Madison Elementary School District,Middle School,Madison Meadows Middle School,pres***@meadowsptm.org
Arizona,Madison Elementary School District,Middle School,Madison Meadows Middle School,recs***@meadowsptm.org
Arizona,Madison Elementary School District,Middle School,Madison Park Middle School,ptom***@gmail.com
Arizona,Madison Elementary School District,Academy,Madison Traditional Academy,mtag***@gmail.com
Arizona,Maine Consolidated School District,,Maine Consolidated School,PTOM***@mcsd10.org
Arizona,Marana Unified School District,Elementary School,DeGrazia Elementary,degr***@gmail.com
Arizona,Marana Unified School District,Elementary School,Estes Elementary School,este***@gmail.com
Arizona,Marana Unified School District,Elementary School,Gladden Farms Elementary,Glad***@gmail.com
Arizona,Marana Unified School District,Elementary School,Ironwood Elementary,ptoi***@gmail.com
Arizona,Marana Unified School District,High School,Marana High School,mhs.***@gmail.com
Arizona,Marana Unified School District,Middle School,Marana Middle School,mara***@gmail.com
Arizona,Marana Unified School District,,Mountain View High,proa***@gmail.com
Arizona,Marana Unified School District,Elementary School,Quail Run Elementary,quai***@gmail.com
Arizona,Marana Unified School District,,Rattlesnake Ridge Elem.,ratt***@gmail.com
Arizona,Maricopa Unified School District,Middle School,Desert Wind Middle School,dwms***@gmail.com
Arizona,Maricopa Unified School District,Elementary School,Pima Butte Elementary School,must***@gmail.com
Arizona,Maricopa Unified School District,Elementary School,Santa Rosa Elementary School,sant***@gmail.com
Arizona,Mayer Unified School District,Elementary School,Mayer Elementary School,pam.***@mayerschools.org
Arizona,Mesa Public Schools,Elementary School,Adams,mres***@mpsaz.org 
Arizona,Mesa Public Schools,Elementary School,Brinton,brin***@gmail.com
Arizona,Mesa Public Schools,Elementary School,Crismon,Cris***@gmail.com
Arizona,Mesa Public Schools,Elementary School,Emerson,thee***@gmail.com
Arizona,Mesa Public Schools,Elementary School,Entz,Entz***@gmail.com
Arizona,Mesa Public Schools,Elementary School,Falcon Hill,neac***@mpsaz.org
Arizona,Mesa Public Schools,Elementary School,Falcon Hill,jmcu***@mpsaz.org
Arizona,Mesa Public Schools,Elementary School,Field,fiel***@gmail.com
Arizona,Mesa Public Schools,Elementary School,Hale,hale***@gmail.com
Arizona,Mesa Public Schools,Elementary School,Highland Arts,high***@gmail.com
Arizona,Mesa Public Schools,Elementary School,Hughes,hfly***@mpsaz.org
Arizona,Mesa Public Schools,Elementary School,Ishikawa,Ishi***@gmail.com
Arizona,Mesa Public Schools,Elementary School,Johnson,john***@gmail.com
Arizona,Mesa Public Schools,Elementary School,K-8 STEM Academy at Red Mountain Ranch,hell***@rmreptc.org
Arizona,Mesa Public Schools,Elementary School,Las Sendas,lass***@gmail.com
Arizona,Mesa Public Schools,Elementary School,MacArthur,maca***@gmail.com
Arizona,Mesa Public Schools,Elementary School,Madison,madi***@gmail.com
Arizona,Mesa Public Schools,Elementary School,Mendoza,mend***@mendozapto.org
Arizona,Mesa Public Schools,Elementary School,Mesa Academy,pto.***@gmail.com
Arizona,Mesa Public Schools,Elementary School,O'Connor,Ocon***@gmail.com
Arizona,Mesa Public Schools,Elementary School,Patterson,patt***@gmail.com
Arizona,Mesa Public Schools,Elementary School,Pomeroy,pome***@gmail.com
Arizona,Mesa Public Schools,Elementary School,Salk,xmis***@mpsaz.org
Arizona,Mesa Public Schools,Elementary School,Salk,ackn***@mpsaz.org
Arizona,Mesa Public Schools,Elementary School,Salk,asha***@gmail.com
Arizona,Mesa Public Schools,Elementary School,Sirrine Montessori Center,sirr***@gmail.com
Arizona,Mesa Public Schools,Elementary School,Summit Academy,Summ***@gmail.com
Arizona,Mesa Public Schools,Elementary School,Washington,Wash***@gmail.com
Arizona,Mesa Public Schools,Elementary School,Whittier,whit***@gmail.com
Arizona,Mesa Public Schools,Elementary School,Wilson,wils***@gmail.com 
Arizona,Mesa Public Schools,Elementary School,Zaharis,ZPTO***@gmail.com
Arizona,Mesa Public Schools,High School,Fremont,frem***@gmail.com
Arizona,Mesa Public Schools,High School,Mesa Academy,pto.***@gmail.com
Arizona,Mesa Public Schools,High School,Summit Academy,Summ***@gmail.com
Arizona,Mesa Public Schools,High School,Red Mountain,rmhs***@gmail.com
Arizona,Morristown Elementary School District,Elementary School,Morristown Elementary School,Morr***@gmail.com
Arizona,Naco Elementary School District,Elementary School,Naco Elementary School,folm***@naco.k12.az.us
Arizona,Naco Elementary School District,Elementary School,Naco Elementary School,nmir***@naco.k12.az.us
Arizona,Nadaburg Unified School District,Elementary School,Nadaburg Elementary School,kkeh***@nadaburgsd.org
Arizona,Oracle Elementary School District,,Mountain Vista School,moun***@gmail.com
Arizona,Osborn Elementary School District,Elementary School,Encanto Elementary School (Grades PreK-3),kfer***@osbornsd.org
Arizona,Osborn Elementary School District,Elementary School,Longview Elementary School (Grades PreK-6),kwhi***@osbornsd.org
Arizona,Osborn Elementary School District,Elementary School,Solano Elementary School (Grades PreK-6),fcar***@osbornsd.org
Arizona,Paradise Valley Unified School District,Elementary School,Boulder Creek,info***@bouldercreekpto.com
Arizona,Paradise Valley Unified School District,Elementary School,Cactus View,info***@pvupc.org
Arizona,Paradise Valley Unified School District,,Cactus View,pres***@pvupc.org
Arizona,Paradise Valley Unified School District,Elementary School,Campo Bello,info***@pvupc.org
Arizona,Paradise Valley Unified School District,Elementary School,Copper Canyon,cces***@gmail.com
Arizona,Paradise Valley Unified School District,Elementary School,Desert Cove,INFO***@DesertCovePTO.org
Arizona,Paradise Valley Unified School District,Elementary School,Eagle Ridge,info***@pvupc.org
Arizona,Paradise Valley Unified School District,Elementary School,Echo Mountain Primary,info***@pvupc.org
Arizona,Paradise Valley Unified School District,Elementary School,Fireside,pres***@firesidepto.com
Arizona,Paradise Valley Unified School District,Elementary School,Fireside,secr***@firesidepto.com
Arizona,Paradise Valley Unified School District,Elementary School,Grayhawk,info***@pvupc.org
Arizona,Paradise Valley Unified School District,Elementary School,Hidden Hills,info***@pvupc.org
Arizona,Paradise Valley Unified School District,Elementary School,Indian Bend,info***@pvupc.org
Arizona,Paradise Valley Unified School District,Elementary School,Larkspur,must***@gmail.com
Arizona,Paradise Valley Unified School District,Elementary School,Liberty,info***@pvupc.org
Arizona,Paradise Valley Unified School District,Elementary School,Mercury Mine,merc***@gmail.com 
Arizona,Paradise Valley Unified School District,Elementary School,North Ranch,pres***@gmail.com
Arizona,Paradise Valley Unified School District,Elementary School,North Ranch,secr***@gmail.com
Arizona,Paradise Valley Unified School District,Elementary School,Palomino Primary,info***@pvupc.org
Arizona,Paradise Valley Unified School District,Elementary School,Palomino Intermediate,info***@pvupc.org
Arizona,Paradise Valley Unified School District,Elementary School,Quail Run,ptoq***@gmail.com 
Arizona,Paradise Valley Unified School District,Elementary School,Sandpiper,Pres***@SandpiperPTO.org
Arizona,Paradise Valley Unified School District,Elementary School,Sky Crossing,Pres***@skycrossingpto.org
Arizona,Paradise Valley Unified School District,Elementary School,Sky Crossing,Secr***@skycrossingpto.org
Arizona,Paradise Valley Unified School District,Elementary School,Sonoran Sky,pres***@sskypto.com
Arizona,Paradise Valley Unified School District,Elementary School,Sonoran Sky,secr***@sskypto.com
Arizona,Paradise Valley Unified School District,Elementary School,Whispering Wind Academy,Pres***@wwaptso.org
Arizona,Paradise Valley Unified School District,Elementary School,Whispering Wind Academy,Secr***@wwaptso.org
Arizona,Paradise Valley Unified School District,Middle School,Desert Shadows,info***@pvupc.org
Arizona,Paradise Valley Unified School District,Middle School,Explorer,expl***@gmail.com
Arizona,Paradise Valley Unified School District,Middle School,Greenway,info***@pvupc.org
Arizona,Paradise Valley Unified School District,Middle School,Mountain Trail,mtms***@gmail.com
Arizona,Paradise Valley Unified School District,Middle School,Sunrise,info***@pvupc.org
Arizona,Paradise Valley Unified School District,High School,Horizon,robb***@gmail.com
Arizona,Paradise Valley Unified School District,High School,Horizon,paws***@horizonboosterclub.com
Arizona,Paradise Valley Unified School District,High School,North Canyon,info***@pvupc.org
Arizona,Paradise Valley Unified School District,High School,Pinnacle,pop@***@parentsofpinnacle.org
Arizona,Paradise Valley Unified School District,High School,Shadow Mountain,pres***@smhsptc.com
Arizona,Paradise Valley Unified School District,High School,Shadow Mountain,secr***@smhsptc.com
Arizona,Paradise Valley Unified School District,,Pinnacle Peak Preparatory,PPPS***@gmail.com
Arizona,Parker Unified School District,Elementary School,Le Pera Elementary School,amar***@parkerusd.org
Arizona,Parker Unified School District,Elementary School,Le Pera Elementary School,ausm***@parkerusd.org
Arizona,Peoria Unified School District,Elementary School,Alta Loma Elementary School,alta***@gmail.com
Arizona,Peoria Unified School District,Elementary School,Apache Elementary School,PTSO***@gmail.com
Arizona,Peoria Unified School District,Elementary School,Canyon Elementary School,cany***@gmail.com
Arizona,Peoria Unified School District,Elementary School,Copperwood Elementary School,cwpt***@gmail.com
Arizona,Peoria Unified School District,Elementary School,Cotton Boll Elementary School,cott***@gmail.com
Arizona,Peoria Unified School District,Elementary School,Country Meadows Elementary School,cm.P***@yahoo.com
Arizona,Peoria Unified School District,Elementary School,Coyote Hills Elementary School,amoo***@cox.net
Arizona,Peoria Unified School District,Elementary School,Coyote Hills Elementary School,comm***@coyotehillsptso.org
Arizona,Peoria Unified School District,Elementary School,Desert Harbor Elementary School,dhpt***@gmail.com
Arizona,Peoria Unified School District,Elementary School,Desert Palms Elementary School,DPal***@gmail.com
Arizona,Peoria Unified School District,Elementary School,Desert Valley Elementary School,dese***@gmail.com
Arizona,Peoria Unified School District,Elementary School,Foothills Elementary School,Foot***@gmail.com
Arizona,Peoria Unified School District,Elementary School,Frontier Elementary School,fron***@yahoo.com
Arizona,Peoria Unified School District,Elementary School,Heritage Elementary School,heri***@yahoo.com
Arizona,Peoria Unified School District,Elementary School,Ira A. Murphy Elementary School,iamb***@gmail.com
Arizona,Peoria Unified School District,Elementary School,Kachina Elementary School,Kach***@gmail.com
Arizona,Peoria Unified School District,Elementary School,Lake Pleasant Elementary School,lake***@gmail.com
Arizona,Peoria Unified School District,Elementary School,Marshall Ranch Elementary School,ptso***@gmail.com
Arizona,Peoria Unified School District,Elementary School,Oakwood Elementary School,Tric***@gmail.com
Arizona,Peoria Unified School District,Elementary School,Oakwood Elementary School,Vane***@gmail.com
Arizona,Peoria Unified School District,Elementary School,Oasis Elementary School,oasi***@gmail.com
Arizona,Peoria Unified School District,Elementary School,Parkridge Elementary School,park***@gmail.com
Arizona,Peoria Unified School District,Elementary School,Paseo Verde Elementary School,pase***@yahoo.com
Arizona,Peoria Unified School District,Elementary School,Peoria Elementary School,peor***@gmail.com
Arizona,Peoria Unified School District,,Peoria Traditional School,ptsb***@gmail.com
Arizona,Peoria Unified School District,Elementary School,Pioneer Elementary School,azpi***@gmail.com
Arizona,Peoria Unified School District,Elementary School,Sahuaro Ranch Elementary School,sahu***@gmail.com
Arizona,Peoria Unified School District,Elementary School,Santa Fe Elementary School,sant***@gmail.com
Arizona,Peoria Unified School District,Elementary School,Sky View Elementary School,tmaa***@pusd11.net
Arizona,Peoria Unified School District,Elementary School,Sunset Heights Elementary School,Suns***@gmail.com
Arizona,Peoria Unified School District,Elementary School,Vistancia Elementary School,PRES***@GMAIL.COM
Arizona,Peoria Unified School District,High School,Raymond S. Kellis High School,Kell***@gmail.com
Arizona,Phoenix Elementary School District,,Faith North ECLC,jenn***@gmail.com
Arizona,Phoenix Elementary School District,,Shaw Montessori School,pres***@shawmontessoripta.com
Arizona,Phoenix Elementary School District,,Shaw Montessori School,secr***@shawmontessoripta.com
Arizona,Prescott Unified School District,Elementary School,Abia Judd Elementary,abia***@gmail.com
Arizona,Prescott Unified School District,High School,Prescott High School,phsb***@gmail.com
Arizona,Queen Creek Unified School District,High School,Crismon High School,cris***@gmail.com
Arizona,Queen Creek Unified School District,Elementary School,Desert Mountain Elementary,dmep***@gmail.com
Arizona,Queen Creek Unified School District,High School,Eastmark High School,east***@gmail.com
Arizona,Queen Creek Unified School District,Elementary School,Faith Mather Sossaman Elementary School,fmso***@gmail.com
Arizona,Queen Creek Unified School District,Elementary School,Frances Brandon-Pickett Elementary,pick***@gmail.com
Arizona,Queen Creek Unified School District,Academy,Gateway Polytechnic Academy,pres***@gpapto.com
Arizona,Queen Creek Unified School District,Elementary School,Jack Barnes Elementary School,jbel***@gmail.com
Arizona,Queen Creek Unified School District,Elementary School,Katherine Mecham Barney Elementary,kmbp***@qcusd.org
Arizona,Queen Creek Unified School District,Preschool,Newell Barney College Preparatory School,newe***@gmail.com
Arizona,Queen Creek Unified School District,Elementary School,Queen Creek Elementary School,qcee***@gmail.com
Arizona,Queen Creek Unified School District,Academy,Mountain Trail Academy,moun***@gmail.com
Arizona,Queen Creek Unified School District,Elementary School,Schnepf Elementary,schn***@gmail.com
Arizona,Queen Creek Unified School District,Elementary School,Schnepf Elementary,Besl***@cox.net
Arizona,Queen Creek Unified School District,Elementary School,Schnepf Elementary,chri***@gmail.com
Arizona,Queen Creek Unified School District,Elementary School,Silver Valley Elementary,pres***@sveptso.com
Arizona,Queen Creek Unified School District,High School,Queen Creek Junior High School,qcwi***@gmail.com
Arizona,Red Rock Elementary School District,Elementary School,Red Rock Elementary School,pto@***@redrockschools.com
Arizona,Round Valley Unified School District,Preschool,Round Valley Preschool,roun***@gmail.com
Arizona,Round Valley Unified School District,,Round Valley Primary School,roun***@gmail.com
Arizona,Round Valley Unified School District,Elementary School,Round Valley Elementary School,roun***@gmail.com
Arizona,Round Valley Unified School District,Middle School,Round Valley Middle School,roun***@gmail.com
Arizona,Round Valley Unified School District,High School,Round Valley High School,roun***@gmail.com
Arizona,Round Valley Unified School District,,RV Online,roun***@gmail.com
Arizona,Saddle Mountain Unified School District,Elementary School,Tartesso Elementary School,tes.***@smusd90.org
Arizona,Sahuarita Unified School District,,Anza Trail School,ANZA***@GMAIL.COM
Arizona,Scottsdale Unified School District,Elementary School,Anasazi Elementary School,anas***@gmail.com
Arizona,Scottsdale Unified School District,Elementary School,Cochise Elementary School,pres***@cochiseapt.org
Arizona,Scottsdale Unified School District,Elementary School,Cochise Elementary School,secr***@cochiseapt.org
Arizona,Scottsdale Unified School District,Elementary School,Desert Canyon Elementary School,pres***@dcespto.org
Arizona,Scottsdale Unified School District,Elementary School,Desert Canyon Elementary School,secr***@dcespto.org
Arizona,Scottsdale Unified School District,Elementary School,Hopi Elementary School,pres***@hopipta.com
Arizona,Scottsdale Unified School District,Elementary School,Hopi Elementary School,secr***@hopipta.com
Arizona,Scottsdale Unified School District,Elementary School,Laguna Elementary School,pres***@lagunapto.org
Arizona,Scottsdale Unified School District,Elementary School,Laguna Elementary School,comm***@lagunapto.org
Arizona,Scottsdale Unified School District,Elementary School,Navajo Elementary School,nava***@gmail.com
Arizona,Scottsdale Unified School District,Elementary School,Pueblo Elementary School,pres***@pueblopto.org
Arizona,Scottsdale Unified School District,Elementary School,Redfield Elementary School,cont***@redfieldpto.com
Arizona,Scottsdale Unified School District,Elementary School,Redfield Elementary School,comm***@redfieldpto.com
Arizona,Scottsdale Unified School District,Elementary School,Sequoya Elementary School,pres***@sequoyaapt.com
Arizona,Scottsdale Unified School District,Elementary School,Sequoya Elementary School,secr***@sequoyaapt.com
Arizona,Scottsdale Unified School District,Elementary School,Tavan Elementary School,pres***@tavanpto.com
Arizona,Scottsdale Unified School District,Elementary School,Tavan Elementary School,secr***@tavanpto.com
Arizona,Scottsdale Unified School District,,Copper Ridge School,pres***@crpto.com
Arizona,Scottsdale Unified School District,,Echo Canyon School,pres***@echocanyonpto.com
Arizona,Scottsdale Unified School District,Middle School,Cocopah Middle School,pres***@cocopahapt.com
Arizona,Scottsdale Unified School District,Middle School,Cocopah Middle School,secr***@cocopahapt.com
Arizona,Scottsdale Unified School District,Middle School,Desert Canyon Middle School,dcms***@gmail.com
Arizona,Scottsdale Unified School District,Middle School,Desert Canyon Middle School,dcms***@gmail.com
Arizona,Scottsdale Unified School District,Middle School,Mohave Middle School,ptom***@gmail.com
Arizona,Scottsdale Unified School District,Middle School,Mountainside Middle School,pres***@mountainsidepto.org
Arizona,Scottsdale Unified School District,High School,Arcadia High School,pres***@arcadiapto.org
Arizona,Scottsdale Unified School District,High School,Arcadia High School,secr***@arcadiapto.org
Arizona,Scottsdale Unified School District,High School,Chaparral High School,pres***@chapts.org
Arizona,Scottsdale Unified School District,High School,Chaparral High School,chap***@gmail.com
Arizona,Scottsdale Unified School District,High School,Desert Mountain High School, pre***@dmpto.org
Arizona,Scottsdale Unified School District,High School,Desert Mountain High School,secr***@dmpto.org
Arizona,Sedona-Oak Creek Joint Unified School District,Elementary School,West Sedona Elementary School,west***@gmail.com
Arizona,Show Low Unified School District,Elementary School,Nikolaus Homestead Elementary School,NHE.***@gmail.com
Arizona,Show Low Unified School District,Elementary School,Whipple Ranch Elementary School,wrep***@yahoo.com
Arizona,Show Low Unified School District,High School,Show Low Jr. High School,sljh***@gmail.com
Arizona,Sierra Vista Unified School District,Elementary School,Bella Vista Elementary School,bobc***@gmail.com
Arizona,Sierra Vista Unified School District,Elementary School,Huachuca Mountain Elementary School,HMbo***@gmail.com
Arizona,Sierra Vista Unified School District,Elementary School,Pueblo Del Sol Elementary,pdsd***@gmail.com
Arizona,Sierra Vista Unified School District,Elementary School,Village Meadows Elementary School,ptov***@gmail.com
Arizona,Sierra Vista Unified School District,Middle School,Joyce Clark Middle School,jcms***@gmail.com
Arizona,Snowflake Unified School District,,Snowflake Junior High,lobo***@gmail.com
Arizona,Snowflake Unified School District,Elementary School,Taylor Elementary School,tept***@gmail.com
Arizona,Snowflake Unified School District,,Taylor Intermediate School,jodi***@gmail.com
Arizona,Somerton Elementary School District,Elementary School,Bravie T. Soto Elementary,essb***@gmail.com
Arizona,Sunnyside Unified School District,Elementary School,Craycroft,myan***@susd12.org
Arizona,Sunnyside Unified School District,Elementary School,Drexel,myan***@susd12.org
Arizona,Sunnyside Unified School District,Elementary School,Elvira,myan***@susd12.org
Arizona,Sunnyside Unified School District,Elementary School,Esperanza,myan***@susd12.org
Arizona,Sunnyside Unified School District,Elementary School,Gallego Primary Fine Arts School,myan***@susd12.org
Arizona,Sunnyside Unified School District,Elementary School,Liberty,myan***@susd12.org
Arizona,Sunnyside Unified School District,Elementary School,Los Amigos Tech Academy,myan***@susd12.org
Arizona,Sunnyside Unified School District,Elementary School,Los Niños,myan***@susd12.org
Arizona,Sunnyside Unified School District,Elementary School,Mission Manor,myan***@susd12.org
Arizona,Sunnyside Unified School District,Elementary School,Rivera,myan***@susd12.org
Arizona,Sunnyside Unified School District,Elementary School,Santa Clara,myan***@susd12.org
Arizona,Sunnyside Unified School District,Elementary School,Sierra K-8 School,myan***@susd12.org
Arizona,Sunnyside Unified School District,Elementary School,Summit View,myan***@susd12.org
Arizona,Sunnyside Unified School District,Middle School,Apollo,myan***@susd12.org
Arizona,Sunnyside Unified School District,Middle School,B. L. Lauffer,myan***@susd12.org
Arizona,Sunnyside Unified School District,Middle School,Challenger,myan***@susd12.org
Arizona,Sunnyside Unified School District,Middle School,Gallego Intermediate,myan***@susd12.org
Arizona,Sunnyside Unified School District,Middle School,Sierra K-8 School,myan***@susd12.org
Arizona,Sunnyside Unified School District,High School,Desert View,myan***@susd12.org
Arizona,Sunnyside Unified School District,High School,Star Academic,myan***@susd12.org
Arizona,Sunnyside Unified School District,High School,Sunnyside,myan***@susd12.org
Arizona,Tanque Verde Unified School District,Elementary School,Tanque Verde Elementary School,pres***@tves-ptg.org
Arizona,Tanque Verde Unified School District,High School,Emily Gray Junior High School,Emil***@gmail.com
Arizona,Tanque Verde Unified School District,High School,Tanque Verde High School,pres***@tvhsptsg.org
Arizona,Tanque Verde Unified School District,High School,Tanque Verde High School,secr***@tvhsptsg.org
Arizona,Tempe Elementary School District,Elementary School,Arredondo Elementary School,arre***@gmail.com
Arizona,Tempe Elementary School District,Academy,ASPIRE Academy at Arredondo,arre***@gmail.com
Arizona,Tempe Elementary School District,Elementary School,Broadmor Elementary School,pres***@broadmorpta.org
Arizona,Tempe Elementary School District,Elementary School,,secr***@broadmorpta.org
Arizona,Tempe Elementary School District,Elementary School,Fuller Elementary School,full***@gmail.com
Arizona,Tempe Elementary School District,,The Immersive 9 at the Arredondo Campus,arre***@gmail.com
Arizona,Tempe Elementary School District,Elementary School,Rover Elementary School,ptar***@gmail.com
Arizona,Tempe Elementary School District,Elementary School,Spracale Elementary School,Spra***@gmail.com
Arizona,Tempe Elementary School District,Elementary School,,Spra***@gmail.com
Arizona,Tempe Elementary School District,Middle School,Fees College Preparatory Middle School,fees***@gmail.com
Arizona,Tempe Elementary School District,Middle School,Mosley Middle School,laur***@tempeschools.org
Arizona,Thatcher Unified School District,Middle School,Thatcher Middle School Grades 7-8,that***@yahoo.com
Arizona,Thatcher Unified School District,Elementary School,Thatcher Elementary School Grades 3-6,that***@yahoo.com
Arizona,Thatcher Unified School District,,Jack Daley Primary School Grades K-2,that***@yahoo.com
Arizona,Thatcher Unified School District,Academy,Eagle Online Academy Grades 7-12,that***@yahoo.com
Arizona,Tucson Unified School District,Middle School,Alice Vail Middle School,hell***@alicevailptsa.org
Arizona,Tucson Unified School District,Elementary School,Banks Elementary,ptob***@gmail.com
Arizona,Tucson Unified School District,Elementary School,Blenman Elementary,Kell***@tusd1.org
Arizona,Tucson Unified School District,Elementary School,Bloom Elementary,Bloo***@gmail.com
Arizona,Tucson Unified School District,Elementary School,Bonillas Traditional Magnet Elementary,sbor***@mail.pima.edu
Arizona,Tucson Unified School District,Elementary School,,fran***@tusd1.org
Arizona,Tucson Unified School District,,Booth-Fickett Math/Science K-8,chan***@tusd1.org
Arizona,Tucson Unified School District,,Borman K-8,borm***@gmail.com
Arizona,Tucson Unified School District,Elementary School,Borton Elementary Magnet School,bort***@gmail.com
Arizona,Tucson Unified School District,,Carrillo K-5 Magnet School,ptoc***@gmail.com
Arizona,Tucson Unified School District,High School,Catalina High School ,norm***@tusd1.org
Arizona,Tucson Unified School District,,CE Rose K-8 (Grades: K-5),favi***@tusd1.org
Arizona,Tucson Unified School District,Elementary School,Cavett Elementary,Caro***@tusd1.org
Arizona,Tucson Unified School District,Elementary School,Collier Elementary,ptac***@gmail.com
Arizona,Tucson Unified School District,Elementary School,Cragin Elementary,crag***@gmail.com
Arizona,Tucson Unified School District,Elementary School,Davidson Elementary,Sara***@tusd1.org
Arizona,Tucson Unified School District,,Davis-Romero,davi***@gmail.com
Arizona,Tucson Unified School District,,Dietz K-8,Virg***@tusd1.org
Arizona,Tucson Unified School District,Middle School,Dodge Traditional Middle Magnet,dodg***@gmail.com
Arizona,Tucson Unified School District,Middle School,Doolen Middle School,dool***@gmail.com
Arizona,Tucson Unified School District,,Drachman Montessori K-8 Magnet School,dian***@live.com
Arizona,Tucson Unified School District,,,marj***@gmail.com
Arizona,Tucson Unified School District,Elementary School,Dunham Elementary,dunh***@gmail.com
Arizona,Tucson Unified School District,Elementary School,Erickson Elementary,Laur***@tusd1.org
Arizona,Tucson Unified School District,Elementary School,Ford Elementary,Ford***@gmail.com
Arizona,Tucson Unified School District,Elementary School,,Heat***@tusd1.org
Arizona,Tucson Unified School District,Elementary School,Fruchthendler Elementary,fruc***@gmail.com
Arizona,Tucson Unified School District,Elementary School,Gale Elementary,chri***@tusd1.org
Arizona,Tucson Unified School District,Middle School,Gridley Middle School,sara***@tusd1.org
Arizona,Tucson Unified School District,Elementary School,Grijalva Elementary,Jess***@tusd1.org
Arizona,Tucson Unified School District,Elementary School,Henry Elementary,henr***@gmail.com
Arizona,Tucson Unified School District,Elementary School,Holladay Fine Arts Elementary Magnet School,Stev***@tusd1.org
Arizona,Tucson Unified School District,Elementary School,,dali***@tusd1.org
Arizona,Tucson Unified School District,,Hollinger K-8,holl***@gmail.com
Arizona,Tucson Unified School District,Elementary School,Howell Elementary,Jaqu***@tusd1.org
Arizona,Tucson Unified School District,Elementary School,Hudlow Elementary,hudl***@gmail.com
Arizona,Tucson Unified School District,Elementary School,Sam Hughes Elementary School,sanh***@gmail.com
Arizona,Tucson Unified School District,High School,Innovation Tech High SChool,Patr***@tusd1.org
Arizona,Tucson Unified School District,,Johnson Primary,suze***@tusd1.org
Arizona,Tucson Unified School District,Elementary School,Kellond Elementary,kell***@gmail.com
Arizona,Tucson Unified School District,Elementary School,Lineweaver Elementary,Line***@gmail.com
Arizona,Tucson Unified School District,Elementary School,Lynn/Urquides Elementary,Dehn***@tusd1.org
Arizona,Tucson Unified School District,Middle School,Magee Middle School,Ashl***@gmail.com
Arizona,Tucson Unified School District,Elementary School,Maldonado Elementary,mald***@tusd1.org
Arizona,Tucson Unified School District,Middle School,Mansfeld Middle Magnet School,mans***@gmail.com
Arizona,Tucson Unified School District,Elementary School,Manzo Elementary,escu***@gmail.com
Arizona,Tucson Unified School District,Elementary School,Marshall Elementary,Dani***@gmail.com
Arizona,Tucson Unified School District,,Mary Meredith K-12,judy***@tusd1.org
Arizona,Tucson Unified School District,,Miles Exploratory Learning Center,jbeg***@outlook.com
Arizona,Tucson Unified School District,Elementary School,Miller Elementary,mill***@tusd1.org
Arizona,Tucson Unified School District,Elementary School,Mission View Elementary,Sand***@tusd1.org
Arizona,Tucson Unified School District,Elementary School,Myers/Ganoung Elementary,kami***@gmail.com
Arizona,Tucson Unified School District,Elementary School,Ochoa Elementary,adol***@tusd1.org
Arizona,Tucson Unified School District,Elementary School,Oyama Elementary,Mari***@tusd1.org
Arizona,Tucson Unified School District,,Palo Verde High Magnet School,Eric***@tusd1.org
Arizona,Tucson Unified School District,High School,Project More High School,isra***@tusd1.org
Arizona,Tucson Unified School District,,Pueblo Gardens K-8,Ange***@tusd1.org
Arizona,Tucson Unified School District,,Pueblo Gardens K-8,anna***@tusd1.org%C2%A0
Arizona,Tucson Unified School District,High School,Pueblo High School,mari***@tusd1.org
Arizona,Tucson Unified School District,High School,Rincon High School,gero***@tusd1.org
Arizona,Tucson Unified School District,,Roberts Naylor K-8,Bern***@tusd1.org
Arizona,Tucson Unified School District,,Robins K-8,Chan***@tusd1.org
Arizona,Tucson Unified School District,,Roskruge Bilingual K-8. Home of the Pumas.,dale***@tusd1.org
Arizona,Tucson Unified School District,High School,Sabino High School,sabi***@gmail.com
Arizona,Tucson Unified School District,,Safford K-8,patr***@tusd1.org
Arizona,Tucson Unified School District,High School,Sahuaro High School,Robe***@tusd1.org
Arizona,Tucson Unified School District,Middle School,Secrist Middle School,Sara***@tusd1.org
Arizona,Tucson Unified School District,Middle School,Secrist Middle School,lara***@tusd1.org
Arizona,Tucson Unified School District,Elementary School,Soleng Tom Elementary,sole***@gmail.com
Arizona,Tucson Unified School District,Elementary School,Steele Elementary,Jess***@TUSD1.org
Arizona,Tucson Unified School District,High School,Teenage Parent High School,isra***@tusd1.org
Arizona,Tucson Unified School District,Elementary School,Tolson Elementary,Ruby***@gmail.com
Arizona,Tucson Unified School District,Elementary School,Tolson Elementary,tere***@gmail.com
Arizona,Tucson Unified School District,,Tucson High Magnet School,Jon.***@tusd1.org
Arizona,Tucson Unified School District,Academy,"Tucson Unified Virtual Academy, K-12 Education",jenn***@gmail.com
Arizona,Tucson Unified School District,Elementary School,Tully Elementary Magnet School,Gert***@tusd1.org
Arizona,Tucson Unified School District,High School,University High School,uhsp***@uhs-pa.org
Arizona,Tucson Unified School District,Middle School,Utterback Middle School,Tara***@tusd1.org
Arizona,Tucson Unified School District,Middle School,Valencia Middle School,Omar***@tusd1.org
Arizona,Tucson Unified School District,Elementary School,Van Buskirk Elementary,Vict***@tusd1.org
Arizona,Tucson Unified School District,Elementary School,Vesey Elementary,vese***@gmail.com
Arizona,Tucson Unified School District,Middle School,Wakefield Middle School,jose***@tusd1.org
Arizona,Tucson Unified School District,Elementary School,Wheeler Elementary,rosa***@tusd1.org
Arizona,Tucson Unified School District,Elementary School,White Elementary,whit***@gmail.com
Arizona,Tucson Unified School District,Elementary School,Whitmore Elementary,Gabr***@tusd1.org
Arizona,Tucson Unified School District,Elementary School,Wright Elementary,mama***@gmail.com
Arizona,Tucson Unified School District,Elementary School,,Bren***@tusd1.org
Arizona,Vail Unified School District,Elementary School,Acacia Elementary School,acap***@vailschooldistrict.org
Arizona,Vail Unified School District,,Civano Community K-8 School,civa***@gmail.com
Arizona,Vail Unified School District,Elementary School,Copper Ridge Elementary School,Copp***@gmail.com
Arizona,Vail Unified School District,Elementary School,Desert Willow Elementary School,dwep***@gmail.com
Arizona,Vail Unified School District,,Esmond Station K-8 School,esmo***@gmail.com
Arizona,Vail Unified School District,Elementary School,Mesquite Elementary School,mes.***@gmail.com
Arizona,Vail Unified School District,Elementary School,Ocotillo Ridge Elementary School,ocot***@gmail.com
Arizona,Vail Unified School District,,Saguaro Creek K-8 School,sagu***@gmail.com
Arizona,Vail Unified School District,Elementary School,Sycamore Elementary School,pres***@sycamorepta.org
Arizona,Vail Unified School District,Elementary School,Sycamore Elementary School,secr***@sycamorepta.org
Arizona,Vail Unified School District,Middle School,Corona Foothills Middle School,ptsa***@gmail.com
Arizona,Vail Unified School District,Middle School,Desert Sky Middle School,dese***@gmail.com
Arizona,Vail Unified School District,Middle School,Old Vail Middle School,oldv***@gmail.com
Arizona,Vail Unified School District,Middle School,Rincon Vista Middle School,pres***@rinconvistapto.org
Arizona,Vail Unified School District,Middle School,Rincon Vista Middle School,secr***@rinconvistapto.org
Arizona,Vail Unified School District,High School,Vail Academy and High School,vahs***@gmail.com
Arizona,Vail Unified School District,High School,Andrada Polytechnic High School,aphs***@gmail.com
Arizona,Vail Unified School District,High School,Empire High School,ehs-***@vailschooldistrict.org
Arizona,Vail Unified School District,High School,Mica Mountain High School,mmhs***@vailschooldistrict.org
Arizona,Washington Elementary School District,Elementary School,Acacia Elementary,info***@acaciaowlspta.org
Arizona,Washington Elementary School District,Elementary School,Cactus Wren Elementary,pto.***@gmail.com
Arizona,Washington Elementary School District,Middle School,Cholla Middle School,info***@chargersptsa.com
Arizona,Washington Elementary School District,High School,Desert Foothills Jr. High School,dese***@gmail.com
Arizona,Washington Elementary School District,Elementary School,Ironwood Elementary,info***@ironwoodpto.org
Arizona,Washington Elementary School District,Elementary School,John Jacobs Elementary,John***@gmail.com
Arizona,Washington Elementary School District,Elementary School,Lookout Mountain Elementary, loo***@gmail.com
Arizona,Washington Elementary School District,Elementary School,Moon Mountain Elementary,moon***@gmail.com
Arizona,Washington Elementary School District,,Mountain View School,Juli***@Gmail.com
Arizona,Washington Elementary School District,Elementary School,Sahuaro Elementary,info***@sahuaropta.org
Arizona,Washington Elementary School District,Elementary School,Sunburst Elementary,sunb***@gmail.com
Arizona,Washington Elementary School District,,Sunnyslope School,Eagl***@gmail.com
Arizona,Washington Elementary School District,,Sweetwater School,Jogj***@gmail.com
Arizona,Wickenburg Unified School District,Elementary School,Festival Foothills Elementary,wick***@gmail.com
Arizona,Wickenburg Unified School District,Elementary School,Hassayampa Elementary School,wick***@gmail.com
Arizona,Wickenburg Unified School District,Middle School,Vulture Peak Middle School,wick***@gmail.com
Arizona,Wickenburg Unified School District,High School,Wickenburg High School, inf***@wranglerboosters.org
Arizona,Wickenburg Unified School District,Academy,Wickenburg Virtual Academy,wick***@gmail.com
Arizona,Yarnell Elementary School District,Elementary School,Yarnell Elementary School,r.pe***@gmail.com
Arizona,Yuma Elementary School District,,Alice Byrne School,alic***@gmail.com
Arizona,Yuma Elementary School District,Elementary School,Sunrise Elementary,sunr***@gmail.com
Arizona,Yuma Elementary School District,Middle School,Ron Watson Middle School,ronw***@gmail.com
North Carolina,Alamance-Burlington School System,Elementary School,Alexander Wilson Elementary School,volu***@awepto.org
North Carolina,Alamance-Burlington School System,Elementary School,Alexander Wilson Elementary School,pres***@awepto.org
North Carolina,Alamance-Burlington School System,Elementary School,Alexander Wilson Elementary School,secr***@awepto.org
North Carolina,Alamance-Burlington School System,Elementary School,Altamahaw-Ossipee Elementary School,aopt***@gmail.com
North Carolina,Alamance-Burlington School System,Elementary School,Audrey W. Garrett Elementary School,Gato***@gmail.com
North Carolina,Alamance-Burlington School System,Elementary School,Eastlawn Elementary School,East***@outlook.com
North Carolina,Alamance-Burlington School System,Elementary School,Elon Elementary School,ptoe***@gmail.com
North Carolina,Alamance-Burlington School System,Elementary School,E. M. Holt Elementary School,emho***@gmail.com
North Carolina,Alamance-Burlington School System,Elementary School,E. M. Yoder Elementary School,apta***@gmail.com
North Carolina,Alamance-Burlington School System,Elementary School,Grove Park Elementary School,Grov***@gmail.com
North Carolina,Alamance-Burlington School System,Elementary School,Highland Elementary School,high***@gmail.com
North Carolina,Alamance-Burlington School System,Elementary School,Hillcrest Elementary School,hill***@gmail.com
North Carolina,Alamance-Burlington School System,Elementary School,Marvin B. Smith Elementary School,info***@smithpto.org
North Carolina,Alamance-Burlington School System,Elementary School,South Mebane Elementary School,smep***@gmail.com
North Carolina,Alamance-Burlington School System,Elementary School,Sylvan Elementary School,ashl***@gmail.com
North Carolina,Alamance-Burlington School System,High School,Graham High School,GHSP***@GMAIL.COM
North Carolina,Alamance-Burlington School System,High School,Hugh M. Cummings High School,clif***@abss.k12.nc.us.
North Carolina,Alamance-Burlington School System,High School,Walter M. Williams High School,wwhs***@gmail.com
North Carolina,Alamance-Burlington School System,High School,Western Alamance High School,wahi***@gmail.com
North Carolina,Alamance-Burlington School System,High School,Western Alamance High School,waab***@gmail.com
North Carolina,Ashe County Schools,Elementary School,Mountain View Elementary School,mves***@gmail.com
North Carolina,Asheboro City Schools,Elementary School,Balfour Elementary School,balf***@gmail.com
North Carolina,Asheboro City Schools,Elementary School,Donna Lee Loflin Elementary School,hern***@yahoo.com  
North Carolina,Asheboro City Schools,Elementary School,Donna Lee Loflin Elementary School,dama***@gmail.com 
North Carolina,Asheboro City Schools,Elementary School,Lindley Park Elementary School,kcmc***@gmail.com
North Carolina,Asheville City Schools,Elementary School,Claxton Elementary School,copr***@claxtonfamilies.com
North Carolina,Asheville City Schools,Elementary School,Hall Fletcher Elementary School,hfep***@gmail.com
North Carolina,Asheville City Schools,Elementary School,Ira B. Jones Elementary School,irab***@gmail.com
North Carolina,Asheville City Schools,Middle School,Asheville Middle School,jo.l***@acsgmail.net
North Carolina,Asheville City Schools,Middle School,Asheville Middle School,eliz***@acsgmail.net
North Carolina,Asheville City Schools,High School,Asheville High School,coug***@gmail.com
North Carolina,Brunswick County Schools,High School,Early College High School,BCEC***@GMAIL.COM
North Carolina,Brunswick County Schools,Middle School,Leland Middle,LMSP***@gmail.com
North Carolina,Brunswick County Schools,Elementary School,Southport Elementary,sout***@yahoo.com
North Carolina,Brunswick County Schools,Elementary School,Town Creek Elementary,town***@gmail.com
North Carolina,Buncombe County Schools,Elementary School,Black Mountain Elementary,bmpr***@gmail.com
North Carolina,Buncombe County Schools,,Black Mountain Primary,info***@blackmountainpto.org
North Carolina,Buncombe County Schools,,Black Mountain Primary,pres***@blackmountainpto.org
North Carolina,Buncombe County Schools,,Black Mountain Primary,secr***@blackmountainpto.org
North Carolina,Buncombe County Schools,Elementary School,Candler Elementary,cand***@gmail.com
North Carolina,Buncombe County Schools,Elementary School,Charles C. Bell Elementary,dann***@bcsemail.org
North Carolina,Buncombe County Schools,Elementary School,Fairview Elementary,Pres***@gmail.com
North Carolina,Buncombe County Schools,Elementary School,Glen Arden Elementary,glen***@gmail.com
North Carolina,Buncombe County Schools,Elementary School,Haw Creek Elementary,ptah***@gmail.com
North Carolina,Buncombe County Schools,Elementary School,Hominy Valley Elementary,Homi***@gmail.com
North Carolina,Buncombe County Schools,Elementary School,Johnston Elementary,PTOJ***@gmail.com
North Carolina,Buncombe County Schools,Elementary School,Leicester Elementary,leic***@gmail.com
North Carolina,Buncombe County Schools,Elementary School,North Buncombe Elementary,nbes***@gmail.com
North Carolina,Buncombe County Schools,Elementary School,Oakley Elementary,oakl***@gmail.com
North Carolina,Buncombe County Schools,Elementary School,Sand Hill-Venable Elementary,SVHe***@gmail.com
North Carolina,Buncombe County Schools,Elementary School,W. D. Williams Elementary,wdwi***@gmail.com
North Carolina,Buncombe County Schools,,Weaverville Primary,weav***@gmail.com
North Carolina,Buncombe County Schools,Elementary School,William W. Estes Elementary,wwes***@gmail.com
North Carolina,Buncombe County Schools,Elementary School,West Buncombe Elementary,West***@gmail.com
North Carolina,Buncombe County Schools,Elementary School,Woodfin Elementary,mira***@bcsemail.org
North Carolina,Buncombe County Schools,,Charles T. Koontz Intermediate,ctko***@gmail.com
North Carolina,Buncombe County Schools,,North Windy Ridge Intermediate,nwrp***@gmail.com
North Carolina,Buncombe County Schools,Middle School,A.C. Reynolds Middle,acrm***@gmail.com
North Carolina,Buncombe County Schools,Middle School,Cane Creek Middle,cane***@gmail.com
North Carolina,Buncombe County Schools,Middle School,C.D. Owen Middle,pto4***@gmail.com
North Carolina,Buncombe County Schools,Middle School,Clyde A. Erwin Middle,stac***@yahoo.com
North Carolina,Buncombe County Schools,Middle School,Enka Middle,enka***@gmail.com 
North Carolina,Buncombe County Schools,Middle School,North Buncombe Middle,nbms***@gmail.com
North Carolina,Buncombe County Schools,Middle School,Valley Springs Middle,ptav***@gmail.com
North Carolina,Buncombe County Schools,High School,A.C. Reynolds High,acre***@gmail.com
North Carolina,Buncombe County Schools,High School,A.C. Reynolds High,acrh***@gmail.com
North Carolina,Buncombe County Schools,High School,A.C. Reynolds High,acrh***@gmail.com
North Carolina,Buncombe County Schools,High School,Charles D. Owen High,owen***@gmail.com
North Carolina,Buncombe County Schools,Academy,Martin L. Nesbitt Discovery Academy,ndac***@gmail.com
North Carolina,Buncombe County Schools,High School,North Buncombe High,ptso***@gmail.com
North Carolina,Buncombe County Schools,High School,T.C. Roberson High,tcro***@gmail.com
North Carolina,Cabarrus County Schools,,Cabarrus Early College of Technology,Cobr***@gmail.com
North Carolina,Cabarrus County Schools,High School,Central Cabarrus High School,ptso***@gmail.com
North Carolina,Cabarrus County Schools,High School,Concord High School,conc***@gmail.com
North Carolina,Cabarrus County Schools,High School,Cox Mill High School,cmhs***@gmail.com
North Carolina,Cabarrus County Schools,High School,Early College High School,echs***@gmail.com
North Carolina,Cabarrus County Schools,High School,Hickory Ridge High School,hrhs***@gmail.com
North Carolina,Cabarrus County Schools,High School,Jay M Robinson High School Webmaster,JMRH***@gmail.com
North Carolina,Cabarrus County Schools,High School,Mount Pleasant High School,mphs***@gmail.com
North Carolina,Cabarrus County Schools,High School,Northwest Cabarrus High School,tpsm***@gmail.com
North Carolina,Cabarrus County Schools,High School,Northwest Cabarrus High School,brig***@gmail.com
North Carolina,Cabarrus County Schools,Middle School,C C Griffin STEM Middle,ccgr***@gmail.com
North Carolina,Cabarrus County Schools,Middle School,Harris Road Middle,HRMS***@gmail.com
North Carolina,Cabarrus County Schools,Middle School,Harris Road Middle,HRMS***@gmail.com
North Carolina,Cabarrus County Schools,Middle School,Hickory Ridge Middle,jess***@gmail.com
North Carolina,Cabarrus County Schools,Middle School,J N Fries Middle, kni***@gmail.com
North Carolina,Cabarrus County Schools,Middle School,Mount Pleasant Middle,mpmi***@gmail.com
North Carolina,Cabarrus County Schools,Middle School,Northwest Cabarrus STEM Middle,nwcm***@gmail.com
North Carolina,Cabarrus County Schools,Middle School,Roberta Road Middle,robe***@gmail.com
North Carolina,Cabarrus County Schools,Elementary School,A T Allen Elementary,atal***@gmail.com
North Carolina,Cabarrus County Schools,Elementary School,Carl A Furr Elementary,furr***@gmail.com
North Carolina,Cabarrus County Schools,Elementary School,Charles E Boger Elementary,boge***@gmail.com
North Carolina,Cabarrus County Schools,Elementary School,Coltrane-Webb STEM Elementary,cwpt***@gmail.com
North Carolina,Cabarrus County Schools,Elementary School,Cox Mill Elementary,boar***@coxmillpto.org
North Carolina,Cabarrus County Schools,Elementary School,Cox Mill Elementary,pres***@coxmillpto.org
North Carolina,Cabarrus County Schools,Elementary School,Cox Mill Elementary,secr***@coxmillpto.org
North Carolina,Cabarrus County Schools,Elementary School,Harrisburg Elementary,pres***@stingerpto.org
North Carolina,Cabarrus County Schools,Elementary School,Hickory Ridge Elementary,info***@hrespto.org
North Carolina,Cabarrus County Schools,Elementary School,Mount Pleasant Elementary,mpes***@gmail.com
North Carolina,Cabarrus County Schools,Elementary School,Patriots STEM Elementary,pres***@gmail.com
North Carolina,Cabarrus County Schools,Elementary School,Pitts School Road Elementary,ptop***@gmail.com
North Carolina,Cabarrus County Schools,Elementary School,R Brown McAllister STEM Elementary,rbmp***@gmail.com 
North Carolina,Cabarrus County Schools,Elementary School,Rocky River Elementary,cont***@gmail.com
North Carolina,Cabarrus County Schools,Elementary School,W M Irvin Elementary,PTOW***@gmail.com
North Carolina,Cabarrus County Schools,Elementary School,W R Odell Elementary,pres***@wrodellpta.org
North Carolina,Cabarrus County Schools,Elementary School,W R Odell Elementary,secr***@wrodellpta.org
North Carolina,Cabarrus County Schools,,W R Odell Primary,pres***@wrodellpta.org
North Carolina,Cabarrus County Schools,,W R Odell Primary,secr***@wrodellpta.org
North Carolina,Cabarrus County Schools,Elementary School,Weddington Hills Elementary,Wedd***@gmail.com
North Carolina,Cabarrus County Schools,Elementary School,Wolf Meadow Elementary,wolf***@gmail.com
North Carolina,Cabarrus County Schools,,Royal Oaks School of the Arts,roya***@gmail.com
North Carolina,Caldwell County Schools,Elementary School,Dudley Shoals Elementary,PTOD***@gmail.com
North Carolina,Caldwell County Schools,,Happy Valley School,hvpt***@caldwellschools.com
North Carolina,Caldwell County Schools,Elementary School,Hudson Elementary,huds***@gmail.com
North Carolina,Caldwell County Schools,,Kings Creek School,cdun***@att.net
North Carolina,Caldwell County Schools,,Kings Creek School,sadi***@gmail.com
North Carolina,Caldwell County Schools,Elementary School,Whitnel Elementary,scra***@caldwellschools.com
North Carolina,Caldwell County Schools,Middle School,William Lenoir Middle,Will***@gmail.com
North Carolina,Carteret County Public Schools,Elementary School,Atlantic Elementary,aesp***@gmail.com
North Carolina,Carteret County Public Schools,Elementary School,Bogue Sound Elementary,bogu***@gmail.com
North Carolina,Carteret County Public Schools,,Morehead City Primary,pto.***@gmail.com
North Carolina,Carteret County Public Schools,Elementary School,White Oak Elementary,woes***@gmail.com
North Carolina,Carteret County Public Schools,Middle School,Broad Creek Middle,ahil***@gmail.com
North Carolina,Carteret County Public Schools,Middle School,Broad Creek Middle,heat***@gmail.com
North Carolina,Carteret County Public Schools,Middle School,Morehead City Middle,mcms***@gmail.com
North Carolina,Carteret County Public Schools,High School,West Carteret High,tiff***@carteretk12.org
North Carolina,Caswell County Schools,Middle School,N.L. Dillard Middle School,NLDi***@gmail.com
North Carolina,Catawba County Schools,High School,Fred T Foard High,ftfa***@gmail.com
North Carolina,Catawba County Schools,Elementary School,Blackburn Elementary,Blac***@gmail.com
North Carolina,Catawba County Schools,Elementary School,Mountain View Elementary,mves***@gmail.com
North Carolina,Catawba County Schools,Elementary School,Mountain View Elementary,mves***@gmail.com
North Carolina,Catawba County Schools,Elementary School,Mountain View Elementary,mves***@gmail.com
North Carolina,Catawba County Schools,Elementary School,Startown Elementary,star***@gmail.com
North Carolina,Chapel Hill-Carrboro City Schools,Elementary School,Carrboro Elementary,pta@***@carrboropta.org
North Carolina,Chapel Hill-Carrboro City Schools,High School,Carrboro High School,Vice***@carrborohighPTSA.org
North Carolina,Chapel Hill-Carrboro City Schools,High School,Carrboro High School,Pres***@carrborohighptsa.org
North Carolina,Chapel Hill-Carrboro City Schools,High School,Chapel Hill High School,CHHS***@gmail.com
North Carolina,Chapel Hill-Carrboro City Schools,Middle School,Culbreth Middle School,Culb***@gmail.com
North Carolina,Chapel Hill-Carrboro City Schools,High School,East Chapel Hill High School,pres***@echhsptsa.org
North Carolina,Chapel Hill-Carrboro City Schools,High School,East Chapel Hill High School,secr***@echhsptsa.org
North Carolina,Chapel Hill-Carrboro City Schools,Elementary School,Ephesus Elementary,pres***@ephesuspta.org
North Carolina,Chapel Hill-Carrboro City Schools,Elementary School,Estes Hills Elementary,este***@gmail.com
North Carolina,Chapel Hill-Carrboro City Schools,Elementary School,Frank Porter Graham Elementary,fpgp***@gmail.com
North Carolina,Chapel Hill-Carrboro City Schools,Elementary School,Glenwood Elementary,glen***@gmail.com
North Carolina,Chapel Hill-Carrboro City Schools,Elementary School,McDougle Elementary,pres***@mesptanc.org
North Carolina,Chapel Hill-Carrboro City Schools,Elementary School,McDougle Elementary,serc***@mesptanc.org
North Carolina,Chapel Hill-Carrboro City Schools,Middle School,C&L McDougle Middle School,mmsp***@gmail.com
North Carolina,Chapel Hill-Carrboro City Schools,Middle School,C&L McDougle Middle School,mmsp***@gmail.com
North Carolina,Chapel Hill-Carrboro City Schools,Elementary School,Morris Grove Elementary,mgep***@gmail.com
North Carolina,Chapel Hill-Carrboro City Schools,Elementary School,Northside Elementary School,nort***@gmail.com
North Carolina,Chapel Hill-Carrboro City Schools,Middle School,Guy B. Phillips Middle School,phil***@gmail.com
North Carolina,Chapel Hill-Carrboro City Schools,Elementary School,Rashkis Elementary,rash***@gmail.com
North Carolina,Chapel Hill-Carrboro City Schools,Elementary School,Scroggs Elementary,scro***@gmail.com
North Carolina,Chapel Hill-Carrboro City Schools,Elementary School,Seawell Elementary,info***@seawellpta.com
North Carolina,Chapel Hill-Carrboro City Schools,Middle School,Smith Middle School,smit***@gmail.com
North Carolina,Charlotte-Mecklenburg Schools,Elementary School,Bain Elementary School,Bain***@gmail.com
North Carolina,Charlotte-Mecklenburg Schools,Elementary School,Ballantyne Elementary School,ball***@gmail.com
North Carolina,Charlotte-Mecklenburg Schools,Elementary School,Barnette Elementary School,barn***@gmail.com
North Carolina,Charlotte-Mecklenburg Schools,Elementary School,Beverly Woods Elementary School,pres***@gmail.com
North Carolina,Charlotte-Mecklenburg Schools,Elementary School,Beverly Woods Elementary School,lisa***@gmail.com
North Carolina,Charlotte-Mecklenburg Schools,,Chantilly Montessori School,chan***@gmail.com
North Carolina,Charlotte-Mecklenburg Schools,,Chantilly Montessori School,chan***@gmail.com
North Carolina,Charlotte-Mecklenburg Schools,,Charles H. Parker Academic Center,park***@gmail.com
North Carolina,Charlotte-Mecklenburg Schools,Academy,Collinswood Language Academy,info***@collinswoodpta.com
North Carolina,Charlotte-Mecklenburg Schools,Elementary School,Cornelius Elementary School,admi***@corneliuspto.org
North Carolina,Charlotte-Mecklenburg Schools,Elementary School,Cornelius Elementary School,jami***@gmail.com
North Carolina,Charlotte-Mecklenburg Schools,Elementary School,Cornelius Elementary School,kris***@lester.com
North Carolina,Charlotte-Mecklenburg Schools,,Croft Community School,crof***@gmail.com
North Carolina,Charlotte-Mecklenburg Schools,Elementary School,Davidson Elementary School,davi***@davidsonpto.org
North Carolina,Charlotte-Mecklenburg Schools,Elementary School,Dilworth Elementary,dilw***@gmail.com
North Carolina,Charlotte-Mecklenburg Schools,Elementary School,Elizabeth Lane Elementary School,elep***@gmail.com
North Carolina,Charlotte-Mecklenburg Schools,Elementary School,Endhaven Elementary School,endh***@cms.k12.nc.us
North Carolina,Charlotte-Mecklenburg Schools,Elementary School,Grand Oak Elementary School,gran***@gmail.com
North Carolina,Charlotte-Mecklenburg Schools,Elementary School,Hawk Ridge Elementary School,comm***@hawkridgepta.org
North Carolina,Charlotte-Mecklenburg Schools,Elementary School,Hawk Ridge Elementary School,volu***@hawkridgepta.org
North Carolina,Charlotte-Mecklenburg Schools,Elementary School,Highland Creek Elementary School,pres***@gmail.com
North Carolina,Charlotte-Mecklenburg Schools,Elementary School,Highland Creek Elementary School,vice***@gmail.com
North Carolina,Charlotte-Mecklenburg Schools,Elementary School,Highland Mill Montessori Elementary School,high***@gmail.com
North Carolina,Charlotte-Mecklenburg Schools,Elementary School,Hornets Nest Elementary School,1hor***@gmail.com
North Carolina,Charlotte-Mecklenburg Schools,Elementary School,Huntersville Elementary School,hesp***@gmail.com
North Carolina,Charlotte-Mecklenburg Schools,Elementary School,Idlewild Elementary School,ptai***@gmail.com
North Carolina,Charlotte-Mecklenburg Schools,,Irwin Academic Center,pres***@irwinpta.org
North Carolina,Charlotte-Mecklenburg Schools,Elementary School,Knights View Elementary School,kves***@gmail.com
North Carolina,Charlotte-Mecklenburg Schools,Elementary School,Lebanon Road Elementary School,Leba***@gmail.com
North Carolina,Charlotte-Mecklenburg Schools,Elementary School,Long Creek Elementary School,lces***@gmail.com
North Carolina,Charlotte-Mecklenburg Schools,Elementary School,McAlpine Elementary School,walk***@gmail.com
North Carolina,Charlotte-Mecklenburg Schools,Elementary School,McAlpine Elementary School,kend***@gmail.com
North Carolina,Charlotte-Mecklenburg Schools,Elementary School,McKee Road Elementary School,mcke***@gmail.com
North Carolina,Charlotte-Mecklenburg Schools,Elementary School,Mint Hill Elementary School,ptao***@gmail.com
North Carolina,Charlotte-Mecklenburg Schools,Elementary School,Myers Park Traditional Elementary School,ptap***@gmail.com
North Carolina,Charlotte-Mecklenburg Schools,Elementary School,Myers Park Traditional Elementary School,secr***@gmail.com
North Carolina,Charlotte-Mecklenburg Schools,Academy,Oakhurst STEAM Academy,oakh***@gmail.com
North Carolina,Charlotte-Mecklenburg Schools,Academy,Oaklawn Language Academy,jess***@gmail.com
North Carolina,Charlotte-Mecklenburg Schools,Elementary School,Olde Providence Elementary School,info***@opknightspta.com
North Carolina,Charlotte-Mecklenburg Schools,Elementary School,Palisades Park Elementary,phsp***@gmail.com
North Carolina,Charlotte-Mecklenburg Schools,Academy,Dorothy J. Vaughan Academy of Technology at Parkside,pta.***@gmail.com
North Carolina,Charlotte-Mecklenburg Schools,Elementary School,Polo Ridge Elementary School,magg***@gmail.com
North Carolina,Charlotte-Mecklenburg Schools,Elementary School,Polo Ridge Elementary School,angu***@gmail.com
North Carolina,Charlotte-Mecklenburg Schools,Academy,Rea Farms STEAM Academy,info***@reafarmspta.org
North Carolina,Charlotte-Mecklenburg Schools,Elementary School,River Gate Elementary School,Rive***@gmail.com
North Carolina,Charlotte-Mecklenburg Schools,Elementary School,Selwyn Elementary School,selw***@gmail.com
North Carolina,Charlotte-Mecklenburg Schools,Elementary School,Stoney Creek Elementary School,scep***@gmail.com
North Carolina,Charlotte-Mecklenburg Schools,Elementary School,Torrence Creek Elementary School,tcea***@gmail.com
North Carolina,Charlotte-Mecklenburg Schools,Elementary School,J.V. Washam Elementary School,jvwa***@gmail.com
North Carolina,Charlotte-Mecklenburg Schools,Elementary School,J.V. Washam Elementary School,orne***@gmail.com
North Carolina,Charlotte-Mecklenburg Schools,Elementary School,J.V. Washam Elementary School,lisa***@gmail.com
North Carolina,Charlotte-Mecklenburg Schools,Academy,Whitewater Academy,whit***@gmail.com
North Carolina,Charlotte-Mecklenburg Schools,Elementary School,Winget Park Elementary School,wing***@gmail.com
North Carolina,Chatham County Schools,Elementary School,Chatham Grove Elementary School,Pres***@ChathamGrovePTA.com
North Carolina,Chatham County Schools,Elementary School,North Chatham Elementary School,ncs.***@gmail.com
North Carolina,Chatham County Schools,Elementary School,North Chatham Elementary School,whit***@yahoo.com
North Carolina,Chatham County Schools,Elementary School,Perry Harrison Elementary,fosu***@email.unc.edu
North Carolina,Chatham County Schools,Elementary School,Perry Harrison Elementary,Rhia***@hotmail.com
North Carolina,Chatham County Schools,Elementary School,Siler City Elementary,writ***@chatham.k12.nc.us
North Carolina,Chatham County Schools,,Bennett School,benn***@gmail.com
North Carolina,Chatham County Schools,,J.S. Waters School,aawh***@gmail.com
North Carolina,Chatham County Schools,,Silk Hope School,silk***@gmail.com
North Carolina,Chatham County Schools,,Silk Hope School,lowr***@gmail.com
North Carolina,Chatham County Schools,Middle School,George Moses Horton Middle,gmhp***@gmail.com
North Carolina,Chatham County Schools,Middle School,George Moses Horton Middle,gmhp***@gmail.com
North Carolina,Chatham County Schools,Middle School,George Moses Horton Middle,gmhp***@gmail.com
North Carolina,Chatham County Schools,Middle School,Margaret B. Pollard Middle School,la.s***@yahoo.com
North Carolina,Chatham County Schools,Middle School,Margaret B. Pollard Middle School,tara***@gmail.com
North Carolina,Chatham County Schools,,Chatham Early College,admi***@chathamcipta.org
North Carolina,Chatham County Schools,High School,Northwood High School,webm***@nhsbfaa.org
North Carolina,Cleveland County Schools,Elementary School,Boiling Springs Elementary,boil***@gmail.com
North Carolina,Cleveland County Schools,Elementary School,Casar Elementary,ptoc***@gmail.com
North Carolina,Cleveland County Schools,Elementary School,Springmore Elementary,Spri***@gmail.com
North Carolina,Cleveland County Schools,High School,Shelby High,shel***@gmail.com
North Carolina,Clinton City Schools,Elementary School,Butler Avenue Elementary,Butl***@gmail.com
North Carolina,Clinton City Schools,Elementary School,Langdon C. Kerr Elementary,Kerr***@gmail.com
North Carolina,Clinton City Schools,Elementary School,Sunset Avenue Elementary,suns***@gmail.com
North Carolina,Craven County Schools,Elementary School,A.H. Bangert Elementary School,ahba***@gmail.com
North Carolina,Craven County Schools,Elementary School,Arthur W. Edwards Elementary School,awew***@gmail.com
North Carolina,Craven County Schools,Elementary School,Ben D. Quinn Elementary School,eliz***@cravenk12.org
North Carolina,Craven County Schools,High School,Early College EAST High School,ecep***@gmail.com
North Carolina,Craven County Schools,Middle School,Grover C. Fields Middle School,gcfp***@gmail.com
North Carolina,Craven County Schools,High School,New Bern High School,newb***@gmail.com
North Carolina,Craven County Schools,High School,New Bern High School,natr***@gmail.com
North Carolina,Craven County Schools,High School,New Bern High School,orga***@gmail.com
North Carolina,Craven County Schools,Elementary School,W.J. Gurganus Elementary School,wjgu***@gmail.com
North Carolina,Cumberland County Schools,Elementary School,Alderman Road,Cumb***@gmail.com
North Carolina,Cumberland County Schools,Elementary School,Alma Easom,Cumb***@gmail.com
North Carolina,Cumberland County Schools,Elementary School,Armstrong,Cumb***@gmail.com
North Carolina,Cumberland County Schools,Elementary School,Ashley,Cumb***@gmail.com
North Carolina,Cumberland County Schools,Elementary School,Beaver Dam,Cumb***@gmail.com
North Carolina,Cumberland County Schools,Elementary School,Benjamin Martin,Cumb***@gmail.com
North Carolina,Cumberland County Schools,Elementary School,Bill Hefner,Cumb***@gmail.com
North Carolina,Cumberland County Schools,Elementary School,Brentwood,Cumb***@gmail.com
North Carolina,Cumberland County Schools,Elementary School,C. Wayne Collier,Cumb***@gmail.com
North Carolina,Cumberland County Schools,Elementary School,Cliffdale,Cumb***@gmail.com
North Carolina,Cumberland County Schools,Elementary School,College Lakes,Cumb***@gmail.com
North Carolina,Cumberland County Schools,Academy,Cumberland Academy K-5,Cumb***@gmail.com
North Carolina,Cumberland County Schools,Elementary School,Cumberland Mills,Cumb***@gmail.com
North Carolina,Cumberland County Schools,Elementary School,Cumberland Road,Cumb***@gmail.com
North Carolina,Cumberland County Schools,Elementary School,District 7,Cumb***@gmail.com
North Carolina,Cumberland County Schools,Elementary School,E. Melvin Honeycutt,Hone***@gmail.com
North Carolina,Cumberland County Schools,Elementary School,E.E. Miller,Cumb***@gmail.com
North Carolina,Cumberland County Schools,Elementary School,Eastover Central,Cumb***@gmail.com
North Carolina,Cumberland County Schools,Elementary School,Ed V. Baldwin,Cumb***@gmail.com
North Carolina,Cumberland County Schools,Elementary School,Elizabeth Cashwell,Cumb***@gmail.com
North Carolina,Cumberland County Schools,Elementary School,Ferguson-Easley,Cumb***@gmail.com
North Carolina,Cumberland County Schools,Elementary School,Gallberry Farm,Cumb***@gmail.com
North Carolina,Cumberland County Schools,Elementary School,Glendale Acres,Cumb***@gmail.com
North Carolina,Cumberland County Schools,Elementary School,Gray's Creek,Cumb***@gmail.com
North Carolina,Cumberland County Schools,Elementary School,Howard Hall,Cumb***@gmail.com
North Carolina,Cumberland County Schools,Elementary School,J.W. Coon,Cumb***@gmail.com
North Carolina,Cumberland County Schools,Elementary School,J.W. Seabrook,Cumb***@gmail.com
North Carolina,Cumberland County Schools,Elementary School,Lake Rim,Cumb***@gmail.com
North Carolina,Cumberland County Schools,Elementary School,Long Hill,Cumb***@gmail.com
North Carolina,Cumberland County Schools,Elementary School,Loyd Auman,Cumb***@gmail.com
North Carolina,Cumberland County Schools,Elementary School,Lucile Souders,Cumb***@gmail.com
North Carolina,Cumberland County Schools,Elementary School,Manchester,Cumb***@gmail.com
North Carolina,Cumberland County Schools,Elementary School,Margaret Willis,Cumb***@gmail.com
North Carolina,Cumberland County Schools,Elementary School,Mary McArthur,Cumb***@gmail.com
North Carolina,Cumberland County Schools,Elementary School,Montclair,Cumb***@gmail.com
North Carolina,Cumberland County Schools,Elementary School,Morganton Road,Cumb***@gmail.com
North Carolina,Cumberland County Schools,Elementary School,New Century International,Cumb***@gmail.com
North Carolina,Cumberland County Schools,Elementary School,Ponderosa,Cumb***@gmail.com
North Carolina,Cumberland County Schools,Elementary School,Raleigh Road,Cumb***@gmail.com
North Carolina,Cumberland County Schools,Elementary School,Rockfish,Cumb***@gmail.com
North Carolina,Cumberland County Schools,Elementary School,Sherwood Park,Cumb***@gmail.com
North Carolina,Cumberland County Schools,Elementary School,Stedman,Cumb***@gmail.com
North Carolina,Cumberland County Schools,Elementary School,Stedman Primary,Cumb***@gmail.com
North Carolina,Cumberland County Schools,Elementary School,Stoney Point,Cumb***@gmail.com
North Carolina,Cumberland County Schools,Elementary School,Sunnyside,Cumb***@gmail.com
North Carolina,Cumberland County Schools,Elementary School,Vanstory Hills,Cumb***@gmail.com
North Carolina,Cumberland County Schools,Elementary School,W.T. Brown,Cumb***@gmail.com
North Carolina,Cumberland County Schools,Elementary School,Walker-Spivey,Cumb***@gmail.com
North Carolina,Cumberland County Schools,Elementary School,Warrenwood,Cumb***@gmail.com
North Carolina,Cumberland County Schools,Elementary School,Westarea,Cumb***@gmail.com
North Carolina,Cumberland County Schools,Elementary School,William H. Owen,Cumb***@gmail.com
North Carolina,Cumberland County Schools,Middle School,Anne Chesnutt,Cumb***@gmail.com
North Carolina,Cumberland County Schools,Academy,Cumberland Academy 6-12,Cumb***@gmail.com
North Carolina,Cumberland County Schools,Middle School,Douglas Byrd,dbms***@gmail.com
North Carolina,Cumberland County Schools,Middle School,Gray's Creek,Cumb***@gmail.com
North Carolina,Cumberland County Schools,Middle School,Hope Mills,Cumb***@gmail.com
North Carolina,Cumberland County Schools,Academy,Howard Learning Academy,Cumb***@gmail.com
North Carolina,Cumberland County Schools,Middle School,John Griffin,Cumb***@gmail.com
North Carolina,Cumberland County Schools,Middle School,Lewis Chapel,Cumb***@gmail.com
North Carolina,Cumberland County Schools,Middle School,Luther Nick Jeralds,Cumb***@gmail.com
North Carolina,Cumberland County Schools,Middle School,Mac Williams,Cumb***@gmail.com
North Carolina,Cumberland County Schools,Middle School,Max Abbott,Cumb***@gmail.com
North Carolina,Cumberland County Schools,Middle School,New Century International,Cumb***@gmail.com
North Carolina,Cumberland County Schools,Middle School,Pine Forest,Cumb***@gmail.com
North Carolina,Cumberland County Schools,Middle School,Reid Ross Classical,Cumb***@gmail.com
North Carolina,Cumberland County Schools,Middle School,Seventy-First Classical,jasm***@ccs.k12.nc.us
North Carolina,Cumberland County Schools,Middle School,South View,Cumb***@gmail.com
North Carolina,Cumberland County Schools,Middle School,Spring Lake,Cumb***@gmail.com
North Carolina,Cumberland County Schools,Middle School,Westover,Cumb***@gmail.com
North Carolina,Cumberland County Schools,High School,Alger B. Wilkins,Cumb***@gmail.com
North Carolina,Cumberland County Schools,High School,Cape Fear,Cumb***@gmail.com
North Carolina,Cumberland County Schools,High School,Cross Creek Early College,Cumb***@gmail.com
North Carolina,Cumberland County Schools,Academy,Cumberland Academy 6-12,Cumb***@gmail.com
North Carolina,Cumberland County Schools,High School,Cumberland International Early College,Cumb***@gmail.com
North Carolina,Cumberland County Schools,High School,Cumberland Polytechnic,Cumb***@gmail.com
North Carolina,Cumberland County Schools,High School,Douglas Byrd,Cumb***@gmail.com
North Carolina,Cumberland County Schools,High School,E.E. Smith,Cumb***@gmail.com
North Carolina,Cumberland County Schools,High School,Gray's Creek,Cumb***@gmail.com
North Carolina,Cumberland County Schools,High School,Jack Britt,Cumb***@gmail.com
North Carolina,Cumberland County Schools,High School,Massey Hill Classical,Cumb***@gmail.com
North Carolina,Cumberland County Schools,High School,Pine Forest,Cumb***@gmail.com
North Carolina,Cumberland County Schools,High School,Ramsey Street,Cumb***@gmail.com
North Carolina,Cumberland County Schools,High School,Reid Ross Classical,Cumb***@gmail.com
North Carolina,Cumberland County Schools,High School,Seventy-First,Cumb***@gmail.com
North Carolina,Cumberland County Schools,High School,South View,Cumb***@gmail.com
North Carolina,Cumberland County Schools,High School,Terry Sanford,arm_***@yahoo.com
North Carolina,Cumberland County Schools,High School,Terry Sanford,jenn***@yahoo.com
North Carolina,Cumberland County Schools,High School,Westover,Cumb***@gmail.com
North Carolina,Currituck County Schools,High School,Currituck County High School(opens in new window/tab),cchs***@gmail.com
North Carolina,Currituck County Schools,Elementary School,Jarvisburg Elementary School(opens in new window/tab),jags***@gmail.com
North Carolina,Dare County Schools,Elementary School,Cape Hatteras Elementary,cape***@gmail.com
North Carolina,Dare County Schools,Elementary School,Cape Hatteras Elementary,ches***@daretolearn.org
North Carolina,Dare County Schools,High School,First Flight High School,ffhs***@gmail.com
North Carolina,Dare County Schools,Middle School,First Flight Middle School,ffms***@gmail.com
North Carolina,Dare County Schools,Elementary School,First Flight Elementary School,ffes***@gmail.com
North Carolina,Dare County Schools,Elementary School,Kitty Hawk Elementary School,kitt***@gmail.com
North Carolina,Dare County Schools,High School,Manteo High School,mant***@gmail.com
North Carolina,Dare County Schools,Middle School,Manteo Middle School,mant***@gmail.com
North Carolina,Dare County Schools,Elementary School,Manteo Elementary School,mant***@gmail.com
North Carolina,Dare County Schools,Elementary School,Nags Head Elementary School,nhes***@gmail.com
North Carolina,Davidson County Schools,Elementary School,Davis-Townsend Elementary School,davi***@gmail.com
North Carolina,Davidson County Schools,Elementary School,Davis-Townsend Elementary School,dtbo***@gmail.com
North Carolina,Davidson County Schools,Elementary School,Friedberg Elementary School,supp***@friedbergpto.org
North Carolina,Davidson County Schools,Elementary School,Friedberg Elementary School,frie***@yahoo.com
North Carolina,Davidson County Schools,Elementary School,Friendship Elementary School,ptof***@gmail.com
North Carolina,Davidson County Schools,Elementary School,Friendship Elementary School,fesb***@gmail.com
North Carolina,Davidson County Schools,Elementary School,Midway Elementary School,ptom***@gmail.com
North Carolina,Davidson County Schools,Middle School,North Davidson Middle School,ndms***@gmail.com
North Carolina,Davidson County Schools,Elementary School,Northwest Elementary School,nwes***@gmail.com
North Carolina,Davidson County Schools,Elementary School,Northwest Elementary School,nort***@gmail.com
North Carolina,Davidson County Schools,Middle School,Oak Grove Middle School,ogms***@gmail.com
North Carolina,Davidson County Schools,Elementary School,Pilot Elementary School,pilo***@gmail.com
North Carolina,Davidson County Schools,Elementary School,Southmont Elementary School,sout***@gmail.com
North Carolina,Davidson County Schools,Elementary School,Tyro Elementary School,tyro***@gmail.com
North Carolina,Davidson County Schools,Elementary School,Tyro Elementary School,info***@tyroathletics.com
North Carolina,Davie County Schools,Elementary School,William R. Davie Elementary School,WRDP***@GMAIL.COM
North Carolina,Davie County Schools,Middle School,North Davie Middle School,melt***@davie.k12.nc.us
North Carolina,Davie County Schools,Middle School,North Davie Middle School,elak***@davidsondavie.edu
North Carolina,Durham Public Schools,Elementary School,Club Boulevard Elementary School,club***@gmail.com
North Carolina,Durham Public Schools,Elementary School,Easley Elementary School,easl***@gmail.com
North Carolina,Durham Public Schools,Elementary School,Forest View Elementary School,ptaf***@gmail.com
North Carolina,Durham Public Schools,Elementary School,George Watts Montessori Elementary School,Geor***@groups.io
North Carolina,Durham Public Schools,Elementary School,Holt Elementary School,holt***@gmail.com
North Carolina,Durham Public Schools,Elementary School,Little River Montessori Elementary School,litt***@hotmail.com
North Carolina,Durham Public Schools,Elementary School,Lyons Farm Elementary School,pres***@lyonsfarmpta.org
North Carolina,Durham Public Schools,Elementary School,Lyons Farm Elementary School,info***@lyonsfarmpta.org
North Carolina,Durham Public Schools,Elementary School,Mangum Elementary School,info***@mangumpto.org
North Carolina,Durham Public Schools,Elementary School,Morehead Montessori Elementary School,more***@gmail.com
North Carolina,Durham Public Schools,Elementary School,Murray-Massenburg Elementary School,murr***@gmail.com
North Carolina,Durham Public Schools,Elementary School,Parkwood Elementary School,durh***@gmail.com
North Carolina,Durham Public Schools,Elementary School,Pearsontown Elementary School,ptow***@gmail.com
North Carolina,Durham Public Schools,Elementary School,Southwest Elementary School,pta.***@gmail.com
North Carolina,Durham Public Schools,Elementary School,Spring Valley Elementary School,spri***@gmail.com
North Carolina,Durham Public Schools,Middle School,Brogden Middle School,brog***@gmail.com
North Carolina,Durham Public Schools,Middle School,Lucas Middle School,luca***@gmail.com
North Carolina,Durham Public Schools,Middle School,Rogers-Herr Middle School,rhms***@gmail.com
North Carolina,Durham Public Schools,Middle School,The School for Creative Studies,pres***@thescsptsa.com
North Carolina,Durham Public Schools,Middle School,James E. Shepard Middle School,jame***@gmail.com
North Carolina,Durham Public Schools,Middle School,Sherwood Githens Middle School,gith***@gmail.com
North Carolina,Durham Public Schools,Middle School,Sherwood Githens Middle School,gith***@gmail.com
North Carolina,Durham Public Schools,Middle School,Sherwood Githens Middle School,gith***@gmail.com
North Carolina,Durham Public Schools,High School,C. E. Jordan High School,jord***@gmail.com
North Carolina,Durham Public Schools,High School,Hillside High School,ptsa***@gmail.com
North Carolina,Durham Public Schools,High School,Northern High School,laur***@yahoo.com
North Carolina,Durham Public Schools,High School,Riverside High School,rive***@gmail.com
North Carolina,Durham Public Schools,Secondary School,Durham School of the Arts,ting***@gmail.com
North Carolina,Durham Public Schools,Secondary School,Durham School of the Arts,dsut***@gmail.com
North Carolina,Durham Public Schools,High School,J.D. Clement Early College High School,jdec***@gmail.com
North Carolina,Durham Public Schools,High School,Durham School of Technology,melo***@gmail.com
North Carolina,Durham Public Schools,High School,Durham School of Technology,rrhh***@gmail.com
North Carolina,Edenton-Chowan Schools,Elementary School,White Oak Elementary School (PK-2),wosp***@gmail.com
North Carolina,Elizabeth City-Pasquotank Schools,Elementary School,JC Sawyer Elementary,ptoj***@gmail.com
North Carolina,Elizabeth City-Pasquotank Schools,Middle School,River Road Middle School,rive***@gmail.com
North Carolina,Franklin County Schools,Elementary School,Bunn Elementary School,bunn***@gmail.com
North Carolina,Franklin County Schools,Elementary School,Bunn Elementary School,jrwi***@gmail.com
North Carolina,Franklin County Schools,Middle School,Bunn Middle School,Bunn***@gmail.com
North Carolina,Franklin County Schools,Middle School,Cedar Creek Middle School,ceda***@gmail.com
North Carolina,Franklin County Schools,High School,Franklinton High School,erin***@fcschools.net
North Carolina,Franklin County Schools,High School,Franklinton High School,sean***@fcschools.net
North Carolina,Franklin County Schools,High School,Franklinton High School,trac***@fcschools.net
North Carolina,Franklin County Schools,Elementary School,Louisburg Elementary School,lesp***@gmail.com
North Carolina,Franklin County Schools,High School,Louisburg Magnet High School,eliz***@fcschools.net
North Carolina,Franklin County Schools,Elementary School,Royal Elementary School,roya***@gmail.com
North Carolina,Gaston County Schools,Elementary School,Belmont Central Elementary,blmt***@gmail.com
North Carolina,Gaston County Schools,Elementary School,Brookside Elementary,broo***@gmail.com
North Carolina,Gaston County Schools,Elementary School,Gardner Park Elementary,gard***@gmail.com
North Carolina,Gaston County Schools,Academy,Hawks Nest STEAM Academy,hnsa***@gmail.com
North Carolina,Gaston County Schools,Elementary School,McAdenville Elementary,mcac***@gmail.com
North Carolina,Gaston County Schools,Elementary School,New Hope Elementary,newh***@gmail.com
North Carolina,Gaston County Schools,Elementary School,North Belmont Elementary,nobe***@gmail.com
North Carolina,Gaston County Schools,,Page Primary,ptop***@gmail.com
North Carolina,Gaston County Schools,Elementary School,Pinewood Elementary,ptop***@gmail.com
North Carolina,Gaston County Schools,Elementary School,Pleasant Ridge Elementary,ptop***@gmail.com
North Carolina,Gaston County Schools,Elementary School,Sherwood Elementary,sher***@gmail.com
North Carolina,Gaston County Schools,Elementary School,Tryon Elementary,tryo***@gmail.com
North Carolina,Gaston County Schools,,Webb Street School,webb***@gmail.com
North Carolina,Gaston County Schools,Middle School,Mount Holly Middle,ptom***@gmail.com
North Carolina,Gaston County Schools,Middle School,Stanley Middle,stan***@gmail.com
North Carolina,Gaston County Schools,High School,Ashbrook High,ashb***@gmail.com
North Carolina,Gaston County Schools,High School,Cherryville High,cher***@gmail.com
North Carolina,Gaston County Schools,High School,Stuart W. Cramer High School,stua***@gmail.com
North Carolina,Gaston County Schools,High School,East Gaston High,egbc***@gmail.com
North Carolina,Gaston County Schools,High School,South Point High,redr***@gmail.com
North Carolina,Granville County Schools,Elementary School,West Oxford Elementary School,west***@gmail.com
North Carolina,Guilford County Schools,,Brooks Global Studies,broo***@gmail.com
North Carolina,Guilford County Schools,Elementary School,Claxton Elementary,admi***@claxtonpta.com
North Carolina,Guilford County Schools,Elementary School,Colfax Elementary,colf***@gmail.com
North Carolina,Guilford County Schools,Elementary School,Erwin Montessori Elementary,erwi***@gmail.com
North Carolina,Guilford County Schools,Elementary School,Florence Elementary,lpgu***@gmail.com
North Carolina,Guilford County Schools,Elementary School,Florence Elementary,vale***@pepsico.com
North Carolina,Guilford County Schools,Elementary School,Florence Elementary,PTAo***@gmail.com
North Carolina,Guilford County Schools,Elementary School,Frazier Elementary,info***@gmail.com
North Carolina,Guilford County Schools,Elementary School,General Greene Elementary,gree***@gmail.com
North Carolina,Guilford County Schools,Elementary School,General Greene Elementary,nico***@outlook.com
North Carolina,Guilford County Schools,Elementary School,General Greene Elementary,mcle***@gmail.com
North Carolina,Guilford County Schools,Elementary School,Gibsonville Elementary,Gibs***@gmail.com
North Carolina,Guilford County Schools,Elementary School,Jefferson Elementary,jeff***@gmail.com
North Carolina,Guilford County Schools,Elementary School,Jesse Wharton Elementary,ashl***@att.net
North Carolina,Guilford County Schools,Elementary School,Jesse Wharton Elementary,hope***@yahoo.com
North Carolina,Guilford County Schools,Elementary School,Jones Elementary,ddjo***@gmail.com
North Carolina,Guilford County Schools,Elementary School,Joyner Elementary,Jame***@gmail.com
North Carolina,Guilford County Schools,Elementary School,Lindley Elementary,lind***@gmail.com
North Carolina,Guilford County Schools,Elementary School,Lindley Elementary,lind***@gmail.com
North Carolina,Guilford County Schools,Elementary School,Monticello-Brown Summit Elementary,MBSE***@gmail.com
North Carolina,Guilford County Schools,Elementary School,Morehead Elementary,Ptam***@gmail.com
North Carolina,Guilford County Schools,Elementary School,Northern Elementary,Pres***@northernelementarypta.org
North Carolina,Guilford County Schools,Elementary School,Northern Elementary,secr***@northernelementarypta.org
North Carolina,Guilford County Schools,Elementary School,Oak Ridge Elementary,ores***@gmail.com
North Carolina,Guilford County Schools,Elementary School,Peeler-Hampton Visual and Performing Arts Elementary,info***@pta-ph-vpa.com
North Carolina,Guilford County Schools,Elementary School,Pilot Elementary,pilo***@gmail.com
North Carolina,Guilford County Schools,Elementary School,Rankin Elementary,rank***@gmail.com
North Carolina,Guilford County Schools,Elementary School,Reedy Fork Elementary,ptar***@gmail.com
North Carolina,Guilford County Schools,Elementary School,Sedalia Elementary,seda***@yahoo.com
North Carolina,Guilford County Schools,Elementary School,Shadybrook Elementary,clau***@gmail.com
North Carolina,Guilford County Schools,Elementary School,Shadybrook Elementary,sara***@yahoo.com
North Carolina,Guilford County Schools,Elementary School,Southern Elementary,gc.s***@gmail.com
North Carolina,Guilford County Schools,Elementary School,Southwest Elementary,Pres***@swespta.org
North Carolina,Guilford County Schools,Elementary School,Southwest Elementary,secr***@swespta.org
North Carolina,Guilford County Schools,Elementary School,Sternberger Elementary,pres***@sternbergerpta.org
North Carolina,Guilford County Schools,Elementary School,Sternberger Elementary,secr***@sternbergerpta.org
North Carolina,Guilford County Schools,Elementary School,Summerfield Elementary,summ***@gmail.com
North Carolina,Guilford County Schools,Elementary School,Triangle Lake Montessori Elementary,pres***@tlmpta.org
North Carolina,Guilford County Schools,Middle School,The Academy at Lincoln,thea***@gmail.com
North Carolina,Guilford County Schools,Middle School,Brown Summit Middle,rach***@gmail.com
North Carolina,Guilford County Schools,Middle School,Brown Summit Middle,cunn***@yahoo.com
North Carolina,Guilford County Schools,Middle School,Jamestown Middle,jmsp***@gmail.com
North Carolina,Guilford County Schools,Middle School,Jamestown Middle,JMST***@gmail.com
North Carolina,Guilford County Schools,Middle School,Kernodle Middle,ashl***@outlook.com
North Carolina,Guilford County Schools,Middle School,Kernodle Middle,cour***@gmail.com
North Carolina,Guilford County Schools,Middle School,Kiser Middle,info***@kiserpta.org
North Carolina,Guilford County Schools,Middle School,Mendenhall Middle,ptam***@gmail.com
North Carolina,Guilford County Schools,Middle School,Mendenhall Middle,john***@gmail.com
North Carolina,Guilford County Schools,Middle School,Mendenhall Middle,njon***@yahoo.com
North Carolina,Guilford County Schools,Middle School,Northern Middle,ngms***@gmail.com
North Carolina,Guilford County Schools,Middle School,Northwest Middle,ptso***@gmail.com
North Carolina,Guilford County Schools,Middle School,Penn-Griffin School for the Arts,pgsa***@gmail.com
North Carolina,Guilford County Schools,High School,Dudley High,dudl***@gmail.com
North Carolina,Guilford County Schools,High School,Dudley High,dudl***@gmail.com
North Carolina,Guilford County Schools,High School,The Early College at Guilford,ecgp***@gmail.com
North Carolina,Guilford County Schools,High School,Greensboro College Middle College,burn***@gcsnc.com
North Carolina,Guilford County Schools,High School,High Point Central High,HPCH***@gmail.com
North Carolina,Guilford County Schools,High School,The Middle College at GTCC-Greensboro,jkpe***@yahoo.com
North Carolina,Guilford County Schools,High School,The Middle College at GTCC-Greensboro,marc***@gmail.com
North Carolina,Guilford County Schools,High School,The Middle College at UNCG,mcun***@gmail.com
North Carolina,Guilford County Schools,High School,Northwest High,nort***@gmail.com
North Carolina,Guilford County Schools,High School,Northwest High,stud***@gmail.com
North Carolina,Guilford County Schools,High School,Page High,twdo***@gmail.com
North Carolina,Guilford County Schools,High School,Page High,tara***@gmail.com
North Carolina,Guilford County Schools,High School,Penn-Griffin School for the Arts,pgsa***@gmail.com
North Carolina,Guilford County Schools,High School,Southeast High,sehs***@gmail.com
North Carolina,Guilford County Schools,High School,Western High,ptso***@gmail.com
North Carolina,Harnett County Schools,Elementary School,Angier Elementary,aesp***@gmail.com
North Carolina,Harnett County Schools,Elementary School,Benhaven Elementary,giz9***@aol.com
North Carolina,Harnett County Schools,Elementary School,Coats Elementary,amjo***@campbell.edu
North Carolina,Harnett County Schools,Elementary School,Highland Elementary,HESP***@harnettstudents.org
North Carolina,Harnett County Schools,Elementary School,Johnsonville Elementary,whoa***@gmail.com
North Carolina,Harnett County Schools,Elementary School,Lillington-Shawtown Elementary,pto.***@gmail.com
North Carolina,Harnett County Schools,Middle School,Coats Erwin Middle,cems***@gmail.com
North Carolina,Harnett County Schools,Middle School,Harnett Central Middle,hcms***@gmail.com
North Carolina,Harnett County Schools,Middle School,Harnett Central Middle,hcms***@gmail.com
North Carolina,Harnett County Schools,Middle School,Overhills Middle,harn***@gmail.com
North Carolina,Harnett County Schools,High School,Overhills High,whoa***@gmail.com
North Carolina,Harnett County Schools,High School,Western Harnett High,giz9***@aol.com
North Carolina,Henderson County Public Schools,Elementary School,Bruce Drysdale,bruc***@gmail.com
North Carolina,Henderson County Public Schools,Elementary School,Fletcher,Flet***@gmail.com
North Carolina,Henderson County Public Schools,Elementary School,Hendersonville Elementary,info***@cubcatspto.org
North Carolina,Henderson County Public Schools,Elementary School,Hendersonville Elementary,corn***@cubcatspto.org
North Carolina,Henderson County Public Schools,High School,HC Early College,klca***@hcpsnc.org
North Carolina,Henderson County Public Schools,High School,Hendersonville High,hhsb***@gmail.com
North Carolina,Hickory City Schools,Elementary School,Oakwood Elementary School,oakw***@gmail.com
North Carolina,Hoke County Schools,Elementary School,Scurlock Elementary School,ptos***@gmail.com
North Carolina,Iredell-Statesville Schools,Elementary School,Celeste Henkel Elementary School,cele***@gmail.com
North Carolina,Iredell-Statesville Schools,Elementary School,Central Elementary School,cent***@gmail.com
North Carolina,Iredell-Statesville Schools,Elementary School,Coddle Creek Elementary School,ccep***@iss.k12.nc.us
North Carolina,Iredell-Statesville Schools,Elementary School,Cool Spring Elementary School,cool***@gmail.com
North Carolina,Iredell-Statesville Schools,Elementary School,East Iredell Elementary School,east***@gmail.com 
North Carolina,Iredell-Statesville Schools,Elementary School,Lake Norman Elementary School,lake***@gmail.com
North Carolina,Iredell-Statesville Schools,High School,Lake Norman High School,lake***@gmail.com
North Carolina,Iredell-Statesville Schools,Middle School,Lakeshore Middle School,issl***@gmail .com
North Carolina,Iredell-Statesville Schools,Elementary School,N.B. Mills Elementary School,taba***@iss.k12.nc.us
North Carolina,Iredell-Statesville Schools,Middle School,North Iredell Middle School,nims***@iss.k12.nc.us
North Carolina,Iredell-Statesville Schools,Middle School,Oakwood Middle School,nvib***@gmail.com
North Carolina,Iredell-Statesville Schools,Elementary School,Sharon Elementary School,shar***@iss.k12.nc.us
North Carolina,Iredell-Statesville Schools,Elementary School,Shepherd Elementary School,shep***@iss.k12.nc.us
North Carolina,Iredell-Statesville Schools,,The Brawley School,tbsp***@gmail.com
North Carolina,Iredell-Statesville Schools,Elementary School,Third Creek Elementary School,pres***@thirdcreekelementarypto.com
North Carolina,Iredell-Statesville Schools,Elementary School,Troutman Elementary School,tesp***@iss.k12.nc.us
North Carolina,Iredell-Statesville Schools,Middle School,Troutman Middle School,bobc***@outlook.com
North Carolina,Iredell-Statesville Schools,Elementary School,Union Grove Elementary School,unio***@gmail.com
North Carolina,Iredell-Statesville Schools,Elementary School,Woodland Heights Elementary School, woo***@gmail.com
North Carolina,Iredell-Statesville Schools,Middle School,Woodland Heights Middle School,thew***@gmail.com
North Carolina,Jackson County Schools,,CULLOWHEE VALLEY SCHOOL,cvsp***@gmail.com
North Carolina,Jackson County Schools,,JACKSON COUNTY EARLY COLLEGE,jcec***@gmail.com
North Carolina,Jackson County Schools,,JACKSON COUNTY EARLY COLLEGE,terr***@terriclarkphotography.com
North Carolina,Jackson County Schools,,JACKSON COUNTY EARLY COLLEGE,Beth***@outlook.com
North Carolina,Johnston County Schools,Elementary School,Cleveland Elementary School,clev***@gmail.com
North Carolina,Johnston County Schools,Academy,Cooper Academy,coop***@gmail.com
North Carolina,Johnston County Schools,Elementary School,Corinth-Holders Elementary School,Cori***@gmail.com
North Carolina,Johnston County Schools,Elementary School,East Clayton Elementary School,ptae***@gmail.com
North Carolina,Johnston County Schools,Elementary School,Four Oaks Elementary School,dope***@gmail.com
North Carolina,Johnston County Schools,,Meadow School,Mead***@gmail.com
North Carolina,Johnston County Schools,Elementary School,Polenta Elementary School,pole***@gmail.com
North Carolina,Johnston County Schools,Elementary School,Riverwood Elementary School,resp***@gmail.com
North Carolina,Johnston County Schools,Elementary School,South Smithfield Elementary School,sout***@gmail.com
North Carolina,Johnston County Schools,Elementary School,West Clayton Elementary School,wces***@gmail.com
North Carolina,Johnston County Schools,Middle School,Archer Lodge Middle School,arch***@gmail.com
North Carolina,Johnston County Schools,Middle School,Benson Middle School,webm***@johnston.k12.nc.us
North Carolina,Johnston County Schools,Middle School,McGee's Crossroads Middle School,mxms***@gmail.com
North Carolina,Johnston County Schools,,Meadow School,Mead***@gmail.com
North Carolina,Johnston County Schools,Middle School,Riverwood Middle School,Rive***@gmail.com
North Carolina,Johnston County Schools,Middle School,Swift Creek Middle School,swif***@gmail.com
North Carolina,Johnston County Schools,High School,Clayton High School,clay***@gmail.com
North Carolina,Johnston County Schools,High School,Clayton High School,ptsa***@gmail.com
North Carolina,Johnston County Schools,High School,Clayton High School,jenp***@gmail.com
North Carolina,Johnston County Schools,High School,Cleveland High School,ambe***@johnston.k12.nc.us
North Carolina,Johnston County Schools,High School,Corinth Holders High School,cori***@gmail.com
North Carolina,Johnston County Schools,High School,West Johnston High School,West***@gmail.com
North Carolina,Kannapolis City Schools,Elementary School,Forest Park Elementary School,Susa***@kcs.k12.nc.us
North Carolina,Lee County Schools,Elementary School,B.T. Bullock Elementary School,btbu***@gmail.com
North Carolina,Lee County Schools,Elementary School,Tramway Elementary School,tige***@gmail.com
North Carolina,Lee County Schools,Middle School,SanLee Middle School,tina***@lee.k12.nc.us
North Carolina,Lee County Schools,High School,Southern Lee High School,carr***@lee.k12.nc.us
North Carolina,Lexington City Schools,Elementary School,Southwest Elementary Global Academy,ftos***@gmail.com
North Carolina,Lincoln County Schools,Elementary School,Catawba Springs Elementary,cata***@gmail.com
North Carolina,Lincoln County Schools,Elementary School,Love Memorial Elementary,Love***@gmail.com
North Carolina,Lincoln County Schools,Elementary School,Norris S. Childers Elementary,norr***@gmail.com
North Carolina,Lincoln County Schools,,Pumpkin Center Intermediate,pcis***@gmail.com
North Carolina,Lincoln County Schools,Elementary School,St. James Elementary,sjes***@gmail.com
North Carolina,Lincoln County Schools,Middle School,East Lincoln Middle,elms***@lincoln.k12.nc.us
North Carolina,Lincoln County Schools,Middle School,West Lincoln Middle,wlms***@gmail.com
North Carolina,Lincoln County Schools,High School,West Lincoln High,rebe***@gmail.com
North Carolina,Macon County Schools,Elementary School,Cartoogechaye Elementary,caep***@macon.k12.nc.us
North Carolina,Macon County Schools,Elementary School,East Franklin Elementary,efsp***@macon.k12.nc.us
North Carolina,Macon County Schools,High School,Highlands School,jrpe***@gmail.com
North Carolina,Macon County Schools,Elementary School,South Macon Elementary,smok***@gmail.com
North Carolina,Macon County Schools,Elementary School,South Macon Elementary,shia***@yahoo.com
North Carolina,Montgomery County Schools,,Montgomery County Early College,heat***@montgomery.k12.nc.us
North Carolina,Moore County Schools,Elementary School,Cameron Elementary,Came***@gmail.com
North Carolina,Moore County Schools,Elementary School,McDeeds Creek Elementary,mcde***@gmail.com
North Carolina,Moore County Schools,Elementary School,Pinehurst Elementary,Pine***@gmail.com
North Carolina,Moore County Schools,Elementary School,Sandhills Farm Life Elementary,sflp***@gmail.com
North Carolina,Moore County Schools,Elementary School,Southern Pines Elementary,sout***@gmail.com
North Carolina,Moore County Schools,Elementary School,West End Elementary,weew***@gmail.com
North Carolina,Moore County Schools,Elementary School,West Pine Elementary,PTOa***@gmail.com
North Carolina,Moore County Schools,Middle School, Southern Middle,sout***@gmail.com
North Carolina,Moore County Schools,Middle School, West Pine Middle,wpmp***@gmail.com
North Carolina,Moore County Schools,High School,Moore Innovative High,acic***@ncmcs.org
North Carolina,Moore County Schools,High School,Pinecrest High,pine***@gmail.com
North Carolina,Moore County Schools,,Community Learning Center at Pinckney,tkin***@ncmcs.org
North Carolina,Mooresville Graded School District,High School,Mooresville High School,blue***@gmail.com
North Carolina,Mooresville Graded School District,,Mooresville Intermediate,emis***@gmail.com
North Carolina,Mooresville Graded School District,Middle School,Mooresville Middle,redi***@gmail.com
North Carolina,Mooresville Graded School District,Elementary School,Park View Elementary,pvpt***@gmail.com
North Carolina,Mooresville Graded School District,Middle School,Selma Burke Middle,Selm***@gmail.com
North Carolina,Nash County Public Schools,Elementary School,Benvenue Elementary,benv***@gmail.com
North Carolina,Nash County Public Schools,Elementary School,Nashville Elementary,aman***@yahoo.com
North Carolina,Nash County Public Schools,Elementary School,Nashville Elementary,betc***@gmail.com
North Carolina,Nash County Public Schools,Elementary School,Red Oak Elementary,Redo***@yahoo.com 
North Carolina,Nash County Public Schools,Elementary School,Winstead Avenue Elementary,wave***@gmail.com
North Carolina,Nash County Public Schools,Middle School,Southern Nash Middle,sdco***@ncpschools.net
North Carolina,New Hanover County Schools,Elementary School,Alderman Elementary,alde***@gmail.com
North Carolina,New Hanover County Schools,Elementary School,Edwin A. Anderson Elementary,ande***@gmail.com
North Carolina,New Hanover County Schools,Elementary School,H. C. Bellamy Elementary,bell***@gmail.com
North Carolina,New Hanover County Schools,Elementary School,John J. Blair Elementary,blai***@gmail.com
North Carolina,New Hanover County Schools,Elementary School,Bradley Creek Elementary,bcre***@gmail.com
North Carolina,New Hanover County Schools,Elementary School,College Park Elementary,PTAC***@gmail.com
North Carolina,New Hanover County Schools,Elementary School,Eaton Elementary,wrig***@gmail.com
North Carolina,New Hanover County Schools,Elementary School,Holly Tree Elementary,holl***@gmail.com
North Carolina,New Hanover County Schools,Elementary School,Mary C. Williams Elementary,MCWe***@gmail.com
North Carolina,New Hanover County Schools,Elementary School,Masonboro Elementary School,maso***@gmail.com
North Carolina,New Hanover County Schools,Elementary School,Murrayville Elementary,ptam***@nhcs.net
North Carolina,New Hanover County Schools,Elementary School,Ogden Elementary,ogde***@gmail.com
North Carolina,New Hanover County Schools,Elementary School,Pine Valley Elementary,pves***@gmail.com
North Carolina,New Hanover County Schools,Elementary School,Pine Valley Elementary,pves***@gmail.com
North Carolina,New Hanover County Schools,Elementary School,Porters Neck Elementary,PNES***@gmail.com
North Carolina,New Hanover County Schools,Elementary School,Winter Park Elementary,Wint***@gmail.com
North Carolina,New Hanover County Schools,Elementary School,Wrightsboro Elementary,Wrig***@gmail.com
North Carolina,New Hanover County Schools,Elementary School,Wrightsville Beach Elementary,Wrig***@gmail.com
North Carolina,New Hanover County Schools,Middle School,Holly Shelter Middle,holl***@gmail.com
North Carolina,New Hanover County Schools,Middle School,Charles P. Murray Middle,Murr***@gmail.com
North Carolina,New Hanover County Schools,Middle School,Myrtle Grove Middle,mgms***@gmail.com
North Carolina,New Hanover County Schools,Middle School,MCS Noble Middle,mcsn***@gmail.com
North Carolina,New Hanover County Schools,Middle School,Roland Grise MIddle,rola***@gmail.com
North Carolina,New Hanover County Schools,Middle School,Emma B. Trask Middle,Tras***@gmail.com
North Carolina,New Hanover County Schools,High School,Eugene Ashley High,ashl***@gmail.com
North Carolina,New Hanover County Schools,High School,John T. Hoggard High,jthp***@gmail.com
North Carolina,New Hanover County Schools,High School,John T. Hoggard High,supp***@hoggardabc.com
North Carolina,New Hanover County Schools,High School,Isaac Bear Early College High,bear***@gmail.com
North Carolina,New Hanover County Schools,High School,E.A. Laney High,Lane***@gmail.com
North Carolina,New Hanover County Schools,High School,New Hanover High,apmc***@gmail.com
North Carolina,New Hanover County Schools,High School,New Hanover High,meli***@gmail.com
North Carolina,New Hanover County Schools,High School,Southeast Area Technical High,seat***@gmail.com
North Carolina,Newton-Conover City Schools,Elementary School,Shuford Elementary School,shuf***@gmail.com
North Carolina,Newton-Conover City Schools,High School,Newton Conover High School,nchs***@gmail.com
North Carolina,Onslow County Schools,Elementary School,Blue Creek Elementary School,cont***@bluecreekpto.org
North Carolina,Onslow County Schools,Elementary School,Coastal Elementary School,coas***@gmail.com
North Carolina,Onslow County Schools,Elementary School,Dixon Elementary School,dixo***@gmail.com
North Carolina,Onslow County Schools,Middle School,Dixon Middle School,DMSB***@gmail.com
North Carolina,Onslow County Schools,Elementary School,Hunters Creek Elementary School,fran***@onslow.k12.nc.us
North Carolina,Onslow County Schools,Elementary School,Jacksonville Commons Elementary School,ptoj***@gmail.com
North Carolina,Onslow County Schools,Elementary School,Queens Creek Elementary School,quee***@gmail.com
North Carolina,Onslow County Schools,Elementary School,Southwest Elementary School,swep***@gmail.com
North Carolina,Onslow County Schools,High School,Southwest High School,jenn***@aol.com
North Carolina,Onslow County Schools,High School,Southwest High School,Sacm***@gmail.com
North Carolina,Onslow County Schools,Elementary School,Swansboro Elementary School,sbes***@yahoo.com
North Carolina,Onslow County Schools,Middle School,Trexler Middle School,alli***@yahoo.com
North Carolina,Onslow County Schools,High School,White Oak High School,wohs***@gmail.com
North Carolina,Orange County Schools,Middle School,A.L. Stanback Middle School,stan***@gmail.com
North Carolina,Orange County Schools,Elementary School,Efland-Cheeks Global Elementary,ecge***@gmail.com
North Carolina,Orange County Schools,Elementary School,Efland-Cheeks Global Elementary,kara***@gmail.com
North Carolina,Orange County Schools,Elementary School,Efland-Cheeks Global Elementary,rsga***@gmail.com
North Carolina,Orange County Schools,Middle School,Gravelly Hill Middle School,grav***@gmail.com
North Carolina,Orange County Schools,Elementary School,Hillsborough Elementary School,pres***@hesdolphinspta.com
North Carolina,Orange County Schools,Elementary School,Hillsborough Elementary School,secr***@hesdolphinspta.com
North Carolina,Orange County Schools,High School,Orange High School,ohsp***@gmail.com
North Carolina,Orange County Schools,Elementary School,River Park Elementary,rive***@gmail.com
North Carolina,Person County Schools,Elementary School,Oak Lane Elementary School,ptoo***@gmail.com
North Carolina,Person County Schools,Elementary School,Stories Creek Elementary School,stor***@gmail.com
North Carolina,Person County Schools,Academy,Carolina Community Academy,smsb***@gmail.com
North Carolina,Pitt County Schools,Elementary School,Ayden Elementary School,ayde***@gmail.com
North Carolina,Pitt County Schools,Elementary School,Creekside Elementary School,pres***@gmail.com
North Carolina,Pitt County Schools,Elementary School,Eastern Elementary School,east***@gmail.com
North Carolina,Pitt County Schools,Elementary School,Elmhurst Elementary School,cont***@gmail.com
North Carolina,Pitt County Schools,Elementary School,W.H. Robinson Elementary,whrp***@gmail.com
North Carolina,Pitt County Schools,,Wintergreen Primary & Intermediate Schools,wgpp***@gmail.com
North Carolina,Pitt County Schools,K-8 Schools,Chicod School,chic***@gmail.com
North Carolina,Pitt County Schools,K-8 Schools,Stokes School,stok***@gmail.com
North Carolina,Pitt County Schools,Middle School,A.G. Cox Middle School,agco***@gmail.com
North Carolina,Pitt County Schools,Middle School,Ayden Middle School,ayde***@gmail.com
North Carolina,Pitt County Schools,Middle School,Hope Middle School,publ***@pitt.k12.nc.us
North Carolina,Pitt County Schools,Middle School,Wellcome Middle School, whi***@pitt.k12.nc.us
North Carolina,Pitt County Schools,High School,J.H. Rose High School,​jhr***@gmail.com
North Carolina,Pitt County Schools,High School,Innovation Early College High School,jami***@iechsptso.us
North Carolina,Pitt County Schools,High School,Innovation Early College High School,info***@iechsptso.us
North Carolina,Public Schools of Robeson County,Elementary School,Tanglewood Elementary School,ptat***@yahoo.com
North Carolina,Public Schools of Robeson County,High School,Purnell Swett High School,celo***@gmail.com
North Carolina,Public Schools of Robeson County,High School,Purnell Swett High School,jamo***@yahoo.com
North Carolina,Randolph County Schools,Elementary School,Archdale Elementary School,arch***@gmail.com
North Carolina,Randolph County Schools,Elementary School,John Lawrence Elementary School,john***@gmail.com
North Carolina,Randolph County Schools,Elementary School,Level Cross Elementary School,Leve***@gmail.com
North Carolina,Randolph County Schools,Elementary School,Tabernacle Elementary School,Tabe***@gmail.com
North Carolina,Randolph County Schools,Elementary School,Trinity Elementary School,trin***@gmail.com
North Carolina,Randolph County Schools,High School,Trinity High School,thsa***@gmail.com
North Carolina,Randolph County Schools,High School,Trinity High School,twil***@randolph.k12.nc.us
North Carolina,Rockingham County Schools,Elementary School,Central Elementary School,cent***@gmail.com
North Carolina,Rockingham County Schools,Elementary School,Huntsville Elementary School,houn***@gmail.com
North Carolina,Rockingham County Schools,Elementary School,Monroeton Elementary School,must***@gmail.com
North Carolina,Rockingham County Schools,Elementary School,Wentworth Elementary School,went***@gmail.com
North Carolina,Rockingham County Schools,Middle School,Holmes Middle School,ptso***@gmail.com
North Carolina,Rockingham County Schools,Middle School,Rockingham County Middle School,kjgp***@gmail.com
North Carolina,Rowan-Salisbury Schools,Middle School,China Grove Middle,cgms***@gmail.com
North Carolina,Rowan-Salisbury Schools,Middle School,Erwin Middle,Erwi***@yahoo.com
North Carolina,Rowan-Salisbury Schools,High School,Jesse C. Carson High,boos***@gmail.com
North Carolina,Rowan-Salisbury Schools,High School,North Rowan High,nrhs***@gmail.com
North Carolina,Rowan-Salisbury Schools,Elementary School,Overton Elementary,bucy***@gmail.com 
North Carolina,Rowan-Salisbury Schools,,Rowan County Early College,rcec***@gmail.com
North Carolina,Rowan-Salisbury Schools,Middle School,Southeast Middle,Sems***@gmail.com
North Carolina,Rutherford County Schools,Middle School,Chase Middle School,chas***@gmail.com
North Carolina,Stanly County Schools,Elementary School,Endy Elementary School,endy***@gmail.com
North Carolina,Stanly County Schools,Elementary School,Locust Elementary School,locu***@gmail.com
North Carolina,Stanly County Schools,Elementary School,Millingport Elementary School,Mill***@gmail.com
North Carolina,Stanly County Schools,,Oakboro Choice STEM School,oakb***@gmail.com
North Carolina,Stanly County Schools,Elementary School,Richfield Elementary School,RESt***@gmail.com
North Carolina,Stanly County Schools,Elementary School,Stanfield Elementary School,stan***@gmail.com
North Carolina,Stanly County Schools,Middle School,North Stanly Middle School,beth***@gmail.com
North Carolina,Stanly County Schools,High School,Albemarle High School,jaco***@stanlyc
North Carolina,Stanly County Schools,High School,North Stanly High School,nort***@gmail.com
North Carolina,Stokes County Schools,Elementary School,Germanton Elementary,germ***@gmail.com
North Carolina,Stokes County Schools,Elementary School,King Elementary,king***@gmail.com
North Carolina,Stokes County Schools,Elementary School,London Elementary,lond***@gmail.com
North Carolina,Stokes County Schools,Elementary School,Mount Olive Elementary,ptom***@gmail.com
North Carolina,Stokes County Schools,Elementary School,Pinnacle Elementary,pesp***@gmail.com
North Carolina,Stokes County Schools,Elementary School,Poplar Springs Elementary,popl***@gmail.com
North Carolina,Stokes County Schools,Elementary School,Walnut Cove Elementary,wcep***@hotmail.com
North Carolina,Swain County Schools,Elementary School,Swain East Elementary School,rpar***@swainmail.org
North Carolina,Swain County Schools,Elementary School,Swain West Elementary School,rpar***@swainmail.org
North Carolina,Swain County Schools,Preschool,Bright Adventures Prek,rpar***@swainmail.org
North Carolina,Transylvania County Schools,Elementary School,Rosman Elementary School,rosm***@gmail.com
North Carolina,Union County Public Schools,Elementary School,Antioch Elementary School,info***@antiochpto.org
North Carolina,Union County Public Schools,Academy,Central Academy of Technology & Arts,ksom***@gmail.com
North Carolina,Union County Public Schools,Academy,Central Academy of Technology & Arts,cata***@gmail.com
North Carolina,Union County Public Schools,High School,Cuthbertson High School,cuth***@gmail.com
North Carolina,Union County Public Schools,Middle School,Cuthbertson Middle School,tayl***@gmail.com
North Carolina,Union County Public Schools,Middle School,Cuthbertson Middle School,cuth***@gmail.com
North Carolina,Union County Public Schools,Elementary School,East Elementary School,stur***@yahoo.com
North Carolina,Union County Public Schools,Elementary School,Fairview Elementary School,fves***@gmail.com
North Carolina,Union County Public Schools,Middle School,Health Sciences Academy at Monroe Middle School,Pott***@gmail.com
North Carolina,Union County Public Schools,Middle School,Health Sciences Academy at Monroe Middle School,clar***@yahoo.com
North Carolina,Union County Public Schools,Elementary School,Hemby Bridge Elementary School,hemb***@gmail.com
North Carolina,Union County Public Schools,Elementary School,Indian Trail Elementary School,ites***@gmail.com
North Carolina,Union County Public Schools,Elementary School,Marvin Elementary School,mesp***@gmail.com
North Carolina,Union County Public Schools,High School,Marvin Ridge High School,ptso***@gmail.com
North Carolina,Union County Public Schools,High School,Marvin Ridge High School,pres***@ptsomarvinridgehs.com
North Carolina,Union County Public Schools,High School,Marvin Ridge High School,susi***@gmail.com
North Carolina,Union County Public Schools,Elementary School,New Salem Elementary School,news***@gmail.com
North Carolina,Union County Public Schools,Elementary School,New Town Elementary School,broo***@gmail.com
North Carolina,Union County Public Schools,Elementary School,New Town Elementary School,stin***@gmail.com
North Carolina,Union County Public Schools,High School,Parkwood High School,park***@gmail.com
North Carolina,Union County Public Schools,Middle School,Parkwood Middle School,park***@gmail.com
North Carolina,Union County Public Schools,Middle School,Piedmont Middle School,pied***@gmail.com 
North Carolina,Union County Public Schools,Elementary School,Porter Ridge Elementary School,pres***@gmail.com
North Carolina,Union County Public Schools,High School,Porter Ridge High School,amy_***@yahoo.com
North Carolina,Union County Public Schools,High School,Porter Ridge High School,alan***@gmail.com
North Carolina,Union County Public Schools,Middle School,Porter Ridge Middle School,pres***@prmspto.org
North Carolina,Union County Public Schools,Middle School,Porter Ridge Middle School,prms***@gmail.com
North Carolina,Union County Public Schools,Elementary School,Rea View Elementary School,reav***@gmail.com
North Carolina,Union County Public Schools,Elementary School,Rea View Elementary School,reav***@gmail.com
North Carolina,Union County Public Schools,Elementary School,Shiloh Valley Elementary School,SVPE***@gmail.com
North Carolina,Union County Public Schools,Elementary School,Shiloh Valley Elementary School,toba***@gmail.com
North Carolina,Union County Public Schools,Elementary School,Shiloh Valley Elementary School,kbur***@gmail.com
North Carolina,Union County Public Schools,,Shiloh Valley Primary School,SVPE***@gmail.com
North Carolina,Union County Public Schools,,Shiloh Valley Primary School,toba***@gmail.com
North Carolina,Union County Public Schools,,Shiloh Valley Primary School,kbur***@gmail.com
North Carolina,Union County Public Schools,Elementary School,Stallings Elementary School, Sta***@gmail.com
North Carolina,Union County Public Schools,High School,Sun Valley High School,sunv***@gmail.com
North Carolina,Union County Public Schools,Elementary School,Unionville Elementary School,uves***@gmail.com
North Carolina,Union County Public Schools,Elementary School,Weddington Elementary School,pres***@weddingtonpto.com
North Carolina,Union County Public Schools,Elementary School,Weddington Elementary School,secr***@weddingtonpto.com
North Carolina,Union County Public Schools,High School,Weddington High School,w.d.***@gmail.com
North Carolina,Union County Public Schools,Middle School,Weddington Middle School,cont***@wmsptso.org
North Carolina,Union County Public Schools,Elementary School,Wesley Chapel Elementary School,wesl***@gmail.com
North Carolina,Union County Public Schools,Elementary School,Western Union Elementary School,west***@gmail.com
North Carolina,Union County Public Schools,Elementary School,Wingate Elementary School,wesp***@gmail.com
North Carolina,Wake County Public School System,Elementary School,Abbotts Creek(opens in new window/tab),aces***@gmail.com 
North Carolina,Wake County Public School System,Elementary School,Abbotts Creek(opens in new window/tab),aces***@gmail.com
North Carolina,Wake County Public School System,Elementary School,Adams,adam***@gmail.com
North Carolina,Wake County Public School System,Elementary School,Alston Ridge,pres***@alstonridgepta.com
North Carolina,Wake County Public School System,Elementary School,Alston Ridge,secr***@alstonridgepta.com
North Carolina,Wake County Public School System,Elementary School,Apex,apex***@gmail.com
North Carolina,Wake County Public School System,Elementary School,Apex,apex***@gmail.com
North Carolina,Wake County Public School System,Elementary School,Apex Friendship,afes***@gmail.com
North Carolina,Wake County Public School System,Elementary School,Aversboro,info***@mysite.com
North Carolina,Wake County Public School System,Elementary School,Ballentine,ball***@gmail.com
North Carolina,Wake County Public School System,Elementary School,Ballentine,ball***@gmail.com
North Carolina,Wake County Public School System,Elementary School,Banks Road,bank***@gmail.com
North Carolina,Wake County Public School System,Elementary School,Banks Road,bres***@gmail.com
North Carolina,Wake County Public School System,Elementary School,Barton Pond,pres***@bartonpondpta.com
North Carolina,Wake County Public School System,Elementary School,Barton Pond,secr***@bartonpondpta.com
North Carolina,Wake County Public School System,Elementary School,Baucom,pres***@baucompta.org
North Carolina,Wake County Public School System,Elementary School,Bowling Road,bowl***@gmail.com
North Carolina,Wake County Public School System,Elementary School,Brassfield,Bras***@gmail.com
North Carolina,Wake County Public School System,Elementary School,Brentwood,loos***@gmail.com
North Carolina,Wake County Public School System,Elementary School,Brentwood,shar***@gmail.com
North Carolina,Wake County Public School System,Elementary School,Briarcliff,Bria***@gmail.com
North Carolina,Wake County Public School System,Elementary School,Brier Creek,pres***@briercreekpta.org
North Carolina,Wake County Public School System,Elementary School,Brier Creek,comm***@briercreekpta.org
North Carolina,Wake County Public School System,Elementary School,Buckhorn Creek,pres***@buckhorncreekpta.com
North Carolina,Wake County Public School System,Elementary School,Buckhorn Creek,secr***@buckhorncreekpta.com
North Carolina,Wake County Public School System,Elementary School,Carpenter,Pres***@carpenterpta.net
North Carolina,Wake County Public School System,Elementary School,Carver,carv***@gmail.com
North Carolina,Wake County Public School System,Elementary School,Cary,pres***@caryelementarypta.com
North Carolina,Wake County Public School System,Elementary School,Cary,secr***@caryelementarypta.com
North Carolina,Wake County Public School System,Elementary School,Cedar Fork,pres***@cedarforkpta.com
North Carolina,Wake County Public School System,Elementary School,Cedar Fork,secr***@cedarforkpta.com
North Carolina,Wake County Public School System,Elementary School,Combs,pres***@abcombspta.com
North Carolina,Wake County Public School System,Elementary School,Combs,secr***@abcombspta.com
North Carolina,Wake County Public School System,Elementary School,Conn,pres***@connpta.org
North Carolina,Wake County Public School System,Elementary School,Conn,secr***@connpta.org
North Carolina,Wake County Public School System,Elementary School,Creech Road,ptac***@gmail.com
North Carolina,Wake County Public School System,Elementary School,Dillard Drive,ptap***@ddmespta.com
North Carolina,Wake County Public School System,Elementary School,Dillard Drive,secr***@ddmespta.com
North Carolina,Wake County Public School System,Elementary School,Douglas,doug***@gmail.com
North Carolina,Wake County Public School System,Elementary School,Durant Road,dres***@gmail.com
North Carolina,Wake County Public School System,Elementary School,Durant Road,dres***@gmail.com
North Carolina,Wake County Public School System,Elementary School,Forest Pines Drive,fore***@gmail.com
North Carolina,Wake County Public School System,Elementary School,Fuller,boar***@fullerpta.org
North Carolina,Wake County Public School System,Elementary School,Green Hope,ghep***@ghepta.org
North Carolina,Wake County Public School System,Elementary School,Green Hope,gree***@gmail.com
North Carolina,Wake County Public School System,Elementary School,Herbert Akins Road,hare***@gmail.com
North Carolina,Wake County Public School System,Elementary School,Herbert Akins Road,hare***@gmail.com
North Carolina,Wake County Public School System,Elementary School,Heritage,pres***@heritagepta.org
North Carolina,Wake County Public School System,Elementary School,Heritage,cour***@gmail.com
North Carolina,Wake County Public School System,Elementary School,Highcroft Drive,pres***@highcroftpta.com
North Carolina,Wake County Public School System,Elementary School,Hilburn Academy,Pres***@HilburnPTA.org
North Carolina,Wake County Public School System,Elementary School,Hilburn Academy,Trea***@HilburnPTA.org
North Carolina,Wake County Public School System,Elementary School,Hodge Road,pres***@hrespta.org
North Carolina,Wake County Public School System,Elementary School,Holly Grove,Holl***@gmail.com
North Carolina,Wake County Public School System,Elementary School,Holly Ridge,pres***@hrepta.org
North Carolina,Wake County Public School System,Elementary School,Holly Ridge,secr***@hrepta.org
North Carolina,Wake County Public School System,Elementary School,Holly Springs,hses***@gmail.com
North Carolina,Wake County Public School System,Elementary School,Hortons Creek,pta@***@hortonscreekpta.com
North Carolina,Wake County Public School System,Elementary School,Hunter,pres***@hortonscreekpta.com
North Carolina,Wake County Public School System,Elementary School,Jeffreys Grove,sgza***@gmail.com
North Carolina,Wake County Public School System,Elementary School,Jones Dairy,pres***@jgmespta.org
North Carolina,Wake County Public School System,Elementary School,Joyner,comm***@jgmespta.org
North Carolina,Wake County Public School System,Elementary School,Kingswood,ptaa***@gmail.com
North Carolina,Wake County Public School System,Elementary School,Lacy,king***@gmail.com
North Carolina,Wake County Public School System,Elementary School,Laurel Park,fran***@gmail.com
North Carolina,Wake County Public School System,Elementary School,Lead Mine,ptal***@gmail.com
North Carolina,Wake County Public School System,Elementary School,Leesville Road,pres***@lpespta.org
North Carolina,Wake County Public School System,Elementary School,Lincoln Heights,secr***@lpespta.org
North Carolina,Wake County Public School System,Elementary School,Lockhart,lmes***@gmail.com
North Carolina,Wake County Public School System,Elementary School,Lynn Road,info***@lespta.com
North Carolina,Wake County Public School System,Elementary School,Middle Creek,linc***@gmail.com 
North Carolina,Wake County Public School System,Elementary School,Millbrook,ptal***@gmail.com
North Carolina,Wake County Public School System,Elementary School,Mills Park,lynn***@gmail.com
North Carolina,Wake County Public School System,Elementary School,Morrisville,Mces***@gmail.com 
North Carolina,Wake County Public School System,Elementary School,North Forest Pines,mecm***@gmail.com
North Carolina,Wake County Public School System,Elementary School,North Ridge,pres***@millsparkpta.com
North Carolina,Wake County Public School System,Elementary School,Northwoods,secr***@millsparkpta.com
North Carolina,Wake County Public School System,Elementary School,Oak Grove,Morr***@gmail.com
North Carolina,Wake County Public School System,Elementary School,Oakview,pres***@gmail.com
North Carolina,Wake County Public School System,Elementary School,Olds,nfpp***@gmail.com
North Carolina,Wake County Public School System,Elementary School,Olive Chapel,nrep***@gmail.com
North Carolina,Wake County Public School System,Elementary School,Parkside,nort***@gmail.com
North Carolina,Wake County Public School System,Elementary School,Partnership,nort***@gmail.com
North Carolina,Wake County Public School System,Elementary School,Penny Road,oges***@gmail.com
North Carolina,Wake County Public School System,Elementary School,Pleasant Grove,oges***@gmail.com
North Carolina,Wake County Public School System,Elementary School,Pleasant Plains,oakv***@gmail.com
North Carolina,Wake County Public School System,Elementary School,Pleasant Union,oakv***@gmail.com
North Carolina,Wake County Public School System,Elementary School,Powell,OCE.***@gmail.com
North Carolina,Wake County Public School System,Elementary School,Rand Road,Pres***@ParksidePTA.net
North Carolina,Wake County Public School System,Elementary School,Reedy Creek,Secr***@ParksidePTA.net
North Carolina,Wake County Public School System,Elementary School,Rex Road,part***@gmail.com
North Carolina,Wake County Public School System,Elementary School,Richland Creek,prep***@gmail.com
North Carolina,Wake County Public School System,Elementary School,River Bend,plea***@gmail.com
North Carolina,Wake County Public School System,Elementary School,Rogers Lane,plea***@gmail.com
North Carolina,Wake County Public School System,Elementary School,Rolesville,pres***@puepta.com
North Carolina,Wake County Public School System,Elementary School,Root,puep***@gmail.com
North Carolina,Wake County Public School System,Elementary School,Salem,poep***@gmail.com
North Carolina,Wake County Public School System,Elementary School,Sanford Creek,Powe***@gmail.com
North Carolina,Wake County Public School System,Elementary School,Scotts Ridge,Powe***@gmail.com
North Carolina,Wake County Public School System,Elementary School,Smith,RAND***@YMAIL.COM
North Carolina,Wake County Public School System,Elementary School,South Lakes,rcep***@gmail.com
North Carolina,Wake County Public School System,Elementary School,Southeast Raleigh,rcep***@gmail.com
North Carolina,Wake County Public School System,Elementary School,Stough,RexR***@gmail.com
North Carolina,Wake County Public School System,Elementary School,Swift Creek,ptao***@gmail.com
North Carolina,Wake County Public School System,Elementary School,Timber Drive,pta.***@gmail.com
North Carolina,Wake County Public School System,Elementary School,Turner Creek,pres***@respta.org
North Carolina,Wake County Public School System,Elementary School,Underwood,secr***@respta.org
North Carolina,Wake County Public School System,Elementary School,Vance,root***@gmail.com
North Carolina,Wake County Public School System,Elementary School,Vandora Springs,sale***@gmail.com
North Carolina,Wake County Public School System,Elementary School,Wake Forest,sale***@gmail.com
North Carolina,Wake County Public School System,Elementary School,Wakefield,scep***@outlook.com
North Carolina,Wake County Public School System,Elementary School,Wakelon,pres***@scottsridgepta.com
North Carolina,Wake County Public School System,Elementary School,Walnut Creek,secr***@scottsridgepta.com
North Carolina,Wake County Public School System,Elementary School,Washington,smit***@gmail.com
North Carolina,Wake County Public School System,Elementary School,Weatherstone,pres***@southlakespta.org
North Carolina,Wake County Public School System,Elementary School,Wendell,secr***@southlakespta.org
North Carolina,Wake County Public School System,Elementary School,White Oak,Stou***@gmail.com
North Carolina,Wake County Public School System,Elementary School,Wildwood Forest,pres***@scespta.com
North Carolina,Wake County Public School System,Elementary School,Wiley,secr***@scespta.com
North Carolina,Wake County Public School System,Elementary School,Willow Springs,emil***@icloud.com
North Carolina,Wake County Public School System,Elementary School,Woods Creek,mart***@hotmail.com
North Carolina,Wake County Public School System,Middle School,Alston Ridge,jess***@gmail.com
North Carolina,Wake County Public School System,Middle School,Apex,eliz***@yahoo.com
North Carolina,Wake County Public School System,Middle School,Apex Friendship,wfep***@gmail.com
North Carolina,Wake County Public School System,Middle School,Carnage,Pres***@gmail.com
North Carolina,Wake County Public School System,Middle School,Carroll,secr***@gmail.com
North Carolina,Wake County Public School System,Middle School,Durant Road,wesg***@gmail.com
North Carolina,Wake County Public School System,Middle School,East Cary,info***@weatherstonepta.com
North Carolina,Wake County Public School System,Middle School,East Garner,wend***@gmail.com  
North Carolina,Wake County Public School System,Middle School,East Millbrook,pres***@westlakeptanc.org
North Carolina,Wake County Public School System,Middle School,Fuquay-Varina,secr***@westlakeptanc.org
North Carolina,Wake County Public School System,Middle School,Herbert Akins Road,west***@gmail.com
North Carolina,Wake County Public School System,Middle School,Heritage,chel***@gmail.com
North Carolina,Wake County Public School System,Middle School,Holly Grove,wild***@gmail.com
North Carolina,Wake County Public School System,Middle School,Holly Ridge,Pres***@wileypta.org
North Carolina,Wake County Public School System,Middle School,Leesville Road,wses***@gmail.com
North Carolina,Wake County Public School System,Middle School,Ligon,Wood***@gmail.com
North Carolina,Wake County Public School System,Middle School,Martin,boar***@yorkpta.org
North Carolina,Wake County Public School System,Middle School,Mills Park,pres***@yorkpta.org
North Carolina,Wake County Public School System,Middle School,Moore Square,secr***@yorkpta.org
North Carolina,Wake County Public School System,Middle School,Neuse River,zesp***@gmail.com
North Carolina,Wake County Public School System,Middle School,North Garner,Pres***@ARMSPTSA.org
North Carolina,Wake County Public School System,Middle School,Oberlin,Secr***@ARMSPTSA.org
North Carolina,Wake County Public School System,Middle School,Reedy Creek,apex***@afmsptsa.org
North Carolina,Wake County Public School System,Middle School,River Bend,trea***@carnagemiddleptsa.org
North Carolina,Wake County Public School System,Middle School,Rolesville,cmms***@gmail.com
North Carolina,Wake County Public School System,Middle School,Salem,ccmm***@gmail.com
North Carolina,Wake County Public School System,Middle School,Wake Forest,davi***@gmail.com
North Carolina,Wake County Public School System,Middle School,Wake Young Men's Leadership Academy,pres***@ddmmspta.com
North Carolina,Wake County Public School System,Middle School,Wake Young Women's Leadership Academy,secr***@ddmmspta.com
North Carolina,Wake County Public School System,Middle School,Wakefield,drms***@gmail.com
North Carolina,Wake County Public School System,Middle School,Wendell,dura***@gmail.com
North Carolina,Wake County Public School System,Middle School,West Cary,ecmm***@gmail.com
North Carolina,Wake County Public School System,Middle School,West Lake,East***@gmail.com
North Carolina,Wake County Public School System,Middle School,West Millbrook,emmm***@gmail.com
North Carolina,Wake County Public School System,Middle School,Zebulon,fvms***@gmail.com
North Carolina,Wake County Public School System,High School,Apex,herb***@gmail.com
North Carolina,Wake County Public School System,High School,Apex Friendship,herb***@gmail.com
North Carolina,Wake County Public School System,High School,Athens Drive,hmsp***@gmail.com
North Carolina,Wake County Public School System,High School,Broughton,pres***@hilburnpta.org
North Carolina,Wake County Public School System,High School,Crossroads Flex,Holl***@hrmspta.org
North Carolina,Wake County Public School System,High School,East Wake,pres***@hrmspta.org
North Carolina,Wake County Public School System,High School,Enloe,secr***@hrmspta.org
North Carolina,Wake County Public School System,High School,Felton Grove,info***@lrmsptsa.com
North Carolina,Wake County Public School System,High School,Fuquay-Varina,Ligo***@gmail.com
North Carolina,Wake County Public School System,High School,Garner,lufk***@gmail.com
North Carolina,Wake County Public School System,High School,Green Hope,lufk***@gmail.com
North Carolina,Wake County Public School System,High School,Green Level,cont***@martinpta.com
North Carolina,Wake County Public School System,High School,Heritage,pres***@mpmsptsa.org
North Carolina,Wake County Public School System,High School,Holly Springs,secr***@mpmsptsa.org
North Carolina,Wake County Public School System,High School,Knightdale,msmm***@gmail.com
North Carolina,Wake County Public School System,High School,Leesville Road,neus***@gmail.com
North Carolina,Wake County Public School System,High School,Middle Creek,nort***@gmail.com
North Carolina,Wake County Public School System,High School,North Wake College & Career Academy,pres***@phmsptsa.com
North Carolina,Wake County Public School System,High School,Panther Creek,devi***@gmail.com
North Carolina,Wake County Public School System,High School,Rolesville,rcmm***@gmail.com
North Carolina,Wake County Public School System,High School,Sanderson,pres***@gmail.com
North Carolina,Wake County Public School System,High School,Southeast Raleigh,rmsp***@gmail.com
North Carolina,Wake County Public School System,High School,Vernon Malone College & Career,pres***@spartanspta.org
North Carolina,Wake County Public School System,High School,Wake Early College of Health and Science,wake***@gmail.com
North Carolina,Wake County Public School System,High School,Wake Early College of Information and Biotechnologies,wyml***@gmail.com
North Carolina,Wake County Public School System,High School,Wake Forest,wake***@gmail.com
North Carolina,Wake County Public School System,High School,Wake STEM Early College,wake***@gmail.com
North Carolina,Wake County Public School System,High School,Wake Young Men's Leadership Academy,wmms***@gmail.com
North Carolina,Wake County Public School System,High School,Wake Young Women's Leadership Academy,wcms***@gmail.com
North Carolina,Warren County Schools,Elementary School,Mariam Boyd Elementary School,zebu***@gmail.com
North Carolina,Warren County Schools,Elementary School,Vaughan Elementary School,Comm***@afhsptsa.org
North Carolina,Warren County Schools,Middle School,Warren County Middle School,pres***@athensdriveptsa.com
North Carolina,Warren County Schools,High School,Warren County High School,pres***@broughtonptsa.org
North Carolina,Warren County Schools,High School,Warren Early College High School,secr***@broughtonptsa.org
North Carolina,Washington County Schools,High School,Washington County High School,conn***@caryhighptsa.com
North Carolina,Washington County Schools,High School,Washington County Early College High School,cros***@gmail.com
North Carolina,Washington County Schools,Elementary School,Washington County Elementary School,ewhs***@gmail.com
North Carolina,Watauga County Schools,,Bethel,pres***@enloeptsa.com
North Carolina,Watauga County Schools,,Blowing Rock,fghs***@gmail.com
North Carolina,Watauga County Schools,,Cove Creek,fvhs***@gmail.com
North Carolina,Watauga County Schools,,Green Valley,garn***@gmail.com
North Carolina,Watauga County Schools,,Hardin Park,ghhs***@gmail.com
North Carolina,Watauga County Schools,,Mabel,pres***@glhsptsa.org
North Carolina,Watauga County Schools,,Parkway,pres***@gmail.com
North Carolina,Watauga County Schools,,Valle Crucis,Lees***@msn.com
North Carolina,Watauga County Schools,High School,Watauga High School,pres***@hollyspringshsptsa.org 
North Carolina,Watauga County Schools,Academy,Watauga Virtual Academy,khsp***@gmail.com
North Carolina,Wayne County Public Schools,High School,Wayne Early/Middle College High School,lrhs***@gmail.com
North Carolina,Wayne County Public Schools,High School,Wayne School of Engineering,Midd***@gmail.com
North Carolina,Wayne County Public Schools,High School,Wayne School of Technical Arts,mill***@gmail.com
North Carolina,Wayne County Public Schools,High School,Brogden Primary,nwcc***@gmail.com
North Carolina,Wayne County Public Schools,Elementary School,Carver Elementary,pres***@panthercreekabc.org
North Carolina,Wayne County Public Schools,Elementary School,Carver Heights Elementary,pres***@panthercreekptsa.org
North Carolina,Wayne County Public Schools,Elementary School,Meadow Lane Elementary,sand***@gmail.com
North Carolina,Wayne County Public Schools,Elementary School,Grantham Elementary,srhs***@gmail.com
North Carolina,Wayne County Public Schools,Elementary School,North Drive Elementary,vmcc***@gmail.com
North Carolina,Wayne County Public Schools,Elementary School,Northwest Elementary,weci***@gmail.com
North Carolina,Wayne County Public Schools,Elementary School,Rosewood Elementary,ptsa***@gmail.com
North Carolina,Wayne County Public Schools,Elementary School,Spring Creek Elementary,wake***@gmail.com
North Carolina,Wayne County Public Schools,Elementary School,Tommy's Road Elementary,wyml***@gmail.com
North Carolina,Wayne County Public Schools,Middle School,Brogden Middle School,wake***@gmail.com
North Carolina,Wayne County Public Schools,Middle School,Dillard Middle School,wwhs***@gmail.com
North Carolina,Wayne County Public Schools,Middle School,Eastern Wayne Middle School,will***@gmail.com
North Carolina,Wayne County Public Schools,Middle School,Spring Creek Middle School,spri***@gmail.com
North Carolina,Wayne County Public Schools,High School,Eastern Wayne High School,guth***@bellsouth.net
North Carolina,Wayne County Public Schools,High School,Eastern Wayne High School,amy.***@gmail.com
North Carolina,Wilkes County Schools,Elementary School,C.B. Eller Elementary School,cbel***@gmail.com
North Carolina,Wilkes County Schools,Elementary School,C.C. Wright Elementary School,ccwr***@gmail.com
North Carolina,Wilkes County Schools,Elementary School,Mulberry Elementary School,them***@gmail.com
North Carolina,Wilkes County Schools,Elementary School,Wilkesboro Elementary School,wilk***@gmail.com
North Carolina,Wilkes County Schools,Middle School,Central Wilkes Middle School,CWMS***@gmail.com.
North Carolina,Wilkes County Schools,High School,Wilkes Central High School,wilk***@gmail.com
North Carolina,Wilson County Schools,Middle School,Elm City Middle,elmc***@gmail.com
North Carolina,Wilson County Schools,Elementary School,Jones Elementary,Chri***@wilsonschoolsnc.net
North Carolina,Wilson County Schools,Elementary School,New Hope Elementary,newh***@gmail.com
North Carolina,Wilson County Schools,Academy,Wilson Academy of Applied Technology,davi***@wilsonschoolsnc.net
North Carolina,Wilson County Schools,Academy,Wilson Early College Academy,weca***@yahoo.com
North Carolina,Winston-Salem/Forsyth County Schools,Elementary School,Cash Elementary School,lenz***@rjrt.com
North Carolina,Winston-Salem/Forsyth County Schools,Elementary School,Clemmons Elementary School,clem***@gmail.com
North Carolina,Winston-Salem/Forsyth County Schools,Elementary School,Jefferson Elementary School,ptap***@gmail.com
North Carolina,Winston-Salem/Forsyth County Schools,Elementary School,Jefferson Elementary School,kend***@gmail.com
North Carolina,Winston-Salem/Forsyth County Schools,Elementary School,Kernersville Elementary School,kesw***@gmail.com
North Carolina,Winston-Salem/Forsyth County Schools,Elementary School,Kimmel Farm Elementary School,Kfes***@gmail.com
North Carolina,Winston-Salem/Forsyth County Schools,Elementary School,Meadowlark Elementary School,mead***@gmail.com
North Carolina,Winston-Salem/Forsyth County Schools,Elementary School,Frank Morgan Elementary,morg***@gmail.com
North Carolina,Winston-Salem/Forsyth County Schools,Elementary School,Frank Morgan Elementary,heid***@gmail.com
North Carolina,Winston-Salem/Forsyth County Schools,Elementary School,Old Richmond Elementary School,oldr***@gmail.com
North Carolina,Winston-Salem/Forsyth County Schools,Elementary School,Old Town Elementary School,rmdi***@wsfcs.k12.nc.us
North Carolina,Winston-Salem/Forsyth County Schools,Elementary School,Old Town Elementary School,gatt***@wsfcs.k12.nc.us
North Carolina,Winston-Salem/Forsyth County Schools,Elementary School,Petree Elementary School,petr***@gmail.com
North Carolina,Winston-Salem/Forsyth County Schools,Elementary School,Rural Hall Elementary School,rhes***@gmail.com
North Carolina,Winston-Salem/Forsyth County Schools,Elementary School,Sedge Garden Elementary School,dgwy***@wsfcs.k12.nc.us
North Carolina,Winston-Salem/Forsyth County Schools,Elementary School,Sherwood Forest Elementary School,whit***@gmail.com
North Carolina,Winston-Salem/Forsyth County Schools,Elementary School,Sherwood Forest Elementary School,caro***@gmail.com
North Carolina,Winston-Salem/Forsyth County Schools,Elementary School,Smith Farm Elementary,smit***@gmail.com
North Carolina,Winston-Salem/Forsyth County Schools,Elementary School,Southwest Elementary School,sout***@wsfcpta.org
North Carolina,Winston-Salem/Forsyth County Schools,Elementary School,Union Cross Elementary School,ptav***@gmail.com
North Carolina,Winston-Salem/Forsyth County Schools,Elementary School,Vienna Elementary School,hell***@viennapta.org
North Carolina,Winston-Salem/Forsyth County Schools,Elementary School,Walkertown Elementary School,jadu***@wsfcs.k12.nc.us
North Carolina,Winston-Salem/Forsyth County Schools,Middle School,East Forsyth Middle School,ptsa***@gmail.com
North Carolina,Winston-Salem/Forsyth County Schools,Middle School,Kernersville Middle School,kmsh***@gmail.com
North Carolina,Winston-Salem/Forsyth County Schools,Middle School,Thomas Jefferson Middle School,anni***@gmail.com
North Carolina,Winston-Salem/Forsyth County Schools,Middle School,Lewisville Middle School,lewi***@gmail.com
North Carolina,Winston-Salem/Forsyth County Schools,Middle School,Meadowlark Middle School,mead***@gmail.com
North Carolina,Winston-Salem/Forsyth County Schools,Middle School,Northwest Middle School,nwms***@gmail.com
North Carolina,Winston-Salem/Forsyth County Schools,Middle School,Southeast Middle School,ptsa***@gmail.com
North Carolina,Winston-Salem/Forsyth County Schools,High School,East Forsyth High School,hilt***@gmail.com
North Carolina,Winston-Salem/Forsyth County Schools,High School,Mount Tabor High School,mths***@gmail.com
North Carolina,Winston-Salem/Forsyth County Schools,High School,Ronald Wilson Reagan High School,reag***@reagansports.org
North Carolina,Winston-Salem/Forsyth County Schools,High School,West Forsyth High School,WFPT***@gmail.com
North Carolina,Winston-Salem/Forsyth County Schools,High School,West Forsyth High School,Info***@gmail.com
North Carolina,Winston-Salem/Forsyth County Schools,Elementary School,Brunson Elementary School,brun***@gmail.com
North Carolina,Winston-Salem/Forsyth County Schools,Elementary School,Moore Elementary School,moor***@gmail.com
North Carolina,Winston-Salem/Forsyth County Schools,Elementary School,Speas Elementary School,ptas***@gmail.com
North Carolina,Winston-Salem/Forsyth County Schools,,The Downtown School ES/MS,dtsp***@gmail.com
North Carolina,Winston-Salem/Forsyth County Schools,,Hanes Magnet School,hane***@gmail.com
North Carolina,Winston-Salem/Forsyth County Schools,,Paisley Magnet School,pais***@gmail.com
North Carolina,Winston-Salem/Forsyth County Schools,,Paisley Magnet School,Fran***@wfu.edu
North Carolina,Winston-Salem/Forsyth County Schools,High School,North Forsyth High School,dita***@wsfcs.k12.nc.us
North Carolina,Winston-Salem/Forsyth County Schools,High School,Parkland High School,park***@gmail.com
North Carolina,Winston-Salem/Forsyth County Schools,High School,R J Reynolds High School,rjrp***@gmail.com
North Carolina,Winston-Salem/Forsyth County Schools,High School,C. Douglas Carter High School,spen***@wsfcs.k12.nc.us
North Carolina,Yadkin County Schools,Elementary School,Courtney Elementary,cour***@gmail.com
Utah,Alpine School District,Elementary School,Alpine Elementary,alpi***@gmail.com
Utah,Alpine School District,Elementary School,Aspen Elementary,aspe***@gmail.com
Utah,Alpine School District,Elementary School,Barratt Elementary,barr***@gmail.com
Utah,Alpine School District,Elementary School,Belmont Elementary,Belm***@gmail.com
Utah,Alpine School District,Elementary School,Black Ridge Elementary,blac***@gmail.com
Utah,Alpine School District,Elementary School,Brookhaven Elementary,holl***@gmail.com
Utah,Alpine School District,Elementary School,Brookhaven Elementary,aman***@gmail.com
Utah,Alpine School District,Elementary School,Cascade Elementary,casc***@gmail.com
Utah,Alpine School District,Elementary School,Cedar Ridge Elementary,bren***@gmail.com
Utah,Alpine School District,Elementary School,Centennial Elementary,cent***@gmail.com
Utah,Alpine School District,Elementary School,Central Elementary,pgce***@gmail.com
Utah,Alpine School District,Elementary School,Deerfield Elementary,ptad***@gmail.com
Utah,Alpine School District,Elementary School,Desert Sky Elementary,dese***@gmail.com
Utah,Alpine School District,Elementary School,Dry Creek Elementary,mari***@gmail.com
Utah,Alpine School District,Elementary School,Eagle Valley Elementary,eves***@gmail.com
Utah,Alpine School District,Elementary School,Eaglecrest Elementary,eagl***@gmail.com
Utah,Alpine School District,Elementary School,Forbes Elementary,jess***@alpinedistrict.org
Utah,Alpine School District,Elementary School,Fox Hollow Elementary,ptaf***@gmail.com
Utah,Alpine School District,Elementary School,Freedom Elementary,ptap***@gmail.com
Utah,Alpine School District,Elementary School,Greenwood Elementary,pres***@greenwoodutpta.org
Utah,Alpine School District,Elementary School,Greenwood Elementary,secr***@greenwoodutpta.org
Utah,Alpine School District,Elementary School,Grovecrest Elementary,mlar***@alpinedistrict.org
Utah,Alpine School District,Elementary School,Grovecrest Elementary,heat***@gmail.com
Utah,Alpine School District,Elementary School,Harvest Elementary,harv***@gmail.com
Utah,Alpine School District,Elementary School,Hidden Hollow Elementary,hhpt***@gmail.com
Utah,Alpine School District,Elementary School,Legacy Elementary,lega***@gmail.com
Utah,Alpine School District,Elementary School,Lehi Elementary,Lehi***@gmail.com
Utah,Alpine School District,Elementary School,Liberty Hills Elementary,libe***@gmail.com
Utah,Alpine School District,Elementary School,Lindon Elementary,lind***@gmail.com
Utah,Alpine School District,Elementary School,Meadow Elementary,mead***@gmail.com
Utah,Alpine School District,Elementary School,Mountain Trails Elementary,moun***@gmail.com
Utah,Alpine School District,Elementary School,North Point Elementary,macg***@msn.com
Utah,Alpine School District,Elementary School,North Point Elementary,awpa***@gmail.com
Utah,Alpine School District,Elementary School,Orchard Elementary,pres***@orchardpta.org
Utah,Alpine School District,Elementary School,Orchard Elementary,secr***@orchardpta.org
Utah,Alpine School District,Elementary School,Orem Elementary,stew***@gmail.com
Utah,Alpine School District,Elementary School,Orem Elementary,orem***@gmail.com
Utah,Alpine School District,Elementary School,Parkside Elementary,park***@gmail.com
Utah,Alpine School District,Elementary School,Pony Express Elementary,pony***@gmail.com
Utah,Alpine School District,Elementary School,Ridgeline Elementary,pta.***@gmail.com
Utah,Alpine School District,Elementary School,River Rock Elementary,rive***@gmail.com
Utah,Alpine School District,Elementary School,Riverview Elementary,pres***@riverviewpta.org
Utah,Alpine School District,Elementary School,Sage Hills Elementary,Sage***@gmail.com
Utah,Alpine School District,Elementary School,Shelley Elementary,emil***@gmail.com
Utah,Alpine School District,Elementary School,Shelley Elementary,kase***@gmail.com
Utah,Alpine School District,Elementary School,Silver Lake Elementary,pta.***@gmail.com
Utah,Alpine School District,Elementary School,Snow Springs Elementary,snow***@gmail.com
Utah,Alpine School District,Elementary School,Springside Elementary,spri***@gmail.com
Utah,Alpine School District,Elementary School,Thunder Ridge Elementary,rapt***@gmail.com
Utah,Alpine School District,Elementary School,Trailside Elementary,trai***@gmail.com
Utah,Alpine School District,Elementary School,Traverse Mountain Elementary,ptat***@gmail.com
Utah,Alpine School District,Elementary School,Westfield Elementary,wete***@gmail.com
Utah,Alpine School District,Elementary School,Westmore Elementary,ptaw***@gmail.com
Utah,Alpine School District,Elementary School,Windsor Elementary,wind***@gmail.com
Utah,Alpine School District,Middle School,American Fork Junior,krov***@gmail.com
Utah,Alpine School District,Middle School,American Fork Junior,juli***@gmail.com
Utah,Alpine School District,Middle School,Canyon View Junior,CVJH***@gmail.com
Utah,Alpine School District,Middle School,Lake Mountain Middle,keay***@gmail.com
Utah,Alpine School District,Middle School,Lake Mountain Middle,mmgo***@yahoo.com
Utah,Alpine School District,Middle School,Lakeridge Junior,ptsa***@gmail.com
Utah,Alpine School District,Middle School,Mountain Ridge Junior,amyl***@yahoo.com
Utah,Alpine School District,Middle School,Mountain Ridge Junior,kirs***@yahoo.com
Utah,Alpine School District,Middle School,Orem Junior,Orem***@gmail.com
Utah,Alpine School District,Middle School,Sage Canyon Middle,sage***@gmail.com
Utah,Alpine School District,Middle School,Sage Canyon Middle,sage***@gmail.com
Utah,Alpine School District,Middle School,Timberline Middle,timb***@gmail.com
Utah,Alpine School District,Middle School,Viewpoint Middle,View***@gmail.com
Utah,Alpine School District,Middle School,Willowcreek Middle,shan***@alpinedistrict.org
Utah,Alpine School District,High School,American Fork High,jenk***@yahoo.com
Utah,Alpine School District,High School,Cedar Valley High,cvhs***@gmail.com
Utah,Alpine School District,High School,Lehi High,nata***@gmail.com
Utah,Alpine School District,High School,Lehi High,pans***@gmail.com
Utah,Alpine School District,High School,Orem High,orem***@gmail.com
Utah,Alpine School District,High School,Skyridge High,skyr***@gmail.com
Utah,Alpine School District,High School,Timpanogos High,twol***@gmail.com
Utah,Box Elder School District,Elementary School,Century Elementary,harr***@gmail.com
Utah,Box Elder School District,Elementary School,North Park Elementary,nort***@gmail.com
Utah,Cache County School District,Elementary School,Canyon Elementary School,cany***@gmail.com
Utah,Cache County School District,Elementary School,Greenville Elementary School, gre***@gmail.com
Utah,Cache County School District,Elementary School,Heritage Elementary School,kaki***@gmail.com
Utah,Cache County School District,Elementary School,Heritage Elementary School,jenn***@gmail.com
Utah,Cache County School District,Elementary School,Millville Elementary School,mill***@gmail.com
Utah,Cache County School District,Elementary School,Mountainside Elementary School,ptam***@gmail.com
Utah,Cache County School District,Elementary School,Nibley Elementary School,nibl***@gmail.com
Utah,Cache County School District,Elementary School,North Park Elementary School,npkn***@gmail.com
Utah,Cache County School District,Elementary School,Providence Elementary School,prov***@gmail.com
Utah,Cache County School District,Elementary School,Summit Elementary School,summ***@gmail.com
Utah,Cache County School District,Elementary School,Wellsville Elementary School,wolf***@gmail.com
Utah,Cache County School District,Elementary School,White Pine Elementary School,ptap***@gmail.com
Utah,Cache County School District,Middle School,South Cache Middle School,audr***@ccsdut.org
Utah,Cache County School District,Middle School,Spring Creek Middle School,spri***@gmail.com
Utah,Cache County School District,High School,Green Canyon High School,gree***@gmail.com
Utah,Cache County School District,High School,Mountain Crest High School,mcpa***@gmail.com
Utah,Cache County School District,High School,Ridgeline High School,ridg***@gmail.com
Utah,Cache County School District,High School,Sky View High School,svhs***@gmail.com
Utah,Davis School District,Elementary School,Adams Elementary,PTA.***@gmail.com
Utah,Davis School District,Elementary School,Bluff Ridge Elementary,bluf***@gmail.com 
Utah,Davis School District,Elementary School,Boulton Elementary,sara***@comcast.net
Utah,Davis School District,Elementary School,Bountiful Elementary,boun***@gmail.com
Utah,Davis School District,Elementary School,Buffalo Point Elementary,awat***@dsdmail.net
Utah,Davis School District,Elementary School,Buffalo Point Elementary,surf***@yahoo.com
Utah,Davis School District,Elementary School,Burton Elementary,ptob***@gmail.com
Utah,Davis School District,Elementary School,Canyon Creek Elementary,cany***@gmail.com
Utah,Davis School District,Elementary School,Centerville Elementary,ptac***@gmail.com
Utah,Davis School District,Elementary School,Columbia Elementary,pta.***@gmail.com
Utah,Davis School District,,Davis Connect K-6 Online School,davi***@dsdmail.net
Utah,Davis School District,Elementary School,Doxey Elementary,char***@gmail.com
Utah,Davis School District,Elementary School,Ellison Park Elementary,Elli***@gmail.com
Utah,Davis School District,Elementary School,Foxboro Elementary,foxb***@gmail.com
Utah,Davis School District,Elementary School,Holbrook Elementary,tabi***@gmail.com
Utah,Davis School District,Elementary School,Holbrook Elementary,ylam***@gmail.com
Utah,Davis School District,Elementary School,Holt Elementary,holt***@gmail.com
Utah,Davis School District,Elementary School,Kay's Creek Elementary,Kays***@gmail.com
Utah,Davis School District,Elementary School,King Elementary,egki***@gmail.com
Utah,Davis School District,Elementary School,Knowlton Elementary,know***@gmail.com
Utah,Davis School District,Elementary School,Lakeside Elementary,lake***@gmail.com
Utah,Davis School District,Elementary School,Meadowbrook Elementary,Hans***@gmail.com
Utah,Davis School District,Elementary School,Meadowbrook Elementary,Cham***@icloud.com
Utah,Davis School District,Elementary School,Mountain View Elementary,Mvep***@gmail.com
Utah,Davis School District,Elementary School,Muir Elementary,tama***@gmail.com
Utah,Davis School District,Elementary School,Muir Elementary,heid***@yahoo.com
Utah,Davis School District,Elementary School,Oak Hills Elementary,ptao***@gmail.com
Utah,Davis School District,Elementary School,Parkside Elementary,park***@gmail.com
Utah,Davis School District,Elementary School,Sand Springs Elementary,sand***@gmail.com
Utah,Davis School District,Elementary School,South Weber Elementary,SoWe***@gmail.com
Utah,Davis School District,Elementary School,Stewart Elementary,stew***@dsdmail.net
Utah,Davis School District,Elementary School,Sunburst Elementary,beck***@gmail.com
Utah,Davis School District,Elementary School,Sunburst Elementary,gosu***@yahoo.com
Utah,Davis School District,Elementary School,Syracuse Elementary,syra***@gmail.com
Utah,Davis School District,Elementary School,Valley View Elementary,Vall***@gmail.com
Utah,Davis School District,High School,Centennial Junior High,dang***@rocketmail.com
Utah,Davis School District,High School,Centennial Junior High,rowe***@hotmail.com
Utah,Davis School District,High School,Fairfield Junior High,regi***@utahpta.org
Utah,Davis School District,High School,Kaysville Junior High,heat***@gmail.com
Utah,Davis School District,High School,Millcreek Junior High,mist***@comcast.net
Utah,Davis School District,High School,Mueller Park Junior High,muel***@gmail.com
Utah,Davis School District,High School,North Davis Junior High,tglo***@gmail.com
Utah,Davis School District,High School,North Layton Junior High,ahib***@gmail.com
Utah,Davis School District,High School,North Layton Junior High,emil***@hotmail.com
Utah,Davis School District,High School,Shoreline Junior High,stac***@yahoo.com
Utah,Davis School District,High School,Shoreline Junior High,moni***@gmail.com
Utah,Davis School District,High School,Bountiful High,boun***@gmail.com
Utah,Davis School District,High School,Davis High,wikk***@gmail.com
Utah,Davis School District,High School,Davis High,live***@hotmail.com
Utah,Davis School District,High School,Farmington High,fhsp***@gmail.com
Utah,Davis School District,High School,Layton High,mary***@gmail.com
Utah,Davis School District,High School,Layton High,blak***@gmail.com
Utah,Davis School District,High School,Syracuse High,wnel***@dsdmail.net
Utah,Davis School District,High School,Syracuse High,summ***@gmail.com
Utah,Davis School District,High School,Viewmont High,View***@gmail.com
Utah,Granite School District,Elementary School,Academy Park,acad***@gmail.com
Utah,Granite School District,Elementary School,Armstrong Academy,neil***@gmail.com
Utah,Granite School District,Elementary School,"Bacchus, Thomas W.",aner***@graniteschools.org
Utah,Granite School District,Elementary School,Bennion,benn***@gmail.com
Utah,Granite School District,Elementary School,"Bridger, Jim",brid***@gmail.com
Utah,Granite School District,Elementary School,Copper Hills,cast***@gmail.com
Utah,Granite School District,Elementary School,Copper Hills,adri***@yahoo.com
Utah,Granite School District,Elementary School,Cottonwood,cott***@gmail.com
Utah,Granite School District,Elementary School,Diamond Ridge,diam***@gmail.com
Utah,Granite School District,Elementary School,Diamond Ridge,mrsb***@yahoo.com
Utah,Granite School District,Elementary School,"Driggs, Howard R.",ptad***@gmail.com
Utah,Granite School District,Elementary School,Eastwood,pta.***@gmail.com
Utah,Granite School District,Elementary School,Elk Run,elkr***@gmail.com
Utah,Granite School District,Elementary School,"Gourley, David",saun***@gmail.com
Utah,Granite School District,Elementary School,"Gourley, David",elli***@gmail.com
Utah,Granite School District,Elementary School,Hillsdale,asor***@gmail.com
Utah,Granite School District,Elementary School,Hillside,hill***@gmail.com
Utah,Granite School District,Elementary School,Hunter,hunt***@gmail.com
Utah,Granite School District,Elementary School,Magna STEAM,tfek***@yahoo.com
Utah,Granite School District,Elementary School,Magna STEAM,becc***@gmail.com
Utah,Granite School District,Elementary School,Monroe,ella***@hotmail.com
Utah,Granite School District,Elementary School,Monroe,neli***@gmail.com
Utah,Granite School District,Elementary School,Morningside,pres***@morningsidepta.org
Utah,Granite School District,Elementary School,Morningside,secr***@morningsidepta.org
Utah,Granite School District,Elementary School,"Moss, James E.",lwad***@graniteschools.org
Utah,Granite School District,Elementary School,Oakridge,oakr***@gmail.com
Utah,Granite School District,Elementary School,Oakwood,oakw***@gmail.com
Utah,Granite School District,Elementary School,"Penn, William",will***@gmail.com
Utah,Granite School District,Elementary School,"Penn, William",will***@gmail.com
Utah,Granite School District,Elementary School,Pioneer,ckey***@gmail.com
Utah,Granite School District,Elementary School,Pioneer,cris***@gmail.com
Utah,Granite School District,Elementary School,Plymouth,plym***@gmail.com
Utah,Granite School District,Elementary School,Plymouth,plym***@gmail.com
Utah,Granite School District,Elementary School,Rolling Meadows,lown***@me.com
Utah,Granite School District,Elementary School,Rosecrest,rose***@gmail.com
Utah,Granite School District,Elementary School,Silver Hills,silv***@gmail.com
Utah,Granite School District,Elementary School,"Smith, Calvin",calv***@gmail.com
Utah,Granite School District,Elementary School,South Kearns,ptas***@gmail.com
Utah,Granite School District,Elementary School,Stansbury,jmha***@graniteschools.org
Utah,Granite School District,Elementary School,Taylorsville,Tayl***@gmail.com
Utah,Granite School District,Elementary School,"Truman, Harry S.",trum***@gmail.com
Utah,Granite School District,Elementary School,Upland Terrace,upla***@gmail.com
Utah,Granite School District,Elementary School,Vista,vist***@gmail.com
Utah,Granite School District,Elementary School,Vista,vist***@gmail.com
Utah,Granite School District,Elementary School,West Valley,ptaw***@gmail.com
Utah,Granite School District,Elementary School,Whittier,whit***@gmail.com
Utah,Granite School District,Elementary School,"Wilson, Woodrow", and***@gmail.com
Utah,Granite School District,Elementary School,Woodstock,sara***@gmail.com
Utah,Granite School District,Elementary School,Woodstock,audr***@gmail.com
Utah,Granite School District,Elementary School,"Wright, Gearld L.",wrig***@gmail.com
Utah,Granite School District,Elementary School,"Wright, Gearld L.",mari***@yahoo.com
Utah,Granite School District,Elementary School,"Wright, Gearld L.",rees***@gmail.com
Utah,Granite School District,High School,Bennion,benn***@gmail.com
Utah,Granite School District,High School,Churchill,jtem***@yahoo.com
Utah,Granite School District,High School,Churchill,ausc***@gmail.com
Utah,Granite School District,High School,Eisenhower,ejhp***@gmail.com
Utah,Granite School District,High School,Eisenhower,ejhp***@gmail.com
Utah,Granite School District,High School,Evergreen,ever***@gmail.com
Utah,Granite School District,High School,"Jefferson, Thomas",Jeff***@gmail.com
Utah,Granite School District,High School,"Kennedy, John F.",Kenn***@gmail.com
Utah,Granite School District,High School,"Matheson, Scott M.",math***@gmail.com
Utah,Granite School District,High School,Olympus,barb***@gmail.com
Utah,Granite School District,High School,West Lake STEM,west***@gmail.com
Utah,Granite School District,High School,Cyprus,rwsk***@gmail.com
Utah,Granite School District,High School,Cyprus,rrwh***@gmail.com
Utah,Granite School District,High School,Granite Connection,djbe***@graniteschools.org
Utah,Granite School District,High School,Hunter,chri***@gmail.com
Utah,Granite School District,High School,Hunter,ajpe***@gmail.com
Utah,Granite School District,High School,Kearns,thel***@yahoo.com
Utah,Granite School District,High School,Kearns,vfsw***@gmail.com
Utah,Granite School District,High School,Olympus,Olym***@gmail.com
Utah,Granite School District,High School,Skyline,char***@gmail.com
Utah,Granite School District,High School,Taylorsville,brad***@gmail.com
Utah,Granite School District,High School,Taylorsville,ange***@yahoo.com
Utah,Iron County School District,Elementary School,East Elementary,east***@gmail.com
Utah,Iron County School District,Elementary School,Enoch Elementary,ptae***@gmail.com
Utah,Iron County School District,Elementary School,Escalante Valley Elementary,evsp***@gmail.com
Utah,Iron County School District,Elementary School,Fiddlers Elementary,fidd***@gmail.com
Utah,Iron County School District,Elementary School,Iron Springs Elementary,iron***@gmail.com
Utah,Iron County School District,Elementary School,North Elementary,nort***@gmail.com
Utah,Iron County School District,Elementary School,Parowan Elementary,paro***@gmail.com
Utah,Iron County School District,Elementary School,South Elementary,sout***@yahoo.com
Utah,Iron County School District,Elementary School,Three Peaks Elementary,3pea***@gmail.com
Utah,Jordan School District,Elementary School,Antelope Canyon,shel***@antelopecanyonpta.org
Utah,Jordan School District,Elementary School,Aspen,suza***@jordandistrict.org.
Utah,Jordan School District,Elementary School,Bastian,bast***@gmail.com
Utah,Jordan School District,Elementary School,Blackridge,ptab***@gmail.com
Utah,Jordan School District,Elementary School,Bluffdale,rs_b***@hotmail.com
Utah,Jordan School District,Elementary School,Bluffdale,andr***@gmail.com
Utah,Jordan School District,Elementary School,Butterfield Canyon,pta.***@gmail.com
Utah,Jordan School District,Elementary School,Columbia,colu***@gmail.com
Utah,Jordan School District,Elementary School,Copper Canyon,copp***@gmail.com
Utah,Jordan School District,Elementary School,Daybreak,lisa***@gmail.com
Utah,Jordan School District,Elementary School,Daybreak,laur***@hotmail.com
Utah,Jordan School District,Elementary School,Eastlake,jami***@gmail.com
Utah,Jordan School District,Elementary School,Elk Meadows,elkm***@gmail.com
Utah,Jordan School District,Elementary School,Falcon Ridge,falc***@gmail.com
Utah,Jordan School District,Elementary School,Foothills,info***@foothillselementarypta.com
Utah,Jordan School District,Elementary School,Fox Hollow,pres***@foxhollowpta.com
Utah,Jordan School District,Elementary School,Golden Fields,gold***@gmail.com
Utah,Jordan School District,Elementary School,Hayden Peak,arib***@jordandistrict.org
Utah,Jordan School District,Elementary School,Heartland,hear***@gmail.com
Utah,Jordan School District,Elementary School,Herriman,herr***@gmail.com
Utah,Jordan School District,Elementary School,Jordan Ridge,jord***@gmail.com
Utah,Jordan School District,Elementary School,Majestic Arts Academy,ptam***@gmail.com
Utah,Jordan School District,Elementary School,Midas Creek,mida***@gmail.com
Utah,Jordan School District,Elementary School,Monte Vista,mont***@gmail.com
Utah,Jordan School District,Elementary School,Mountain Point,moun***@gmail.com
Utah,Jordan School District,Elementary School,Mountain Shadows,moun***@gmail.com
Utah,Jordan School District,Elementary School,Oakcrest,ksni***@gmail.com
Utah,Jordan School District,Elementary School,Oquirrh,oqui***@gmail.com
Utah,Jordan School District,Elementary School,Ridge View,rvra***@gmail.com
Utah,Jordan School District,Elementary School,Riverside,wjri***@gmail.com
Utah,Jordan School District,Elementary School,Riverton,rive***@gmail.com
Utah,Jordan School District,Elementary School,Rocky Peak,andr***@hotmail.com
Utah,Jordan School District,Elementary School,Rocky Peak,kayl***@gmail.com
Utah,Jordan School District,Elementary School,Rosamond,laur***@gmail.com
Utah,Jordan School District,Elementary School,Rose Creek,rcra***@gmail.com
Utah,Jordan School District,Elementary School,Silver Crest,marm***@gmail.com
Utah,Jordan School District,Elementary School,South Jordan,sout***@gmail.com
Utah,Jordan School District,Elementary School,Southland,Sout***@gmail.com
Utah,Jordan School District,Elementary School,Terra Linda,char***@yahoo.com
Utah,Jordan School District,Elementary School,Welby,cont***@gmail.com
Utah,Jordan School District,Elementary School,Westland,pta.***@gmail.com
Utah,Jordan School District,Middle School,Copper Mountain,copp***@gmail.com
Utah,Jordan School District,Middle School,Hidden Valley,chan***@hotmail.com
Utah,Jordan School District,Middle School,Joel P. Jensen,kath***@jordandistrict.org
Utah,Jordan School District,Middle School,Mountain Creek,snic***@gmail.com
Utah,Jordan School District,Middle School,Oquirrh Hills,ptao***@gmail.com
Utah,Jordan School District,Middle School,South Hills,sout***@gmail.com
Utah,Jordan School District,Middle School,West Jordan,wjms***@gmail.com
Utah,Jordan School District,High School,Bingham,shay***@gmail.com
Utah,Jordan School District,High School,Copper Hills,copp***@gmail.com
Utah,Jordan School District,High School,Herriman,debh***@gmail.com
Utah,Kane School District,Elementary School,Kanab Elementary,buck***@gmail.com
Utah,Logan School District,Elementary School,Adams Elementary,eeas***@gmail.com
Utah,Logan School District,Elementary School,Wilson Elementary,tiff***@gmail.com
Utah,Morgan School District,High School,Morgan High,andr***@morgansd.org
Utah,Morgan School District,Middle School,Morgan Middle,andr***@morgansd.org
Utah,Morgan School District,,Morgan Online,andr***@morgansd.org
Utah,Morgan School District,Preschool,Morgan Preschool,andr***@morgansd.org
Utah,Morgan School District,,Morgan School,andr***@morgansd.org
Utah,Morgan School District,Middle School,Mountain Green Middle,andr***@morgansd.org
Utah,Morgan School District,Preschool,Mountain Green Preschool,andr***@morgansd.org
Utah,Morgan School District,,Mountain Green School,andr***@morgansd.org
Utah,Murray School District,,Grant School,hhal***@gmail.com
Utah,Murray School District,High School,Hillcrest Jr High,kkie***@oneteloperations.com
Utah,Murray School District,,Horizon School,ryle***@yahoo.com
Utah,Murray School District,,Liberty School,lind***@gmail.com
Utah,Murray School District,,Longview School,caro***@gmail.com
Utah,Murray School District,,Mcmillan School,ashl***@gmail.com
Utah,Murray School District,High School,Murray High,erin***@gmail.com
Utah,Murray School District,,Parkside School,elys***@gmail.com
Utah,Murray School District,Elementary School,Viewmont Elementary School,tary***@gmail.com
Utah,Murray School District,High School,Riverview Jr. High School,lisa***@gmail.com
Utah,Nebo School District,Elementary School,Apple Valley Elementary,appl***@gmail.com
Utah,Nebo School District,Elementary School,Art City Elementary,artc***@gmail.com
Utah,Nebo School District,Elementary School,Barnett Elementary,barn***@gmail.com
Utah,Nebo School District,Elementary School,Cherry Creek Elementary,cher***@gmail.com
Utah,Nebo School District,Elementary School,East Meadows Elementary,dcmi***@gmail.com
Utah,Nebo School District,Elementary School,East Meadows Elementary,jpet***@gmail.com
Utah,Nebo School District,Elementary School,Foothills Elementary,foot***@gmail.com
Utah,Nebo School District,Elementary School,Goshen Elementary,gosh***@gmail.com
Utah,Nebo School District,Elementary School,Meadow Brook Elementary,mead***@gmail.com
Utah,North Sanpete School District,Elementary School,Mt. Pleasant Elementary,ptam***@gmail.com
Utah,Ogden School District,Elementary School,New Bridge Elementary,john***@gmail.com
Utah,Ogden School District,Elementary School,Polk Elementary,tchr***@gmail.com
Utah,Ogden School District,Elementary School,Shadow Valley Elementary,ptas***@gmail.com
Utah,Ogden School District,High School,Highland Junior High,bill***@gmail.com
Utah,Ogden School District,High School,Mound Fort Junior High,njab***@gmail.com
Utah,Ogden School District,High School,Ben Lomond High School,blhs***@ogdensd.org
Utah,Ogden School District,High School,Ogden High School,ogde***@gmail.com
Utah,Park City School District,High School,Park City High School,http***@gmail.com
Utah,Park City School District,Middle School,Ecker Hill Middle School,pto@***@eckerpto.org
Utah,Park City School District,Elementary School,Jeremy Ranch Elementary,jres***@gmail.com
Utah,Park City School District,Elementary School,Trailside Elementary,trai***@gmail.com
Utah,Park City School District,Elementary School,McPolin Elementary,mcpo***@gmail.com
Utah,Park City School District,Elementary School,Parley's Park Elementary,parl***@gmail.com
Utah,Park City School District,Elementary School,Parley's Park Elementary,pres***@gmail.com
Utah,Park City School District,Elementary School,Parley's Park Elementary,secr***@gmail.com
Utah,Provo City School District,Elementary School,Franklin,fran***@gmail.com
Utah,Provo City School District,Elementary School,Lakeview,lake***@gmail.com
Utah,Provo City School District,Elementary School,Spring Creek, spr***@gmail.com
Utah,Provo City School District,Elementary School,Sunset View,suns***@gmail.com
Utah,Provo City School District,Elementary School,Timpanogos,Timp***@gmail.com
Utah,Provo City School District,Elementary School,Wasatch,PAWS***@gmail.com
Utah,Provo City School District,Middle School,Centennial Middle,cent***@gmail.com
Utah,Provo City School District,Middle School,Shoreline Middle,shor***@gmail.com
Utah,Salt Lake City School District,High School,West High,west***@gmail.com
Utah,Salt Lake City School District,High School,East High,kris***@gmail.com
Utah,Salt Lake City School District,High School,East High,shel***@gmail.com
Utah,Salt Lake City School District,Middle School,Clayton Middle,emil***@outlook.com
Utah,Salt Lake City School District,Middle School,Hillside Middle,hill***@gmail.com
Utah,Salt Lake City School District,Elementary School,Beacon Heights Elementary,beac***@gmail.com
Utah,Salt Lake City School District,Elementary School,Bonneville Elementary,kras***@gmail.com
Utah,Salt Lake City School District,Elementary School,Bonneville Elementary,jess***@gmail.com
Utah,Salt Lake City School District,Elementary School,Dilworth Elementary,rigb***@gmail.com
Utah,Salt Lake City School District,Elementary School,Emerson Elementary,emer***@gmail.com
Utah,Salt Lake City School District,Elementary School,Highland Park Elementary,high***@gmail.com
Utah,Salt Lake City School District,Elementary School,Liberty Elementary,ptal***@gmail.com
Utah,Salt Lake City School District,Elementary School,Newman Elementary,newm***@gmail.com
Utah,Salt Lake City School District,Elementary School,Uintah Elementary,uint***@gmail.com
Utah,Salt Lake City School District,Elementary School,Wasatch Elementary,info***@wasatchpta.com
Utah,Salt Lake City School District,Elementary School,Whittier Elementary,Whit***@gmail.com
Utah,Sevier School District,Middle School,North Sevier Middle,brit***@gmail.com
Utah,Sevier School District,High School,North Sevier High,holl***@seviersd.org
Utah,Sevier School District,High School,Richfield High,kris***@hotmail.com
Utah,Sevier School District,High School,South Sevier High,barb***@seviersd.org
Utah,South Sanpete School District,Elementary School,Ephraim Elementary ,ephr***@gmail.com
Utah,South Sanpete School District,Middle School,Gunnison Valley Middle,Nata***@yahoo.com
Utah,South Sanpete School District,Elementary School,Gunnison Valley  Elementary School,Elis***@ssanpete.org
Utah,South Summit School District,Elementary School,South Summit Elementary School,lf@s***@ssummit.org
Utah,Tintic School District,Elementary School,Eureka Elementary School,norm***@gmail.com
Utah,Tintic School District,Elementary School,West Desert Elementary School,im8u***@gmail.com
Utah,Tintic School District,High School,Tintic High School,barl***@gmail.com
Utah,Tintic School District,High School,West Desert High School,she8***@outlook.com
Utah,Uintah School District,Elementary School,Discovery Elementary School,disc***@gmail.com
Utah,Wasatch School District,Elementary School,J.R. Smith Elementary School,jrsw***@wasatch.edu
Utah,Wasatch School District,Middle School,Rocky Mountain Middle School,5bin***@gmail.com
Utah,Washington County School District,Elementary School,Bloomington Elementary, blo***@gmail.com
Utah,Washington County School District,Elementary School,Bloomington Hills Elementary,crim***@gmail.com
Utah,Washington County School District,Elementary School,Desert Canyons Elementary,pta.***@gmail.com
Utah,Washington County School District,Elementary School,Diamond Valley Elementary,DVES***@GMAIL.COM
Utah,Washington County School District,Elementary School,Horizon Elementary,hori***@ gmail.com
Utah,Washington County School District,Elementary School,Hurricane Elementary,spea***@hurricanepto.org
Utah,Washington County School District,Elementary School,LaVerkin Elementary,lega***@gmail.com
Utah,Washington County School District,Elementary School,Legacy Elementary,lega***@gmail.com
Utah,Washington County School District,Elementary School,Little Valley Elementary,litt***@gmail.com
Utah,Washington County School District,Elementary School,Panorama Elementary,PANO***@GMAIL.COM
Utah,Washington County School District,Elementary School,Paradise Canyon Elementary,PARA***@GMAIL.COM
Utah,Washington County School District,Elementary School,Paradise Canyon Elementary,laur***@gmail.com
Utah,Washington County School District,Elementary School,Riverside Elementary,REDH***@GMAIL.COM
Utah,Washington County School District,Elementary School,Sandstone Elementary,sand***@gmail.com
Utah,Washington County School District,Elementary School,South Mesa Elementary,sout***@gmail.com
Utah,Washington County School District,Elementary School,Washington Elementary,wash***@gmail.com
Utah,Washington County School District,,Lava Ridge Intermediate,Jand***@gmail.com
Utah,Washington County School District,,Pine View Intermediate,foss***@gmail.com
Utah,Washington County School District,,Sunrise Ridge Intermediate,PTAS***@GMAIL.COM
Utah,Washington County School District,,Washington Fields Intermediate,WFIS***@GMAIL.COM
Utah,Washington County School District,Middle School,Crimson Cliffs Middle,crim***@gmail.com
Utah,Washington County School District,Middle School,Dixie Middle,Dixi***@gmail.com
Utah,Washington County School District,High School,Water Canyon High,mcli***@hotmail.com
Utah,Washington County School District,High School,Crimson Cliffs High,cchs***@gmail.com
Utah,Washington County School District,High School,Snow Canyon High,snow***@gmail.com
Utah,Weber School District,High School,Mountain View Junior High,mpat***@wsd.net
Utah,Weber School District,High School,North Ogden Junior High,mall***@gmail.com
Utah,Weber School District,High School,North Ogden Junior High,clar***@gmail.com
Utah,Weber School District,Elementary School,A Parley Bates Elementary,bate***@gmail.com
Utah,Weber School District,Elementary School,Country View Elementary,Shel***@gmail.com
Utah,Weber School District,Elementary School,Country View Elementary,Lisa***@outlook.com
Utah,Weber School District,Elementary School,Majestic Elementary,maje***@gmail.com
Utah,Weber School District,Elementary School,Midland Elementary,midl***@gmail.com
Utah,Weber School District,Elementary School,Pioneer Elementary,hnal***@gmail.com
Utah,Weber School District,Elementary School,Pioneer Elementary,suzi***@gmail.com
Utah,Weber School District,Elementary School,Riverdale Elementary,rive***@gmail.com
Utah,Weber School District,Elementary School,Valley Elementary,Pres***@valleypto.com
Utah,Weber School District,Elementary School,West Haven Elementary,West***@gmail.com
Montana,Amsterdam School,,Amsterdam Elem,pare***@gmail.com
Montana,Bozeman School District 7,Elementary School,Emily Dickinson Elementary School,emil***@gmail.com 
Montana,Bozeman School District 7,High School,Gallatin High School,GHSr***@gmail.com
Montana,Gallatin Gateway School,,gallatin gateway 7-8,ggbo***@gmail.com
Montana,Gallatin Gateway School,,gallatin gateway school,ggbo***@gmail.com
Montana,Malmborg School,High School,Bozeman High School,boze***@gmail.com
Montana,Manhattan School District #3,Elementary School,Manhattan Elementary School,manh***@gmail.com
Montana,Manhattan School District #3,Middle School,Manhattan Middle School,manh***@gmail.com
Montana,Manhattan School District #3,High School,Manhattan High School,manh***@gmail.com
Montana,Manhattan School District #3,,,tige***@gmail.com
Kansas,Andover,High School,Andover High School,mand***@att.net
Kansas,Andover,Middle School,Andover Central Middle School,PAWS***@gmail.com
Kansas,Andover,Middle School,Andover Middle School,amsp***@gmail.com
Kansas,Andover,Elementary School,Cottonwood Elementary,kim@***@depewgillen.com
Kansas,Andover,Elementary School,Meadowlark Elementary,mead***@gmail.com
Kansas,Andover,Elementary School,Prairie Creek Elementary,sklc***@hotmail.com
Kansas,Andover,Elementary School,Robert Martin Elementary,rmme***@gmail.com
Kansas,Andover,Elementary School,Wheatland Elementary,ptow***@gmail.com
Kansas,Augusta,Elementary School,Ewalt Elementary,ewal***@usd402.com
Kansas,Augusta,High School,Augusta High School,ahsb***@gmail.com
Kansas,Baldwin City,Elementary School,baldwin elementary intermediate center,besp***@usd348.com
Kansas,Circle,Elementary School,Circle Benton Elementary(opens in new window/tab),cbep***@usd375.org
Kansas,Clearwater,Elementary School,Clearwater Elementary West,usd2***@gmail.com
Kansas,Clearwater,Middle School,Clearwater Intermediate Middle School,usd2***@gmail.com
Kansas,Clearwater,High School,Clearwater High School,usd2***@gmail.com
Kansas,Clearwater,,,clea***@gmail.com
Kansas,De Soto,Elementary School,Belmont Elementary,belm***@gmail.com
Kansas,De Soto,,Cedar Trails Exploration Center,EDur***@usd232.org
Kansas,De Soto,Elementary School,Clear Creek Elementary,clea***@gmail.com
Kansas,De Soto,High School,De Soto High School,DHSc***@gmail.com
Kansas,De Soto,Elementary School,Horizon Elementary,heti***@gmail.com
Kansas,De Soto,Middle School,Mill Creek Middle School,admi***@mcmspta.org
Kansas,De Soto,High School,Mill Valley High School,mvja***@gmail.com
Kansas,De Soto,Elementary School,Mize Elementary,mize***@gmail.com
Kansas,De Soto,Middle School,Monticello Trails Middle School,mtms***@gmail.com
Kansas,De Soto,Elementary School,Prairie Ridge Elementary,pref***@gmail.com 
Kansas,De Soto,Elementary School,Riverview Elementary,refa***@gmail.com
Kansas,De Soto,Elementary School,Starside Elementary,star***@gmail.com
Kansas,Derby Unified School District,Elementary School,Derby Hills Elementary,dhil***@gmail.com
Kansas,Derby Unified School District,Elementary School,Swaney Elementary,swan***@gmail.com
Kansas,Derby Unified School District,Elementary School,Tanglewood Elementary,pto.***@gmail.com
Kansas,Derby Unified School District,Elementary School,Wineteer Elementary,wine***@gmail.com
Kansas,Derby Unified School District,Middle School,Derby Middle School,dms.***@gmail.com
Kansas,Derby Unified School District,Middle School,Derby North Middle School,lmcf***@usd260.com
Kansas,Derby Unified School District,High School,Derby High School,derb***@usd260.com
Kansas,Douglass Public Schools,Elementary School,Leonard Seal Elementary School ,seal***@gmail.com
Kansas,Eudora,Elementary School,Eudora Elementary School,Eudo***@gmail.com
Kansas,Eudora,Middle School,Eudora Middle School,kari***@mygoodlide.org
Kansas,Eudora,High School,Eudora High School,eudo***@gmail.com
Kansas,Goddard,High School,Eisenhower High School,tige***@gmail.com
Kansas,Goddard,High School,Goddard High School,godd***@gmail.com
Kansas,Goddard,Middle School,Eisenhower Middle School,tige***@gmail.com
Kansas,Goddard,Middle School,Goddard Middle School,godd***@gmail.com
Kansas,Goddard,,Discovery Intermediate School,disc***@gmail.com
Kansas,Goddard,Elementary School,Amelia Earhart Elementary School,earh***@gmail.com
Kansas,Goddard,Elementary School,Apollo Elementary School,apol***@gmail.com
Kansas,Goddard,Elementary School,Clark Davidson Elementary School,cdsp***@gmail.com
Kansas,Goddard,Elementary School,Explorer Elementary School,expl***@gmail.com
Kansas,Goddard,Elementary School,Oak Street Elementary School,tlta***@yahoo.com
Kansas,Haysville,Elementary School,Nelson Elementary,Nels***@USD261.com
Kansas,Haysville,Elementary School,Oatville Elementary,oatv***@gmail.com
Kansas,Haysville,Elementary School,Ruth Clark Elementary,rcpt***@usd261.com
Kansas,Haysville,High School,Campus High School,camp***@gmail.com
Kansas,Lawrence Unified School District 497,Middle School,Billy Mills Middle School,bill***@gmail.com
Kansas,Lawrence Unified School District 497,Elementary School,Cordley Elementary School,Cord***@gmail.com
Kansas,Lawrence Unified School District 497,Elementary School,Deerfield Elementary School,ksde***@gmail.com 
Kansas,Lawrence Unified School District 497,Elementary School,Hillcrest Elementary School,hill***@gmail.com
Kansas,Lawrence Unified School District 497,Elementary School,Langston Hughes Elementary School,lang***@gmail.com
Kansas,Lawrence Unified School District 497,High School,Lawrence Free State High School,ireb***@gmail.com
Kansas,Lawrence Unified School District 497,Middle School,Liberty Memorial Central Middle School,LMCM***@gmail.com
Kansas,Lawrence Unified School District 497,Elementary School,New York Elementary School,erin***@gmail.com
Kansas,Lawrence Unified School District 497,Elementary School,Prairie Park Elementary School,prai***@gmail.com
Kansas,Lawrence Unified School District 497,Elementary School,Quail Run Elementary School,quai***@gmail.com
Kansas,Lawrence Unified School District 497,Elementary School,Schwegler Elementary School,schw***@gmail.com
Kansas,Lawrence Unified School District 497,Elementary School,Sunflower Elementary School, sun***@gmail.com
Kansas,Lawrence Unified School District 497,Elementary School,Sunset Hill Elementary School,ptos***@gmail.com
Kansas,Lawrence Unified School District 497,Elementary School,Woodlawn Elementary School,wood***@gmail.com
Kansas,Maize,Elementary School,maize central elementary,mcep***@gmail.com
Kansas,Maize,Elementary School,maize elementary,maiz***@gmail.com
Kansas,Maize,,maize intermediate school,misp***@gmail.com
Kansas,Maize,Middle School,maize middle school,maiz***@gmail.com
Kansas,Maize,Elementary School,maize south elementary,mses***@gmail.com
Kansas,Maize,High School,maize south high school,mshs***@gmail.com
Kansas,Maize,,maize south intermediate school,maiz***@gmail.com
Kansas,Maize,Middle School,maize south middle school,maiz***@gmail.com
Kansas,Maize,High School,Maize High School,maiz***@gmail.com
Kansas,Maize,Elementary School,pray-woodman elementary,pwsp***@yahoo.com
Kansas,Maize,Elementary School,vermillion elementary school,verm***@hotmail.com
Kansas,McLouth,,mclouth elem,mclo***@yahoo.com
Kansas,McLouth,,mclouth high,mclo***@yahoo.com
Kansas,McLouth,Middle School,mclouth middle,mclo***@yahoo.com
Kansas,Mulvane,,Munson Primary,Mulv***@yahoo.com
Kansas,Mulvane,,Mulvane Grade School,Mulv***@yahoo.com
Kansas,Mulvane,Middle School,Mulvane Middle School,Mulv***@yahoo.com
Kansas,Mulvane,High School,Mulvane High School,Mulv***@yahoo.com
Kansas,Mulvane,Academy,Wildcat Academy,Mulv***@yahoo.com
Kansas,Olathe Public Schools,Elementary School,Arbor Creek Elementary School,arbo***@gmail.com
Kansas,Olathe Public Schools,Elementary School,Bentwood Elementary School,Bent***@gmail.com
Kansas,Olathe Public Schools,Elementary School,Black Bob Elementary School,blac***@gmail.com
Kansas,Olathe Public Schools,Elementary School,Cedar Creek Elementary School,ceda***@gmail.com
Kansas,Olathe Public Schools,Elementary School,Central Elementary School,Cent***@gmail.com
Kansas,Olathe Public Schools,Elementary School,Clearwater Creek Elementary School,cwcp***@gmail.com
Kansas,Olathe Public Schools,Elementary School,Countryside Elementary School,Coun***@gmail.com
Kansas,Olathe Public Schools,Elementary School,Forest View Elementary School,frvp***@gmail.com
Kansas,Olathe Public Schools,Elementary School,Green Springs Elementary School,gree***@gmail.com
Kansas,Olathe Public Schools,Elementary School,Green Springs Elementary School,pres***@greenspringspta.com
Kansas,Olathe Public Schools,Elementary School,Havencroft Elementary School,have***@gmail.com
Kansas,Olathe Public Schools,Elementary School,Heatherstone Elementary School,heat***@gmail.com
Kansas,Olathe Public Schools,Elementary School,Heatherstone Elementary School,heat***@gmail.com
Kansas,Olathe Public Schools,Elementary School,Heritage Elementary School,heri***@gmail.com
Kansas,Olathe Public Schools,Elementary School,Madison Place Elementary School,madi***@gmail.com!
Kansas,Olathe Public Schools,Elementary School,Mahaffie Elementary School,maha***@gmail.com
Kansas,Olathe Public Schools,Elementary School,Manchester Park Elementary School,manc***@yahoo.com
Kansas,Olathe Public Schools,Elementary School,Meadow Lane Elementary School,kayl***@gmail.com
Kansas,Olathe Public Schools,Elementary School,Northview Elementary School,nvel***@gmail.com
Kansas,Olathe Public Schools,Elementary School,Prairie Center Elementary School,pcpt***@gmail.com
Kansas,Olathe Public Schools,Elementary School,Regency Place Elementary School,rege***@gmail.com
Kansas,Olathe Public Schools,Elementary School,Rolling Ridge Elementary School,PTOr***@gmail.com
Kansas,Olathe Public Schools,Elementary School,Scarborough Elementary School,scla***@gmail.com
Kansas,Olathe Public Schools,Elementary School,Sunnyside Elementary School,sunn***@gmail.com
Kansas,Olathe Public Schools,Elementary School,Tomahawk Elementary School,toma***@gmail.com
Kansas,Olathe Public Schools,Elementary School,Woodland Elementary School,wood***@gmail.com
Kansas,Olathe Public Schools,Middle School,California Trail Middle School,Souk***@gmail.com
Kansas,Olathe Public Schools,Middle School,Summit Trail Middle School,stee***@gmail.com
Kansas,Olathe Public Schools,High School,Olathe Northwest High School,rave***@gmail.com
Kansas,Olathe Public Schools,High School,Olathe West High School,owlp***@gmail.com
Kansas,Renwick,High School,Andale High School,anda***@gmail.com
Kansas,Renwick,Elementary School,Colwich Elementary School,hsoc***@gmail.com
Kansas,Rose Hill Public Schools,,Rose Hill Primary School,lsis***@usd394.com
Kansas,Shawnee Heights,Middle School,Shawnee Heights Middle School,Shaw***@gmail.com
Kansas,Shawnee Heights,Elementary School,Shawnee Heights Elementary School,thun***@gmail.com
Kansas,Shawnee Heights,Elementary School,Berryton Elementary School,Berr***@gmail.com
Kansas,Shawnee Heights,Elementary School,Tecumseh North Elementary,tnor***@gmail.com
Kansas,Shawnee Heights,Elementary School,Tecumseh South Elementary,TSou***@gmail.com
Kansas,Tonganoxie,Elementary School,tonganoxie elem,ptc@***@tong464.org
Kansas,Tonganoxie,Elementary School,tonganoxie high,sadk***@keystonelearning.org
Kansas,Tonganoxie,Middle School,tonganoxie middle school,sadk***@keystonelearning.org
Kansas,Valley Center Pub Sch,Elementary School,Abilene Elementary School,Abil***@gmail.com
Kansas,Valley Center Pub Sch,Elementary School,Wheatland Elementary School, whe***@gmail.com
Kansas,Valley Center Pub Sch,,Valley Center Intermediate School,VCIS***@gmail.com
Kansas,Valley Center Pub Sch,Middle School,Valley Center Middle School, kyr***@usd262.net
Kansas,Valley Center Pub Sch,High School,Valley Center High School,vcbo***@gmail.com
Kansas,Wellsville,,wellsville elem,WESP***@usd289.org
Kansas,Wichita Public Schools,Elementary School,Black,cowe***@usd259.net
Kansas,Wichita Public Schools,Elementary School,Price-Harris,pres***@priceharrispto.org
Kansas,Wichita Public Schools,Elementary School,Riverside,rive***@gmail.com
Kansas,Wichita Public Schools,Elementary School,Gordon Parks Academy,ldav***@usd259.net
Kansas,Wichita Public Schools,Middle School,Allison,alli***@gmail.com
Kansas,Wichita Public Schools,Middle School,Robinson,259r***@gmail.com
Kansas,Wichita Public Schools,High School,West,west***@gmail.com
Pennsylvania,Allegheny Valley SD,Elementary School,Acmetonia Elementary School,PTOA***@gmail.com
Pennsylvania,Avonworth SD,Preschool,Avonworth Primary Center,Avon***@gmail.com
Pennsylvania,Avonworth SD,Elementary School,Avonworth Elementary School,Avon***@gmail.com
Pennsylvania,Baden Academy CS,Academy,baden academy cs,bade***@gmail.com
Pennsylvania,Baldwin-Whitehall SD,High School,Baldwin High School,bald***@gmail.com
Pennsylvania,Baldwin-Whitehall SD,Middle School,J. E. Harrison Middle School,hms1***@gmail.com
Pennsylvania,Baldwin-Whitehall SD,Elementary School,McAnnulty Elementary School,bwel***@gmail.com
Pennsylvania,Baldwin-Whitehall SD,Elementary School,Whitehall Elementary School,bwel***@gmail.com
Pennsylvania,Baldwin-Whitehall SD,Elementary School,R.A. Lutz Elementary School,bwel***@gmail.com
Pennsylvania,Bethel Park SD,Middle School,Independence Middle School,idep***@gmail.com
Pennsylvania,Bethel Park SD,Middle School,Neil Armstrong Middle School,bpna***@gmail.com
Pennsylvania,Bethel Park SD,Elementary School,Abraham Lincoln Elementary School,abra***@gmail.com
Pennsylvania,Bethel Park SD,Elementary School,William Penn Elementary School,ptow***@gmail.com
Pennsylvania,Canon-McMillan SD,Elementary School,Hills-Hendersonville Elementary,nl.h***@gmail.com
Pennsylvania,Carlynton SD,High School,Carlynton Junior-Senior High School,carl***@gmail.com
Pennsylvania,Carlynton SD,Elementary School,Carnegie Elementary,carn***@carlynton.k12.pa.us
Pennsylvania,Carlynton SD,Elementary School,Crafton Elementary,craf***@gmail.com
Pennsylvania,Chartiers Valley SD,Middle School,chartiers valley intrmd school,ispt***@cvsd.net
Pennsylvania,Chartiers Valley SD,Middle School,chartiers valley ms,cvms***@gmail.com
Pennsylvania,Chartiers Valley SD,Preschool,chartiers valley primary sch,pspt***@cvsd.net
Pennsylvania,Chartiers-Houston SD,Elementary School,Allison Park Elementary School,apep***@yahoo.com
Pennsylvania,Cornell SD,Elementary School,Cornell Elementary School,PTC.***@gmail.com
Pennsylvania,Elizabeth Forward SD,Middle School,Elizabeth Forward Middle School,efsd***@gmail.com
Pennsylvania,Elizabeth Forward SD,Elementary School,Central Elementary,lver***@hotmail.com
Pennsylvania,Environmental CS at Frick Park,Preschool,Primary School (K–2),pare***@ecspco.org
Pennsylvania,Environmental CS at Frick Park,,Intermediate School (3–5),pare***@ecspco.org
Pennsylvania,Environmental CS at Frick Park,Middle School,Middle School (6–8),pare***@ecspco.org
Pennsylvania,Environmental CS at Frick Park,High School,High School (9–12),pare***@ecspco.org
Pennsylvania,Fort Cherry SD,,fort cherry jshs,fcec***@fortcherry.org
Pennsylvania,Fort Cherry SD,,fort cherry el ctr,fcec***@fortcherry.org
Pennsylvania,Fox Chapel Area SD,High School,Fox Chapel Area High School,fcah***@gmail.com
Pennsylvania,Fox Chapel Area SD,Middle School,Dorseyville Middle School,DMSP***@gmail.com
Pennsylvania,Fox Chapel Area SD,Elementary School,Fairview Elementary School,fair***@gmail.com
Pennsylvania,Fox Chapel Area SD,Elementary School,Hartwood Elementary School,hart***@gmail.com
Pennsylvania,Fox Chapel Area SD,Elementary School,Hartwood Elementary School,pres***@hartwoodpto.org
Pennsylvania,Fox Chapel Area SD,Elementary School,Kerr Elementary School,boar***@kerrpto.org
Pennsylvania,Fox Chapel Area SD,Elementary School,O'Hara Elementary School,pres***@oharapto.org
Pennsylvania,Franklin Regional SD,High School,Franklin Regional Senior High School,FRSH***@gmail.com
Pennsylvania,Franklin Regional SD,,Franklin Regional Intermediate School,FRPr***@gmail.com
Pennsylvania,Franklin Regional SD,,Franklin Regional Primary School,FRPr***@gmail.com
Pennsylvania,Gettysburg Area SD,Elementary School,Lincoln Elementary School,Linc***@outlook.com
Pennsylvania,Hampton Township SD,Elementary School,Central Elementary School,mand***@gmail.com
Pennsylvania,Hampton Township SD,Elementary School,Poff Elementary School,pres***@gmail.com
Pennsylvania,Hampton Township SD,Elementary School,Wyland Elementary School,wyla***@gmail.com
Pennsylvania,Hampton Township SD,Middle School,Hampton Middle School,Hamp***@gmail.com
Pennsylvania,Hampton Township SD,High School,Hampton High School,hamp***@gmail.com
Pennsylvania,Highlands SD,Elementary School,Highlands Elementary School,High***@gmail.com
Pennsylvania,Highlands SD,Elementary School,Highlands Elementary School,ring***@gmail.com
Pennsylvania,Highlands SD,,Highlands Early Childhood Center,High***@gmail.com
Pennsylvania,Highlands SD,,Highlands Early Childhood Center,ring***@gmail.com
Pennsylvania,Keystone Oaks SD,Elementary School,Dormont Elementary School,pres***@dormontpfo.org
Pennsylvania,Keystone Oaks SD,Elementary School,Dormont Elementary School,secr***@dormontpfo.org
Pennsylvania,Keystone Oaks SD,Middle School,Keystone Oaks Middle School,pfok***@gmail.com
Pennsylvania,Keystone Oaks SD,Elementary School,Myrtle Avenue Elementary School,cspf***@gmail.com
Pennsylvania,McKeesport Area SD,Elementary School,Francis McClure Elementary School,fran***@gmail.com
Pennsylvania,Montour SD,Middle School,DEW Middle School,dewp***@gmail.com
Pennsylvania,Moon Area SD,Elementary School,Bon Meade Elementary,Ptcb***@gmail.com
Pennsylvania,Moon Area SD,Elementary School,J.H. Brooks Elementary,info***@BrooksPTC.org
Pennsylvania,Moon Area SD,Middle School,Moon Area Middle School,MAMS***@gmail.com
Pennsylvania,Mt Lebanon SD,High School,Mt. Lebanon High School,chic***@aol.com
Pennsylvania,Mt Lebanon SD,Middle School,Mellon Middle,smur***@alz.org
Pennsylvania,Mt Lebanon SD,Middle School,Mellon Middle,Brea***@gmail.com
Pennsylvania,Mt Lebanon SD,Elementary School,Foster Elementary,fost***@gmail.com
Pennsylvania,Mt Lebanon SD,Elementary School,Hoover Elementary,ptah***@gmail.com
Pennsylvania,Mt Lebanon SD,Elementary School,Howe Elementary,pres***@howepta.org
Pennsylvania,Mt Lebanon SD,Elementary School,Howe Elementary,recs***@howepta.org
Pennsylvania,Mt Lebanon SD,Elementary School,Jefferson Elementary,jesp***@gmail.com
Pennsylvania,Mt Lebanon SD,Elementary School,Lincoln Elementary,linc***@gmail.com
Pennsylvania,Mt Lebanon SD,Elementary School,Markham Elementary,mark***@gmail.com
Pennsylvania,Mt Lebanon SD,Elementary School,Washington Elementary,pres***@washingtonelementarypta.org
Pennsylvania,Mt Lebanon SD,Elementary School,Washington Elementary,secr***@washingtonelementarypta.org
Pennsylvania,North Allegheny SD,Elementary School,Bradford Woods Elementary,bwep***@gmail.com
Pennsylvania,North Allegheny SD,Elementary School,Franklin Elementary,Fran***@gmail.com
Pennsylvania,North Allegheny SD,Elementary School,Hosack Elementary,tina***@comcast.net
Pennsylvania,North Allegheny SD,Elementary School,Hosack Elementary,jdma***@comcast.net 
Pennsylvania,North Allegheny SD,Elementary School,Ingomar Elementary,ingo***@gmail.com
Pennsylvania,North Allegheny SD,Elementary School,Marshall Elementary,bmek***@gmail.com
Pennsylvania,North Allegheny SD,Elementary School,Marshall Elementary,priy***@gmail.com
Pennsylvania,North Allegheny SD,Elementary School,McKnight Elementary,mckp***@gmail.com
Pennsylvania,North Allegheny SD,Elementary School,McKnight Elementary,mckp***@gmail.com
Pennsylvania,North Allegheny SD,Elementary School,Peebles Elementary,brad***@gmail.com
Pennsylvania,North Allegheny SD,Middle School,Carson Middle School,cars***@gmail.com
Pennsylvania,North Allegheny SD,Middle School,Marshall Middle School,mars***@gmail.com
Pennsylvania,North Allegheny SD,High School,NA Intermediate High School,nahi***@gmail.com
Pennsylvania,North Allegheny SD,High School,NA Senior High School,nahi***@gmail.com
Pennsylvania,North Hills SD,Elementary School,West View Elementary School,hell***@westviewpta.org
Pennsylvania,Norwin SD,Elementary School,Hahntown Elementary,Hahn***@gmail.com
Pennsylvania,Norwin SD,Elementary School,Sheridan Terrace Elementary,sher***@gmail.com
Pennsylvania,Norwin SD,Elementary School,Stewartsville Elementary,stew***@gmail.com
Pennsylvania,Norwin SD,Elementary School,Sunset Valley Elementary,pres***@svepta.com
Pennsylvania,Penn Hills CS of Entrepreneurship,,penn hills cs of entrepreneurship,pres***@gmail.com
Pennsylvania,Penn Hills CS of Entrepreneurship,,penn hills cs of entrepreneurship,glaz***@yahoo.com
Pennsylvania,Penn Hills SD,Middle School,Linton Middle School,suns***@msn.com
Pennsylvania,Penn Hills SD,Elementary School,Penn Hills Elementary School,phel***@gmail.com
Pennsylvania,Penn-Trafford SD,Elementary School,Harrison Park Elementary,harr***@gmail.com
Pennsylvania,Penn-Trafford SD,Elementary School,Level Green Elementary,LGPT***@gmail.com
Pennsylvania,Penn-Trafford SD,Elementary School,McCullough Elementary,hell***@mcculloughelempto.org
Pennsylvania,Penn-Trafford SD,Elementary School,Sunrise Estates Elementary,PTsu***@gmail.com
Pennsylvania,Peters Township SD,High School,PT High School,pths***@gmail.com
Pennsylvania,Peters Township SD,Middle School,PT Middle School,angi***@gmail.com
Pennsylvania,Peters Township SD,,Pleasant Valley Elementar,PT.P***@gmail.com
Pennsylvania,Pine-Richland SD,High School,Pine-Richland High School,prhs***@gmail.com
Pennsylvania,Pine-Richland SD,Middle School,Pine-Richland Middle School,prmi***@gmail.com
Pennsylvania,Pine-Richland SD,Elementary School,Eden Hall Upper Elementary School,ptoe***@gmail.com
Pennsylvania,Pine-Richland SD,Elementary School,Hance Elementary School,hanc***@gmail.com
Pennsylvania,Pine-Richland SD,Elementary School,Richland Elementary School,rich***@gmail.com
Pennsylvania,Pine-Richland SD,Elementary School,Wexford Elementary School,wexf***@gmail.com
Pennsylvania,Pine-Richland SD,,Pine-Richland Athletics,rhof***@yahoo.com
Pennsylvania,Pittsburgh SD,High School,Obama 6-12,obam***@gmail.com
Pennsylvania,Pittsburgh SD,High School,Allderdice High School,prez***@gmail.com
Pennsylvania,Plum Borough SD,Middle School,Plum Middle School,plum***@gmail.com
Pennsylvania,Plum Borough SD,,Holiday Park Intermediate School,holi***@gmail.com
Pennsylvania,Plum Borough SD,Elementary School,Pivik Elementary School,pivi***@gmail.com
Pennsylvania,Plum Borough SD,Elementary School,O'Block Elementary School,oblo***@gmail.com
Pennsylvania,Quaker Valley SD,Elementary School,Osborne Elementary School,osbo***@gmail.com
Pennsylvania,Ringgold SD,Elementary School,Ringgold Elementary School North,RESN***@gmail.com
Pennsylvania,Ringgold SD,Elementary School,Ringgold Elementary School South,ress***@gmail.com
Pennsylvania,Riverview SD,High School,Riverview Jr-Sr High School,rive***@gmail.com
Pennsylvania,Riverview SD,Elementary School,Verner Elementary School,RSDV***@gmail.com
Pennsylvania,Shaler Area SD,High School,Shaler Area High School,shal***@gmail.com
Pennsylvania,Shaler Area SD,Middle School,Shaler Area Middle School,Shal***@gmail.com
Pennsylvania,Shaler Area SD,Elementary School,Shaler Area Elementary School,saes***@gmail.com
Pennsylvania,Shaler Area SD,Preschool,Marzolf Primary School,Marz***@gmail.com 
Pennsylvania,Shaler Area SD,Preschool,Scott Primary School,scot***@gmail.com
Pennsylvania,South Fayette Township SD,High School,South Fayette High School (9-12),pres***@southfayettepta.org
Pennsylvania,South Fayette Township SD,Middle School,South Fayette Middle School (6-8),pres***@southfayettepta.org
Pennsylvania,South Fayette Township SD,,South Fayette Intermediate School (3-5),pres***@southfayettepta.org
Pennsylvania,South Fayette Township SD,Elementary School,South Fayette Elementary School (K-2),pres***@southfayettepta.org
Pennsylvania,South Fayette Township SD,Academy,Little Lions Early Learning Academy (Pre-K),pres***@southfayettepta.org
Pennsylvania,South Park SD,Elementary School,South Park Elementary Center,cait***@yahoo.com
Pennsylvania,Sto-Rox SD,High School,Sto-Rox Junior/Senior High School,pto@***@srsd.k12.pa.us
Pennsylvania,Sto-Rox SD,Elementary School,Sto-Rox Upper Elementary,pto@***@srsd.k12.pa.us
Pennsylvania,Sto-Rox SD,,Sto-Rox Primary Center,pto@***@srsd.k12.pa.us
Pennsylvania,The New Academy CS,Academy,the new academy cs,harp***@theacademyschools.com
Pennsylvania,Upper St. Clair SD,Elementary School,Baker Elementary School,PTAP***@gmail.com
Pennsylvania,Upper St. Clair SD,Middle School,Boyce Middle School,boyc***@gmail.com
Pennsylvania,Upper St. Clair SD,Middle School,Boyce Middle School,Boyc***@gmail.com
Pennsylvania,Upper St. Clair SD,Elementary School,Eisenhower Elementary School,ptop***@gmail.com
Pennsylvania,Upper St. Clair SD,Elementary School,Eisenhower Elementary School,ptos***@gmail.com
Pennsylvania,Upper St. Clair SD,Middle School,Fort Couch Middle School,ftco***@gmail.com
Pennsylvania,Upper St. Clair SD,Elementary School,Streams Elementary School,stre***@gmail.com
Pennsylvania,Upper St. Clair SD,High School,Upper St. Clair High School,PTSO***@gmail.com
Pennsylvania,West Allegheny SD,Middle School,West Allegheny Middle School,ptaw***@gmail.com
Pennsylvania,West Allegheny SD,Elementary School,Donaldson Elementary School,dona***@gmail.com
Pennsylvania,West Allegheny SD,Elementary School,McKee Elementary School,MCKE***@GMAIL.COM
Pennsylvania,West Allegheny SD,Elementary School,Wilson Elementary School,ptaw***@gmail.com
Pennsylvania,West Jefferson Hills SD,Elementary School,Gill Hall Elementary School,gill***@yahoo.com
Pennsylvania,West Jefferson Hills SD,,Jefferson Hills Intermediate School,jhis***@gmail.com
Pennsylvania,West Jefferson Hills SD,Elementary School,McClellan Elementary School,mccl***@gmail.com
Pennsylvania,West Jefferson Hills SD,Middle School,Pleasant Hills Middle School,asho***@yahoo.com
Pennsylvania,West Mifflin Area SD,Elementary School,Clara Barton Elementary School,ptac***@gmail.com
Pennsylvania,West Mifflin Area SD,Middle School,West Mifflin Area Middle School,keos***@gmail.com
Pennsylvania,Yough SD,Elementary School,West Newton Elementary,west***@gmail.com
Pennsylvania,Young Scholars of Western Pennsylvania CS,,young scholars of western pennsylvania cs,PTO@***@youngscholars.org
Virginia,Amherst County Public Schools,Elementary School,Elon Elementary School,elon***@amherst.k12.va.us
Virginia,Amherst County Public Schools,Elementary School,Temperance Elementary School,temp***@gmail.com
Virginia,Amherst County Public Schools,High School,Amherst County High School,achs***@gmail.com
Virginia,Appomattox County Public Schools,,Appomattox Primary School,Appo***@gmail.com
Virginia,Appomattox County Public Schools,Elementary School,Appomattox Elementary School,daki***@acpsweb.com
Virginia,Bedford County Public Schools,Elementary School,huddleston elementary,Hudd***@gmail.com
Virginia,Bedford County Public Schools,Elementary School,new london academy elementary,newl***@gmail.com
Virginia,Bedford County Public Schools,Elementary School,thomas jefferson elementary,pta.***@gmail.com
Virginia,Campbell County Public Schools,Elementary School,Altavista Elementary School,ambe***@campbell.k12.va.us
Virginia,Campbell County Public Schools,Elementary School,Yellow Branch Elementary School,yell***@gmail.com
Virginia,Caroline High School,High School,Caroline High School,mric***@ccps.us
Virginia,Caroline High School,Elementary School,Bowling Green Elementary School,bgep***@email.com
Virginia,Caroline High School,Elementary School,Lewis and Clark Elementary,pta.***@gmail.com
Virginia,Caroline High School,Elementary School,Madison Elementary School,mesp***@gmail.com
Virginia,Chesapeake City Public Schools,Preschool,Great Bridge Primary,baby***@gmail.com
Virginia,Chesapeake City Public Schools,Preschool,Greenbrier Primary,grpp***@outlook.com
Virginia,Chesapeake City Public Schools,Preschool,Portlock Primary,port***@gmail.com
Virginia,Chesapeake City Public Schools,Preschool,Western Branch Primary,wbpr***@gmail.com
Virginia,Chesapeake City Public Schools,Elementary School,B. M. Williams Elementary,bmwp***@gmail.com
Virginia,Chesapeake City Public Schools,Elementary School,Camelot Elementary,camp***@gmail.com
Virginia,Chesapeake City Public Schools,Elementary School,Cedar Road Elementary,ceda***@gmail.com
Virginia,Chesapeake City Public Schools,Elementary School,"Chittum, E. W. Elementary",pres***@gmail.com
Virginia,Chesapeake City Public Schools,Elementary School,Crestwood Elementary,cwip***@gmail.com
Virginia,Chesapeake City Public Schools,Elementary School,Deep Creek Central Elementary,dcce***@gmail.com
Virginia,Chesapeake City Public Schools,Elementary School,Deep Creek Elementary,deep***@gmail.com
Virginia,Chesapeake City Public Schools,Elementary School,Southeastern Elementary,seep***@gmail.com
Virginia,Chesapeake City Public Schools,Elementary School,Southwestern Elementary,swep***@gmail.com
Virginia,Chesapeake City Public Schools,Elementary School,Treakle Elementary,Vick***@gmail.com
Virginia,Chesapeake City Public Schools,Intermediate School,Butts Road Intermediate,BRIP***@gmail.com
Virginia,Chesapeake City Public Schools,Intermediate School,Greenbrier Intermediate,grip***@gmail.com
Virginia,Chesapeake City Public Schools,Intermediate School,Sparrow Road Intermediate,spar***@gmail.com
Virginia,Chesapeake City Public Schools,Intermediate School,Western Branch Intermediate,wbip***@gmail.com
Virginia,Chesapeake City Public Schools,Middle School,Deep Creek Middle,deep***@gmail.com
Virginia,Chesapeake City Public Schools,Middle School,Great Bridge Middle,ptag***@gmail.com
Virginia,Chesapeake City Public Schools,Middle School,Hickory Middle,hick***@gmail.com
Virginia,Chesapeake City Public Schools,Middle School,Hugo Owens Middle,hugo***@gmail.com
Virginia,Chesapeake City Public Schools,Middle School,Indian River Middle,irmb***@gmail.com
Virginia,Chesapeake City Public Schools,Middle School,Jolliff Middle,joll***@gmail.com
Virginia,Chesapeake City Public Schools,Middle School,Western Branch Middle,west***@gmail.com
Virginia,Chesapeake City Public Schools,High School,Grassfield High,gfhs***@gmail.com
Virginia,Chesapeake City Public Schools,High School,Great Bridge High,pres***@gbhsptsa.com
Virginia,Chesapeake City Public Schools,High School,Hickory High,hick***@gmail.com
Virginia,Chesapeake City Public Schools,High School,Western Branch High,wbhs***@gmail.com
Virginia,Commonwealth Governor's School,,commonwealth governor's school,comm***@gmail.com
Virginia,Fredericksburg City Public Schools,Elementary School,Gladys West Elementary School,gwes***@gmail.com
Virginia,Fredericksburg City Public Schools,Middle School,Walker-Grant Middle School,walk***@gmail.com
Virginia,Governor's School for the Arts,,governor's school for the arts,pgsa***@gmail.com
Virginia,Hampton City Public Schools,Elementary School,armstrong elementary,arms***@gmail.com
Virginia,Hampton City Public Schools,Elementary School,barron elementary,barr***@gmail.com
Virginia,Hampton City Public Schools,Elementary School,francis asbury elementary,fasb***@gmail.com  
Virginia,Hampton City Public Schools,Middle School,francis w. jones magnet middle,jone***@gmail.com
Virginia,Hampton City Public Schools,Elementary School,jane h. bryan elementary,jhbr***@gmail.com
Virginia,Hampton City Public Schools,,kecoughtan high,khsw***@gmail.com
Virginia,Hampton City Public Schools,Elementary School,mary w. jackson elementary,Mary***@gmail.com
Virginia,Isle of Wight County Public Schools,,Carrollton Elementary School,carr***@gmail.com
Virginia,Isle of Wight County Public Schools,,Carrsville Elementary School,carr***@gmail.com
Virginia,Isle of Wight County Public Schools,,Hardy Elementary School,hesp***@gmail.com
Virginia,Isle of Wight County Public Schools,,Westside Elementary School,wses***@gmail.com
Virginia,Isle of Wight County Public Schools,Middle School,Smithfield Middle School,smit***@gmail.com
Virginia,King George County Public Schools,High School,King George High School,kghs***@gmail.com
Virginia,King George County Public Schools,Middle School,King George Middle School,KGMS***@gmail.com
Virginia,King George County Public Schools,Elementary School,Potomac Elementary School,Poto***@gmail.com
Virginia,King George County Public Schools,Elementary School,Sealston Elementary School,litt***@gmail.com
Virginia,King George County Public Schools,Elementary School,Sealston Elementary School,smpr***@gmail.com
Virginia,Lynchburg City Public Schools,Elementary School,Bedford Hills,bedf***@gmail.com
Virginia,Lynchburg City Public Schools,Elementary School,Heritage,hesp***@gmail.com
Virginia,Lynchburg City Public Schools,Elementary School,Perrymont,perr***@gmail.com
Virginia,Lynchburg City Public Schools,Elementary School,R. S. Payne,ptor***@gmail.com
Virginia,Lynchburg City Public Schools,Elementary School,Sheffield,shef***@gmail.com
Virginia,Newport News City Public Schools,Elementary School,Deer Park,dpes***@gmail.com
Virginia,Newport News City Public Schools,Elementary School,Dutrow,dutr***@gmail.com
Virginia,Newport News City Public Schools,Elementary School,General Stanford,gsel***@gmail.com
Virginia,Newport News City Public Schools,Elementary School,Hidenwood,hide***@gmail.com
Virginia,Newport News City Public Schools,Elementary School,Hilton,hilt***@gmail.com
Virginia,Newport News City Public Schools,Elementary School,Knollwood Meadows,kmes***@gmail.com
Virginia,Newport News City Public Schools,Elementary School,Riverside,rive***@gmail.com
Virginia,Newport News City Public Schools,Elementary School,Sanford,sanf***@gmail.com
Virginia,Newport News City Public Schools,Elementary School,Yates,yate***@gmail.com
Virginia,Newport News City Public Schools,High School,Denbigh,pres***@gmail.com
Virginia,Newport News City Public Schools,High School,Menchville,menc***@gmail.com
Virginia,Newport News City Public Schools,High School,Warwick,warw***@gmail.com
Virginia,Newport News City Public Schools,High School,Woodside,dian***@hotmail.com
Virginia,Newport News City Public Schools,Academy,Academy for Discovery at Lakewood(opens in new window/tab),adlp***@gmail.com
Virginia,Norfolk City Public Schools,Academy,Academy of International Studies at Rosemont(opens in new window/tab),jene***@hotmail.com
Virginia,Norfolk City Public Schools,Middle School,Azalea Gardens Middle School(opens in new window/tab),kjoh***@nps.k12.va.us
Virginia,Norfolk City Public Schools,Elementary School,Bay View Elementary School(opens in new window/tab),BVES***@gmail.com
Virginia,Norfolk City Public Schools,,Berkley / Campostella Early Childhood Ed. Center(opens in new window/tab),berk***@yahoo.com
Virginia,Norfolk City Public Schools,Middle School,Blair Middle School(opens in new window/tab),blai***@gmail.com
Virginia,Norfolk City Public Schools,,Crossroads School(opens in new window/tab),Cros***@gmail.com
Virginia,Norfolk City Public Schools,Elementary School,Granby Elementary School(opens in new window/tab),gran***@gmail.com
Virginia,Norfolk City Public Schools,High School,Granby High School(opens in new window/tab),Gran***@gmail.com
Virginia,Norfolk City Public Schools,Elementary School,Larrymore Elementary School,larr***@gmail.com
Virginia,Norfolk City Public Schools,Elementary School,Mary Calcott Elementary School,mary***@gmail.com
Virginia,Norfolk City Public Schools,High School,Maury High School,maur***@gmail.com
Virginia,Norfolk City Public Schools,High School,Norview High School,norv***@gmail.com
Virginia,Norfolk City Public Schools,Middle School,Norview Middle School,norv***@gmail.com
Virginia,Norfolk City Public Schools,Elementary School,Oceanair Elementary School,OCEA***@YAHOO.COM
Virginia,Norfolk City Public Schools,Elementary School,Sewells Point Elementary School,poin***@hotmail.com
Virginia,Norfolk City Public Schools,Elementary School,Tarrallton Elementary School,tarr***@gmail.com
Virginia,Norfolk City Public Schools,Elementary School,W. H. Taylor Elementary School,tayl***@gmail.com
Virginia,Norfolk City Public Schools,Elementary School,Willard Elementary School,will***@gmail.com
Virginia,Poquoson City Public Schools,,Poquoson Primary School,ptop***@gmail.com
Virginia,Poquoson City Public Schools,,Poquoson Elementary School,roxa***@yahoo.com
Virginia,Poquoson City Public Schools,High School,Poquoson High School,poqu***@gmail.com
Virginia,Portsmouth City Public Schools,Elementary School,Brighton Elementary School,port***@gmail.com
Virginia,Portsmouth City Public Schools,,Churchland Primary & Intermediate School,pcrs***@gmail.com
Virginia,Portsmouth City Public Schools,Elementary School,Park View Elementary School,port***@gmail.com
Virginia,Portsmouth City Public Schools,Elementary School,Victory Elementary School,port***@gmail.com
Virginia,Portsmouth City Public Schools,Middle School,William E. Waters Middle School,wewa***@gmail.com
Virginia,Portsmouth City Public Schools,High School,Churchland High School,port***@gmail.com
Virginia,Portsmouth City Public Schools,High School,I. C. Norcom High School,port***@gmail.com
Virginia,Portsmouth City Public Schools,High School,Manor High School,port***@gmail.com
Virginia,Portsmouth City Public Schools,Preschool,Churchland Preschool Center,port***@gmail.com
Virginia,Portsmouth City Public Schools,Preschool,Mt. Hermon Preschool Center,port***@gmail.com
Virginia,Portsmouth City Public Schools,Preschool,Olive Branch Preschool Center,port***@gmail.com
Virginia,Portsmouth City Public Schools,,PACE Center,port***@gmail.com
Virginia,Regional Alternative Ed/Stafford Co,Middle School,A.G. Wright Middle School,agwr***@gmail.com
Virginia,Regional Alternative Ed/Stafford Co,Elementary School,Anthony Burns Elementary School,burn***@gmail.com
Virginia,Regional Alternative Ed/Stafford Co,High School,Brooke Point High School,bphs***@gmail.com
Virginia,Regional Alternative Ed/Stafford Co,High School,Colonial Forge High School,pres***@cfhsptso.org
Virginia,Regional Alternative Ed/Stafford Co,Elementary School,Conway Elementary School,conw***@gmail.com
Virginia,Regional Alternative Ed/Stafford Co,Middle School,Dixon-Smith Middle School,dixo***@gmail.com
Virginia,Regional Alternative Ed/Stafford Co,Middle School,Edward E. Drew Middle School,drew***@gmail.com
Virginia,Regional Alternative Ed/Stafford Co,Elementary School,Falmouth Elementary School,fesp***@gmail.com
Virginia,Regional Alternative Ed/Stafford Co,Elementary School,Ferry Farm Elementary School,ffes***@gmail.com
Virginia,Regional Alternative Ed/Stafford Co,Elementary School,Garrisonville Elementary School,gesp***@gmail.com
Virginia,Regional Alternative Ed/Stafford Co,Elementary School,Grafton Village Elementary School,kell***@outlook.com
Virginia,Regional Alternative Ed/Stafford Co,Middle School,H.H. Poole Middle School,hhpo***@gmail.com
Virginia,Regional Alternative Ed/Stafford Co,Elementary School,Hampton Oaks Elementary School,hamp***@gmail.com
Virginia,Regional Alternative Ed/Stafford Co,Elementary School,Hartwood Elementary School,hart***@gmail.com
Virginia,Regional Alternative Ed/Stafford Co,Elementary School,Margaret Brent Elementary School,pres***@gmail.com
Virginia,Regional Alternative Ed/Stafford Co,High School,Mountain View High School,mvpt***@staffordschools.net
Virginia,Regional Alternative Ed/Stafford Co,High School,North Stafford High School,nort***@gmail.com
Virginia,Regional Alternative Ed/Stafford Co,Elementary School,Rockhill Elementary School,Rock***@gmail.com
Virginia,Regional Alternative Ed/Stafford Co,Middle School,Shirley C. Heim Middle School,shms***@gmail.com
Virginia,Regional Alternative Ed/Stafford Co,Elementary School,Stafford Elementary School,staf***@gmail.com
Virginia,Regional Alternative Ed/Stafford Co,Middle School,T. Benton Gayle Middle School,GMPT***@staffordschools.net
Virginia,Regional Alternative Ed/Stafford Co,Elementary School,Widewater Elementary School,wide***@yahoo.com
Virginia,Regional Alternative Ed/Stafford Co,Elementary School,Winding Creek Elementary School,pres***@gmail.com
Virginia,Spotsylvania County Public Schools,Elementary School,Berkeley Elementary,berk***@gmail.com
Virginia,Spotsylvania County Public Schools,Elementary School,Brock Road Elementary,broc***@gmail.com
Virginia,Spotsylvania County Public Schools,Elementary School,Cedar Forest Elementary,ceda***@gmail.com
Virginia,Spotsylvania County Public Schools,Elementary School,Courthouse Road Elementary,pres***@crespta.org
Virginia,Spotsylvania County Public Schools,Elementary School,Courtland Elementary,cour***@gmail.com
Virginia,Spotsylvania County Public Schools,Elementary School,Parkside Elementary,pta.***@gmail.com
Virginia,Spotsylvania County Public Schools,Elementary School,Salem Elementary,ptos***@gmail.com
Virginia,Spotsylvania County Public Schools,Elementary School,Smith Station Elementary,smit***@gmail.com
Virginia,Spotsylvania County Public Schools,Elementary School,Spotswood Elementary,spes***@gmail.com
Virginia,Spotsylvania County Public Schools,Middle School,Battlefield Middle,bmsw***@gmail.com
Virginia,Spotsylvania County Public Schools,Middle School,Freedom Middle,ssne***@gmail.com
Virginia,Spotsylvania County Public Schools,Middle School,Spotsylvania Middle School,spot***@gmail.com
Virginia,Spotsylvania County Public Schools,Middle School,Thornburg Middle School,thor***@gmail.com
Virginia,Spotsylvania County Public Schools,High School,Massaponax High School,mhsp***@yahoo.com
Virginia,Spotsylvania County Public Schools,High School,Riverbend High School,rive***@yahoo.com
Virginia,Virginia Beach City Public Schools,Elementary School,Green Run Elementary School,gree***@gmail.com
Virginia,Virginia Beach City Public Schools,Elementary School,Holland Elementary School,holl***@gmail.com
Virginia,Virginia Beach City Public Schools,Elementary School,Indian Lakes Elementary School,indi***@gmail.com
Virginia,Virginia Beach City Public Schools,Elementary School,King's Grant Elementary School,king***@gmail.com
Virginia,Virginia Beach City Public Schools,Elementary School,Luxford Elementary School,luxf***@gmail.com
California,Acalanes Union High School District, High School,Acalanes High,pres***@acalanesparentsclub.com
California,Acalanes Union High School District, High School,Campolindo High,pres***@campoparents.org
California,Acalanes Union High School District, High School,Las Lomas High,LLHS***@gmail.com
California,Alameda Unified School District,Middle School,Ruby Bridges Elementary, rub***@gmail.com
California,Alameda Unified School District,Elementary School,William G. Paden Elementary,pade***@gmail.com
California,Belmont-Redwood Shores School District,Elementary School,Central Elementary,pres***@belmontcentralpta.org 
California,Belmont-Redwood Shores School District,Elementary School,Cipriani Elementary, pre***@cipriani-pta.org
California,Belmont-Redwood Shores School District,Elementary School,Fox Elementary, pre***@benfoxpta.org
California,Belmont-Redwood Shores School District,Elementary School,Nesbit Elementary,volu***@nesbitpta.org
California,Belmont-Redwood Shores School District,Elementary School,Ralston Intermediate,pres***@ralstonmspta.org
California,Belmont-Redwood Shores School District,Elementary School,Redwood Shores Elementary,pres***@rwspta.org.
California,Belmont-Redwood Shores School District,Elementary School,Sandpiper Elementary,sand***@gmail.com
California,Burlingame Elem Sch District,Elementary School,Lincoln Elementary,linc***@gmail.com
California,Burlingame Elem Sch District,Elementary School,McKinley Elementary,pta@***@mckinleybulldogs.com 
California,Cabrillo Unified School District,Elementary School,Alvin S. Hatch Elementary,hatc***@gmail.com
California,Cabrillo Unified School District,Elementary School,El Granada Elementary,elgr***@gmail.com
California,Cabrillo Unified School District,,Manuel F. Cunha Intermediate,Cunh***@gmail.com
California,Castro Valley Unified School District,Middle School,Canyon Middle,Cany***@gmail.com
California,Castro Valley Unified School District,High School,Castro Valley High, cvh***@gmail.com
California,Castro Valley Unified School District,Elementary School,Chabot Elementary,boar***@chabotparentsclub.org
California,Castro Valley Unified School District,Middle School,Creekside Middle,cree***@gmail.com 
California,Castro Valley Unified School District,Elementary School,Independent Elementary, pto***@gmail.com
California,Castro Valley Unified School District,Elementary School,Jensen Ranch Elementary, boa***@jensenpta.org
California,Castro Valley Unified School District,Elementary School,Marshall Elementary, cvm***@gmail.com
California,Castro Valley Unified School District,Elementary School,Palomares Elementary,pptc***@gmail.com
California,Castro Valley Unified School District,Elementary School,Proctor Elementary, inf***@proctorpta.net
California,Castro Valley Unified School District,Elementary School,Stanton Elementary, boa***@stantonspa.com
California,Dublin Unified School District,,Cottonwood Creek,pfcb***@cottonwoodpfc.org
California,Dublin Unified School District,Elementary School,Dublin Elementary, inf***@dublinpfc.org
California,Dublin Unified School District,High School,Dublin High,dubl***@dhsathleticboosters.com
California,Dublin Unified School District,,Eleanor Murray Fallon,fall***@gmail.com 
California,Dublin Unified School District,High School,Emerald High,boar***@emeraldpfso.org
California,Dublin Unified School District,Elementary School,Frederiksen Elementary,boar***@fredpfc.com
California,Dublin Unified School District,,Harold William Kolb, kol***@gmail.com
California,Dublin Unified School District,Elementary School,James Dougherty Elementary,jdsp***@gmail.com
California,Dublin Unified School District,Elementary School,John Green Elementary, pre***@johngreenpfc.org
California,Dublin Unified School District,Middle School,Wells Middle,boar***@wellspfc.org
California,Fremont Unified,Elementary School,Brookvale Elementary,pres***@brookvalepta.com
California,Fremont Unified,Elementary School,Cabrillo Elementary,cabr***@gmail.com
California,Fremont Unified,Middle School,Centerville Middle,cent***@gmail.com
California,Fremont Unified,Elementary School,E. M. Grimmer Elementary,grim***@gmail.com
California,Fremont Unified,Elementary School,Forest Park Elementary,  pr***@forestparkpta.org
California,Fremont Unified,Elementary School,Fred E. Weibel Elementary, pre***@weibelpto.org
California,Fremont Unified,Middle School,G. M. Walters Middle,walt***@gmail.com
California,Fremont Unified,Elementary School,Glenmoor Elementary,glen***@gmail.com
California,Fremont Unified,Elementary School,Harvey Green Elementary, har***@gmail.com.
California,Fremont Unified,High School,Irvington High,pres***@gmail.com
California,Fremont Unified,Elementary School,J. Haley Durham Elementary, the***@gmail.com
California,Fremont Unified,High School,John F. Kennedy High,jfkp***@gmail.com
California,Fremont Unified,Elementary School,John G. Mattos Elementary,Matt***@gmail.com
California,Fremont Unified,Elementary School,John Gomes Elementary,gome***@gmail.com
California,Fremont Unified,Elementary School,Joseph Azevada Elementary,azev***@azevada.org
California,Fremont Unified,Elementary School,Joshua Chadbourne Elementary,pres***@cffaonline.org
California,Fremont Unified,Elementary School,Mission San Jose Elementary, msj***@gmail.com
California,Fremont Unified,High School,Mission San Jose High,vp.b***@gmail.com
California,Fremont Unified,Elementary School,O. N. Hirsch Elementary,pta.***@gmail.com
California,Fremont Unified,Elementary School,Oliveira Elementary,oliv***@gmail.com
California,Fremont Unified,Elementary School,Parkmont Elementary,park***@gmail.com
California,Fremont Unified,Elementary School,Patterson Elementary,patt***@gmail.com
California,Fremont Unified,Elementary School,Steven Millard Elementary,stev***@gmail.com 
California,Fremont Unified,Middle School,Thornton Middle,pres***@thorntonptsa.org
California,Fremont Unified,Elementary School,Tom Maloney Elementary,pres***@maloneypta.org
California,Fremont Unified,Elementary School,Vallejo Mill Elementary,vall***@gmail.com
California,Fremont Unified,Elementary School,Warm Springs Elementary,warm***@gmail.com
California,Fremont Unified,Elementary School,Warwick Elementary,warw***@gmail.com
California,Fremont Unified,High School,Washington High,pres***@gmail.com
California,Fremont Unified,Middle School,William Hopkins Middle, pre***@hopkinspfa.org
California,Hayward Unified School District,Elementary School,Cherryland Elementary School,PTOC***@gmail.com
California,Hayward Unified School District,Elementary School,East Avenue Elementary School,east***@gmail.com
California,Hayward Unified School District,Elementary School,Eden Gardens Elementary School,ptsa***@gmail.com
California,Hayward Unified School District,Elementary School,Fairview Elementary School,ptaf***@gmail.com
California,Hayward Unified School District,Elementary School,Harder Elementary, har***@gmail.com
California,Hayward Unified School District,Elementary School,Lorin Eden Elementary School, lor***@gmail.com
California,Hayward Unified School District, Middle School,Martin Luther King Jr. Middle School,mlkm***@gmail.com
California,Hayward Unified School District,High School,Mt. Eden High School, isa***@husd.us. 
California,Hayward Unified School District,Elementary School,Palma Ceia Elementary School,cvel***@husd.k12.ca.us
California,Hayward Unified School District,Elementary School,Park Elementary School,smor***@husd.k12.ca.us
California,Hayward Unified School District,Elementary School,Ruus Elementary School,mr78***@husd.k12.ca.us
California,Hayward Unified School District,Elementary School,Schafer Park Elementary School,PTAs***@gmail.com
California,Hayward Unified School District,Elementary School,Southgate Elementary School,sout***@gmail.com
California,Hayward Unified School District,Elementary School,Stonebrae Elementary School,walf***@husd.k12.ca.us
California,Hayward Unified School District,High School,Tennyson High School,jm36***@husd.k12.ca.us
California,Hayward Unified School District,Elementary School,Treeview Elementary School,tree***@gmail.com
California,Hayward Unified School District, Middle School,Winton Middle School,@hus***@husd.k12.ca.us
California,Hillsborough City School District,Middle School,Crocker Middle,ketk***@gmail.com
California,Hillsborough City School District,,South Hillsborough,pres***@southparents.org
California,Hillsborough City School District,,West Hillsborough,hill***@gmail.com
California,https://www.rcsdk8.net/,Elementary School,Clifford Elementary,pres***@cliffordschoolpto.org
California,https://www.rcsdk8.net/,Elementary School,Henry Ford Elementary,pres***@henryfordpta.org 
California,https://www.rcsdk8.net/,Middle School,John F. Kennedy Middle, inf***@kennedycougarspto.org.
California,https://www.rcsdk8.net/,,North Star Academy,clew***@hotmail.com
California,https://www.rcsdk8.net/,Middle School,Roosevelt Elementary,alli***@roosevelt-pta.com
California,https://www.rcsdk8.net/,Middle School,Roy Cloud Elementary,pres***@roycloudpto.com
California,https://www.srvusd.net/,Elementary School,Alamo Elementary,alam***@gmail.com
California,https://www.srvusd.net/,Elementary School,Bella Vista Elementary,bvpt***@gmail.com
California,https://www.srvusd.net/,Elementary School,Bollinger Canyon Elementary, bcp***@gmail.com
California,https://www.srvusd.net/, High School,California High, chs***@calhighptsa.org
California,https://www.srvusd.net/,Middle School,Charlotte Wood Middle,admi***@CharlotteWoodPTA.org 
California,https://www.srvusd.net/,Elementary School,Country Club Elementary,info***@ccpta.org
California,https://www.srvusd.net/,Elementary School,Coyote Creek Elementary,pres***@coyotecreekpta.com
California,https://www.srvusd.net/,Elementary School,Creekside Elementary,cree***@gmail.com
California,https://www.srvusd.net/,Middle School,Diablo Vista Middle,dvms***@gmail.com
California,https://www.srvusd.net/, High School,Dougherty Valley High,dvhs***@gmail.com
California,https://www.srvusd.net/,Middle School,Gale Ranch Middle, grm***@gmail.com.
California,https://www.srvusd.net/,Elementary School,Golden View Elementary,gold***@gmail.com
California,https://www.srvusd.net/,Elementary School,Green Valley Elementary,Mary***@yahoo.com
California,https://www.srvusd.net/,Elementary School,Greenbrook Elementary, inf***@greenbrookpta.org
California,https://www.srvusd.net/,Elementary School,Hidden Hills Elementary,hidd***@srvcouncilpta.org
California,https://www.srvusd.net/,Middle School,Iron Horse Middle, Inf***@IronHorsePTA.com
California,https://www.srvusd.net/,Elementary School,John Baldwin Elementary,JBPT***@gmail.com
California,https://www.srvusd.net/,Elementary School,Live Oak Elementary,comm***@liveoakpta.net
California,https://www.srvusd.net/,Middle School,Los Cerros Middle,Pres***@loscerrospta.org
California,https://www.srvusd.net/,Elementary School,Montevideo Elementary,pres***@montevideopta.net         
California,https://www.srvusd.net/,Elementary School,Neil A. Armstrong Elementary, inf***@neilarmstrongpta.org 
California,https://www.srvusd.net/,Middle School,Pine Valley Middle,pres***@pinevalleypta.org
California,https://www.srvusd.net/,Elementary School,Quail Run Elementary,qrep***@gmail.com
California,https://www.srvusd.net/,Elementary School,Rancho Romero Elementary, pre***@ranchoromero.org
California,https://www.srvusd.net/, High School,San Ramon Valley High, sch***@comcast.net.
California,https://www.srvusd.net/,Middle School,Stone Valley Middle,pres***@stonevalleypta.org 
California,https://www.srvusd.net/,Elementary School,Tassajara Hills Elementary, pre***@tassajarahilspta.org
California,https://www.srvusd.net/,Elementary School,Twin Creeks Elementary,Info***@TwinCreeksPTA.com
California,https://www.srvusd.net/,Elementary School,Vista Grande Elementary, vge***@gmail.com
California,Las Lomitas Elementary School District,Middle School,La Entrada Middle,pres***@laentradapta.org.
California,Los Altos School District,Elementary School,Almond Elementary,info***@almondpta.org.
California,Los Altos School District,Elementary School,Covington Elementary, pre***@covington-pta.org
California,Los Altos School District,Elementary School,Loyola Elementary,Loyo***@gmail.com.
California,Los Altos School District,Elementary School,Springer Elementary,pres***@springerpta.org
California,Menlo Park City School District,Elementary School,Encinal Elementary,ptop***@encinalschool.com
California,Menlo Park City School District,Middle School,Hillview Middle, aft***@hillviewpto.org.
California,Menlo Park City School District,Elementary School,Laurel Elementary,pres***@laurelpto.org.
California,Milpitas Unified School District,Elementary School,Alexander Rose Elementary,Rose***@gmail.com
California,Milpitas Unified School District,Elementary School,Curtner Elementary,info***@curtner-pta.org 
California,Milpitas Unified School District,Elementary School,John Sinnott Elementary,sinn***@gmail.com
California,Milpitas Unified School District,Elementary School,Joseph Weller Elementary, jos***@gmail.com
California,Milpitas Unified School District,Elementary School,Marshall Pomeroy Elementary, Pom***@gmail.com
California,Milpitas Unified School District,Elementary School,Pearl Zanker Elementary, inf***@zankerpta.org
California,Milpitas Unified School District,Middle School,Rancho Milpitas Middle,PTSA***@gmail.com
California,Milpitas Unified School District,,Robert Randall World Languages,rand***@gmail.com  
California,Milpitas Unified School District,Elementary School,William Burnett Elementary,wbur***@gmail.com
California,New Haven Unified School District,Elementary School,Delaine Eastin Elementary,east***@gmail.com 
California,New Haven Unified School District,Elementary School,Pioneer Elementary,PTOP***@gmail.com
California,New Haven Unified School District,Elementary School,Tom Kitayama Elementary, kit***@gmail.com
California,Newark Unified School District,,Birch Grove Intermediate, inf***@birchgroveptc.com
California,Newark Unified School District,Elementary School,John F. Kennedy Elementary,pta.***@gmail.com
California,Newark Unified School District,Elementary School,Lincoln Elementary,Pres***@LincolnPALSClub.com
California,Newark Unified School District,High School,Newark Memorial High,PTSA***@gmail.com
California,Newark Unified School District,Middle School,Newark Middle, pts***@gmail.com
California,Piedmont Unified School District,Elementary School,Beach Elementary,mxs4***@gmail.com
California,Piedmont Unified School District,Elementary School,Havens Elementary,have***@gmail.com 
California,Piedmont Unified School District,,Millennium High Alternative, mil***@gmail.com
California,Piedmont Unified School District, High School,Piedmont High,sall***@thebaacks.com
California,Pleasanton Unified School District,Elementary School,Alisal Elementary, com***@alisalpta.org 
California,Pleasanton Unified School District,,Amador Valley High, inf***@amadorptsa.com 
California,Pleasanton Unified School District,Elementary School,Donlon Elementary, vpc***@gmail.com
California,Pleasanton Unified School District,Elementary School,Fairlands Elementary,pres***@fairlandspta.com
California,Pleasanton Unified School District,,Foothill High, inf***@foothillptsa.org.
California,Pleasanton Unified School District,Middle School,Harvest Park Middle,erni***@harvestparkpta.org.
California,Pleasanton Unified School District,Elementary School,Henry P. Mohr Elementary, pre***@mohrpta.org
California,Pleasanton Unified School District,Elementary School,Lydiksen Elementary,pres***@lydiksenpfc.org
California,Pleasanton Unified School District,Elementary School,Phoebe Apperson Hearst Elementary, vpc***@hearstpta.com
California,Pleasanton Unified School District,Middle School,Pleasanton Middle,pres***@pmsptsa.com
California,Pleasanton Unified School District,,The Pleasanton Virtual Academy,snc@***@pleasantonpta.org
California,Pleasanton Unified School District,Middle School,Thomas S. Hart Middle,pres***@gmail.com
California,Pleasanton Unified School District,Elementary School,Valley View Elementary, com***@vvespta.org
California,Pleasanton Unified School District,Elementary School,Vintage Hills Elementary, pre***@vintagehillspta.org
California,Pleasanton Unified School District,Elementary School,Walnut Grove Elementary,pta@***@walnutgrovepta.org
California,Portola Valley School District,,Corte Madera,cmsp***@pvpto.com
California,Portola Valley School District,Elementary School,Ormondale Elementary,ormp***@pvpto.com
California,San Bruno Park School District,Elementary School,Allen (Decima M.) Elementary, inf***@capta.org
California,San Bruno Park School District,Elementary School,Belle Air Elementary,anmo***@outlook.com
California,San Bruno Park School District,Elementary School,John Muir Elementary,info***@johnmuirpta.org
California,San Bruno Park School District,Elementary School,Portola Elementary, inf***@portolapta.org
California,San Carlos School District,Elementary School,Arundel Elementary, pre***@arundelpta.org
California,San Carlos School District,Middle School,Tierra Linda Middle,Pres***@tlm-pta.org
California,San Lorenzo Unified School District,Elementary School,Bay Elementary,  Ba***@gmail.com
California,San Lorenzo Unified School District,Elementary School,Corvallis Elementary,corv***@gmail.com
California,San Lorenzo Unified School District,Elementary School,Dayton Elementary,dayt***@gmail.com
California,San Lorenzo Unified School District,Elementary School,Del Rey Elementary,delr***@gmail.com
California,San Lorenzo Unified School District,High School,San Lorenzo High,griz***@gmail.com
California,San Mateo Union High School District,High School,Aragon High,	Pre***@aragonptso.org 
California,San Mateo Union High School District,High School,Capuchino High, cap***@gmail.com  
California,San Mateo Union High School District,High School,Hillsdale High, hhs***@gmail.com
California,San Mateo Union High School District,High School,Mills High, inf***@millshsathleticboosters.org
California,San Mateo Union High School District,High School,San Mateo High, smh***@gmail.com
California,San Mateo-Foster City School District,Elementary School,Audubon Elementary,pres***@audubonpta.org 
California,San Mateo-Foster City School District,,Bayside Academy, tas***@gmail.com
California,San Mateo-Foster City School District,Elementary School,Beach Park Elementary, pre***@beachparkpta.org
California,San Mateo-Foster City School District,Elementary School,Beresford Elementary,pres***@beresfordpta.com
California,San Mateo-Foster City School District,Middle School,Borel Middle,	Lea***@borelbobcats.org 
California,San Mateo-Foster City School District,Middle School,Bowditch Middle,Comm***@bowditchptsa.org
California,San Mateo-Foster City School District,Elementary School,Brewer Island Elementary, bie***@gmail.com 
California,San Mateo-Foster City School District,Elementary School,College Park Elementary, hel***@collegeparkpta.org
California,San Mateo-Foster City School District,Elementary School,Fiesta Gardens International Elementary,pres***@fiestagardenspta.org
California,San Mateo-Foster City School District,Elementary School,Foster City Elementary,fces***@gmail.com
California,San Mateo-Foster City School District,Elementary School,George Hall Elementary, spa***@georgehallpta.org 
California,San Mateo-Foster City School District,Elementary School,Highlands Elementary, hig***@gmail.com
California,San Mateo-Foster City School District,Elementary School,Laurel Elementary,comm***@laurelpta.org
California,San Mateo-Foster City School District,Elementary School,Lead Elementary,info***@leadpta.org
California,San Mateo-Foster City School District,,North Shoreview Montessori,ptap***@nsmontessori.org
California,San Mateo-Foster City School District,,Parkside Montessori,pres***@parksidepta.com
California,San Mateo-Foster City School District,Elementary School,San Mateo Park Elementary,smpa***@gmail.com
California,San Mateo-Foster City School District,Elementary School,Sunnybrae Elementary, pre***@sunnybraepta.org
California,Sequoia Union High School District, High School,Carlmont High,pres***@carlmontptsa.org
California,Sequoia Union High School District, High School,Menlo-Atherton High,pres***@maptabears.com
California,Sequoia Union High School District, High School,Sequoia High,Sequ***@gmail.com.
California,Sequoia Union High School District, High School,Woodside High, vic***@gmail.com
California,SFUSD,Elementary School,Alamo Elementary,PTA@***@friendsofalamo.org
California,SFUSD,Elementary School,Alvarado Elementary,pres***@alvaradoschool.net
California,SFUSD,Middle School,Aptos Middle,apto***@gmail.com
California,SFUSD,,Asawa (Ruth) SF Sch of the Arts,asaw***@gmail.com
California,SFUSD,High School,Balboa High,BALB***@CYCSF.ORG
California,SFUSD,Middle School,Brown Jr. (Willie L) Middle,ptsa***@gmail.com
California,SFUSD,,Burton (Phillip and Sala) Academic High, Bur***@gmail.com
California,SFUSD,,Carmichael (Bessie)/FEC,bcar***@gmail.com
California,SFUSD,,Chinese Immersion School at DeAvila,kath***@cispta.org
California,SFUSD,Middle School,Denman (James) Middle,pres***@denmanptsa.org
California,SFUSD,Elementary School,Feinstein (Dianne) Elementary, fei***@gmail.com
California,SFUSD,Elementary School,Flynn (Leonard R.) Elementary,lrfl***@gmail.com
California,SFUSD,Middle School,Francisco Middle,PTOB***@FranciscoPTO.org
California,SFUSD,High School,Galileo High,pres***@galileoptsa.org
California,SFUSD,Middle School,Giannini (A.P.) Middle,Gian***@gmail.com
California,SFUSD,Elementary School,Glen Park Elementary, pto***@glenparkschool.org
California,SFUSD,Elementary School,Grattan Elementary,grat***@gmail.com
California,SFUSD,Middle School,Hoover (Herbert) Middle,Hoov***@gmail.com
California,SFUSD,Elementary School,Key (Francis Scott) Elementary,pres***@francisscottkeyschool.org
California,SFUSD,Elementary School,Lafayette Elementary,lafa***@gmail.com
California,SFUSD,,Lawton Alternative,offi***@lawtonpta.com
California,SFUSD,Middle School,Lick (James) Middle, pts***@jameslickmiddleschool.org
California,SFUSD,High School,Lincoln (Abraham) High, alh***@gmail.com
California,SFUSD,Elementary School,Longfellow Elementary, pre***@longfellowsfpta.org
California,SFUSD,High School,Lowell High, Low***@gmail.com 
California,SFUSD,Middle School,Marina Middle,Mari***@gmail.com
California,SFUSD,Elementary School,Marshall Elementary,mesf***@gmail.com
California,SFUSD,Elementary School,McCoppin (Frank) Elementary, pto***@fmespto.org
California,SFUSD,Elementary School,McKinley Elementary, pta***@mckinleyschool.org.
California,SFUSD,Elementary School,Milk (Harvey) Civil Rights Elementary, pre***@harveymilkpfc.org
California,SFUSD,Elementary School,Parks (Rosa) Elementary, Ros***@gmail.com
California,SFUSD,Middle School,Presidio Middle,pres***@presidioptsa.com
California,SFUSD,Elementary School,Redding Elementary, Red***@gmail.com
California,SFUSD,Elementary School,Revere (Paul) Elementary, rev***@gmail.com
California,SFUSD,Elementary School,Rooftop Elementary,pta@***@rooftopk8.org
California,SFUSD,Elementary School,Sherman Elementary, pta***@shermanschool.org
California,SFUSD,Elementary School,Spring Valley Elementary,SVSS***@gmail.com
California,SFUSD,Elementary School,Sutro Elementary,sutr***@gmail.com
California,SFUSD,Elementary School,Ulloa Elementary,ullo***@gmail.com
California,SFUSD,High School,Wallenberg (Raoul) Traditional High, Wal***@gmail.com
California,SFUSD,High School,Washington (George) High,pres***@gwhsptsa.com
California,SFUSD,Elementary School,Webster (Daniel) Elementary,exec***@dwpta.org
California,SLUSD.us,Elementary School,Halkin Elementary,Halk***@gmail.com
California,SLUSD.us,Elementary School,Roosevelt Elementary, pta***@gmail.com 
California,South San Francisco Unified School District,Middle School,Alta Loma Middle,Alta***@gmail.com 
California,South San Francisco Unified School District,Elementary School,Buri Buri Elementary,buri***@gmail.com
California,South San Francisco Unified School District,Elementary School,Monte Verde Elementary, pre***@monteverdepta.com
California,South San Francisco Unified School District,Elementary School,Ponderosa Elementary,pond***@gmail.com
California,Sunnyvale School District,Elementary School,Bishop Elementary,bish***@gmail.com
California,Sunnyvale School District,Elementary School,Cherry Chase Elementary, wat***@cherrychasepta.org
California,Sunnyvale School District,Middle School,Columbia Middle,cms-***@sesd.org
California,Sunnyvale School District,Elementary School,Cumberland Elementary, web***@cumberlandpta.org
California,Sunnyvale School District,Elementary School,Ellis Elementary,info***@ellispta.org
California,Sunnyvale School District,Elementary School,San Miguel Elementary, san***@gmail.com
California,Sunnyvale School District,Middle School,Sunnyvale Middle, ​pr***@gmail.com
California,Walnut Creek School District,Elementary School,Buena Vista Elementary,Pres***@buenavistapta.org
California,Walnut Creek School District,Elementary School,Indian Valley Elementary,IVPa***@gmail.com
California,Walnut Creek School District,Elementary School,Murwood Elementary,murw***@gmail.com
California,Walnut Creek School District,,Tice Creek, con***@wcefk12.org
California,Walnut Creek School District,,Walnut Creek Intermediate,waln***@gmail.com.
Nebraska,Millard Public Schools,Elementary School,Aldrich Elementary, Hel***@gmail.com
Nebraska,Millard Public Schools,Elementary School,Ezra Millard Elementary Sch,pto.***@gmail.com
Nebraska,Millard Public Schools,Elementary School,J Sterling Morton Elem School, pta***@gmail.com
Nebraska,Millard Public Schools,High School,Millard North High School, MNH***@gmail.com
Nebraska,Millard Public Schools,Elementary School,Montclair Elementary School,mont***@gmail.com 
Nebraska,Millard Public Schools,Elementary School,Neihardt Elementary School,aman***@gmail.com.
Nebraska,Millard Public Schools,Elementary School,Norman Rockwell Elem School, roc***@mpsfoundation.org
Nebraska,Millard Public Schools,Elementary School,Norris Elementary School, Con***@NorrisPTOMillard.org
Nebraska,Millard Public Schools,Elementary School,Reeder Elementary School, ree***@gmail.com
Nebraska,Millard Public Schools,Elementary School,Rohwer Elementary School,rohw***@gmail.com
Nebraska,Millard Public Schools,Elementary School,Sandoz Elementary School,sand***@gmail.com
Nebraska,Millard Public Schools,Elementary School,Wheeler Elementary School,whee***@gmail.com
Nebraska,Omaha Public Schools,Middle School,Alfonza W Davis Middle School, Dav***@gmail.com
Nebraska,Omaha Public Schools,Middle School,Alice Buffett Magnet Middle School, buf***@gmail.com 
Nebraska,Omaha Public Schools,Elementary School,Bancroft Elementary School,pres***@bancroftpto.org
Nebraska,Omaha Public Schools,Middle School,Bryan Middle School,karr***@ops.org
Nebraska,Omaha Public Schools,Elementary School,Castelar Elementary School, Emm***@ops.org
Nebraska,Omaha Public Schools,High School,Central High School,omah***@gmail
Nebraska,Omaha Public Schools,Elementary School,Columbian Elementary School, col***@gmail.com
Nebraska,Omaha Public Schools,Elementary School,Dundee Elementary School,dund***@gmail.com
Nebraska,Omaha Public Schools,Elementary School,Field Club Elementary School,mary***@ops.org
Nebraska,Omaha Public Schools,Elementary School,Florence Elementary School,hann***@ops.org
Nebraska,Omaha Public Schools,Elementary School,Gomez Heritage Elementary School,nikk***@ops.org
Nebraska,Omaha Public Schools,Elementary School,Harrison Elementary School,harr***@gmail.com
Nebraska,Omaha Public Schools,Elementary School,Jackson Elementary School, ops***@ops.org
Nebraska,Omaha Public Schools,Elementary School,Joslyn Elementary School,Josl***@gmail.com
Nebraska,Omaha Public Schools,Middle School,Lewis & Clark Middle School, Bla***@gmail.com
Nebraska,Omaha Public Schools,Middle School,Morton Magnet Middle School, mat***@ops.org
Nebraska,Omaha Public Schools,High School,North High School, Oma***@gmail.com
Nebraska,Omaha Public Schools,Elementary School,Ponca Elementary School,ponc***@gmail.com
Nebraska,Omaha Public Schools,Elementary School,Prairie Wind Elementary School,ptop***@gmail.com
Nebraska,Omaha Public Schools,Elementary School,Rose Hill Elementary School,rose***@gmail.com
Nebraska,Omaha Public Schools,Elementary School,Saddlebrook Elementary School,ambe***@gmail.com
Nebraska,Omaha Public Schools,Elementary School,Standing Bear Elementary School, pto***@gmail.com
Nebraska,Omaha Public Schools,Elementary School,Sunny Slope Elementary School, pta***@gmail.com
Nebraska,Westside Community Schools,Elementary School,Hillside Elementary School,D66H***@gmail.com
Nebraska,Westside Community Schools,Elementary School,Loveland Elementary School, lov***@gmail.com
Nebraska,Westside Community Schools,Elementary School,Oakdale Elementary School,jage***@westside66.net
Nebraska,Westside Community Schools,Elementary School,Paddock Road Elementary School,padd***@gmail.com
Nebraska,Westside Community Schools,Elementary School,Westbrook Elementary School, wes***@outlook.com
Nebraska,Westside Community Schools,Elementary School,Westgate Elementary School,west***@gmail.com
Nebraska,Westside Community Schools,High School,Westside High School,whsc***@gmail.com
Nebraska,Westside Community Schools,Middle School,Westside Middle School,cogs***@gmail.com
Tennessee,Metropolitan Nashville Public Schools,High School,Hume - Fogg High, hum***@gmail.com
Tennessee,Metropolitan Nashville Public Schools,Elementary Schools,Tulip Grove Elementary,tuli***@gmail.com
Tennessee,Franklin Special District,Middle School,Freedom Middle School, fms***@gmail.com
Tennessee,Franklin Special District,Elementary Schools,Johnson Elementary, joh***@gmail.com.
Tennessee,Franklin Special District,Elementary Schools,Liberty Elementary,mega***@gmail.com
Tennessee,Franklin Special District,Elementary Schools,Moore Elementary, moo***@gmail.com
Tennessee,Franklin Special District,,Poplar Grove 5-8,laur***@gmail.com
Tennessee,Franklin Special District,,Poplar Grove K-4,laur***@gmail.com
Tennessee,Williamson County Schools,Elementary Schools,Allendale Elementary School, Tre***@allendalepto.com
Tennessee,Williamson County Schools,Elementary Schools,Amanda H. North Elementary School,pto@***@ahnorthpto.org
Tennessee,Williamson County Schools,Elementary Schools,Arrington Elementary School,arri***@gmail.com
Tennessee,Williamson County Schools,Elementary Schools,Bethesda Elementary,beth***@gmail.com
Tennessee,Williamson County Schools,High School,Brentwood High School,pres***@gmail.com
Tennessee,Williamson County Schools,Middle School,Brentwood Middle School, bms***@gmail.com 
Tennessee,Williamson County Schools,High School,Centennial High School,chsp***@gmail.com
Tennessee,Williamson County Schools,Elementary Schools,Chapman's Retreat Elementary,chap***@gmail.com  
Tennessee,Williamson County Schools,Elementary Schools,Clovercroft Elementary School,pres***@clovercroftpto.org
Tennessee,Williamson County Schools,Elementary Schools,Creekside Elementary School,pres***@gmail.com
Tennessee,Williamson County Schools,Elementary Schools,Edmondson Elementary, inf***@ptoees.org
Tennessee,Williamson County Schools,Elementary Schools,Fairview Elementary, pto***@yahoo.com
Tennessee,Williamson County Schools,Middle School,Fairview Middle School,fair***@gmail.com
Tennessee,Williamson County Schools,High School,Franklin High School,fhsp***@gmail.com
Tennessee,Williamson County Schools,High School,Fred J Page High School,pto4***@gmail.com
Tennessee,Williamson County Schools,Middle School,Fred J Page Middle School, pag***@gmail.com
Tennessee,Williamson County Schools,Elementary Schools,Grassland Elementary,eyra***@gmail.com
Tennessee,Williamson County Schools,Middle School,Grassland Middle School, gra***@gmail.com
Tennessee,Williamson County Schools,Elementary Schools,Heritage Elementary, hes***@gmail.com 
Tennessee,Williamson County Schools,Middle School,Heritage Middle School,info***@heritagemiddlepto.org
Tennessee,Williamson County Schools,Elementary Schools,Hillsboro Elementary/ Middle School, hem***@gmail.com
Tennessee,Williamson County Schools,Elementary Schools,Hunters Bend Elementary,comm***@hbespto.org
Tennessee,Williamson County Schools,High School,Independence High School,IHSP***@gmail.com
Tennessee,Williamson County Schools,Elementary Schools,Jordan Elementary School,jord***@gmail.com
Tennessee,Williamson County Schools,Elementary Schools,Kenrose Elementary,kenr***@gmail.com
Tennessee,Williamson County Schools,Middle School,Legacy Middle School,meag***@gmail.com
Tennessee,Williamson County Schools,Elementary Schools,Lipscomb Elementary,Pres***@Lipscombpto.com 
Tennessee,Williamson County Schools,Elementary Schools,Mill Creek Elementary School,mces***@gmail.com
Tennessee,Williamson County Schools,Middle School,Mill Creek Middle School,mcms***@gmail.com
Tennessee,Williamson County Schools,Elementary Schools,Nolensville Elementary,nesp***@gmail.com
Tennessee,Williamson County Schools,High School,Nolensville High School,ptso***@gmail.com
Tennessee,Williamson County Schools,Elementary Schools,Oak View Elem School,Oves***@gmail.com
Tennessee,Williamson County Schools,High School,Ravenwood High School,pto4***@gmail.com 
Tennessee,Williamson County Schools,Elementary Schools,Scales Elementary,ptos***@gmail.com
Tennessee,Williamson County Schools,High School,Summit High School,pres***@summithighptso.com
Tennessee,Williamson County Schools,Elementary Schools,Sunset Elementary School,ptos***@gmail.com
Tennessee,Williamson County Schools,Middle School,Sunset Middle School,suns***@gmail.com
Tennessee,Williamson County Schools,Middle School,Thompson's Station Middle School,TSMS***@gmail.com
Tennessee,Williamson County Schools,Elementary Schools,Trinity Elementary,kdou***@gmail.com  
Tennessee,Williamson County Schools,Elementary Schools,Walnut Grove Elementary,virg***@gmail.com
Tennessee,Williamson County Schools,Elementary Schools,Winstead Elementary School,Tiff***@gmail.com
Tennessee,Williamson County Schools,Middle School,Woodland Middle School,wood***@gmail.com
